Build & Test Android Companion	Inspect Wearables Class	﻿2026-07-16T08:05:30.3879362Z ##[group]Run find ~/.gradle/caches/modules-2/files-2.1/com.meta.wearable -name "*.aar" -exec unzip -o {} classes.jar \; -exec unzip -o classes.jar -d classes_out \; || true
Build & Test Android Companion	Inspect Wearables Class	2026-07-16T08:05:30.3880548Z ^[[36;1mfind ~/.gradle/caches/modules-2/files-2.1/com.meta.wearable -name "*.aar" -exec unzip -o {} classes.jar \; -exec unzip -o classes.jar -d classes_out \; || true^[[0m
Build & Test Android Companion	Inspect Wearables Class	2026-07-16T08:05:30.3881342Z ^[[36;1mjavap -p classes_out/com/meta/wearable/dat/core/Wearables.class || true^[[0m
Build & Test Android Companion	Inspect Wearables Class	2026-07-16T08:05:30.3881867Z ^[[36;1mjavap -p classes_out/com/meta/wearable/dat/core/WearablesKt.class || true^[[0m
Build & Test Android Companion	Inspect Wearables Class	2026-07-16T08:05:30.3882443Z ^[[36;1mjavap -p classes_out/com/meta/wearable/dat/core/session/SessionKt.class || true^[[0m
Build & Test Android Companion	Inspect Wearables Class	2026-07-16T08:05:30.3914563Z shell: /usr/bin/bash -e {0}
Build & Test Android Companion	Inspect Wearables Class	2026-07-16T08:05:30.3914807Z env:
Build & Test Android Companion	Inspect Wearables Class	2026-07-16T08:05:30.3915076Z   JAVA_HOME: /opt/hostedtoolcache/Java_Zulu_jdk/17.0.19-10/x64
Build & Test Android Companion	Inspect Wearables Class	2026-07-16T08:05:30.3915497Z   JAVA_HOME_17_X64: /opt/hostedtoolcache/Java_Zulu_jdk/17.0.19-10/x64
Build & Test Android Companion	Inspect Wearables Class	2026-07-16T08:05:30.3915861Z ##[endgroup]
Build & Test Android Companion	Inspect Wearables Class	2026-07-16T08:05:30.4001693Z Archive:  /home/runner/.gradle/caches/modules-2/files-2.1/com.meta.wearable/mwdat-camera/0.8.0/4dd2f9db56d4aae2bff2b6233e5ade6580b296b1/mwdat-camera-0.8.0.aar
Build & Test Android Companion	Inspect Wearables Class	2026-07-16T08:05:30.4133895Z   inflating: classes.jar             
Build & Test Android Companion	Inspect Wearables Class	2026-07-16T08:05:30.4164019Z Archive:  classes.jar
Build & Test Android Companion	Inspect Wearables Class	2026-07-16T08:05:30.4183859Z   inflating: classes_out/META-INF/MANIFEST.MF  
Build & Test Android Companion	Inspect Wearables Class	2026-07-16T08:05:30.4214762Z   inflating: classes_out/META-INF/LICENSE  
Build & Test Android Companion	Inspect Wearables Class	2026-07-16T08:05:30.4218608Z   inflating: classes_out/META-INF/NOTICE  
Build & Test Android Companion	Inspect Wearables Class	2026-07-16T08:05:30.4234366Z   inflating: classes_out/META-INF/fbandroid.java.com.meta.wearable.dat.camera.camera.kotlin_module  
Build & Test Android Companion	Inspect Wearables Class	2026-07-16T08:05:30.4265259Z   inflating: classes_out/_STRIPPED_RESOURCES/metagen/com/facebook/soloader/annotation/SoLoaderLibrary/SoLoaderLibrary_com.facebook.wearable.mediastream.sessionx.services.connection.jni.ConnectionLibraryLoader.json  
Build & Test Android Companion	Inspect Wearables Class	2026-07-16T08:05:30.4285042Z   inflating: classes_out/_STRIPPED_RESOURCES/metagen/com/facebook/soloader/annotation/SoLoaderLibrary/SoLoaderLibrary_com.facebook.wearable.mediastream.sessionx.session.jni.SessionHybrid.json  
Build & Test Android Companion	Inspect Wearables Class	2026-07-16T08:05:30.4294118Z   inflating: classes_out/com/facebook/wearable/common/comms/rtc/hera/proto/Audio.class  
Build & Test Android Companion	Inspect Wearables Class	2026-07-16T08:05:30.4304322Z   inflating: classes_out/com/facebook/wearable/common/comms/rtc/hera/proto/AudioCapability$1.class  
Build & Test Android Companion	Inspect Wearables Class	2026-07-16T08:05:30.4324241Z   inflating: classes_out/com/facebook/wearable/common/comms/rtc/hera/proto/AudioCapability$Builder.class  
Build & Test Android Companion	Inspect Wearables Class	2026-07-16T08:05:30.4344235Z   inflating: classes_out/com/facebook/wearable/common/comms/rtc/hera/proto/AudioCapability.class  
Build & Test Android Companion	Inspect Wearables Class	2026-07-16T08:05:30.4364326Z   inflating: classes_out/com/facebook/wearable/common/comms/rtc/hera/proto/AudioCapabilityOrBuilder.class  
Build & Test Android Companion	Inspect Wearables Class	2026-07-16T08:05:30.4365817Z   inflating: classes_out/com/facebook/wearable/common/comms/rtc/hera/proto/AudioError$1.class  
Build & Test Android Companion	Inspect Wearables Class	2026-07-16T08:05:30.4393153Z   inflating: classes_out/com/facebook/wearable/common/comms/rtc/hera/proto/AudioError$AudioErrorVerifier.class  
Build & Test Android Companion	Inspect Wearables Class	2026-07-16T08:05:30.4404626Z   inflating: classes_out/com/facebook/wearable/common/comms/rtc/hera/proto/AudioError.class  
Build & Test Android Companion	Inspect Wearables Class	2026-07-16T08:05:30.4424341Z   inflating: classes_out/com/facebook/wearable/common/comms/rtc/hera/proto/AudioStreamControlMessage$1.class  
Build & Test Android Companion	Inspect Wearables Class	2026-07-16T08:05:30.4425796Z   inflating: classes_out/com/facebook/wearable/common/comms/rtc/hera/proto/AudioStreamControlMessage$Builder.class  
Build & Test Android Companion	Inspect Wearables Class	2026-07-16T08:05:30.4427314Z   inflating: classes_out/com/facebook/wearable/common/comms/rtc/hera/proto/AudioStreamControlMessage$PayloadCase.class  
Build & Test Android Companion	Inspect Wearables Class	2026-07-16T08:05:30.4428757Z   inflating: classes_out/com/facebook/wearable/common/comms/rtc/hera/proto/AudioStreamControlMessage.class  
Build & Test Android Companion	Inspect Wearables Class	2026-07-16T08:05:30.4430178Z   inflating: classes_out/com/facebook/wearable/common/comms/rtc/hera/proto/AudioStreamControlMessageOrBuilder.class  
Build & Test Android Companion	Inspect Wearables Class	2026-07-16T08:05:30.4431533Z   inflating: classes_out/com/facebook/wearable/common/comms/rtc/hera/proto/AudioStreamEnd$1.class  
Build & Test Android Companion	Inspect Wearables Class	2026-07-16T08:05:30.4432768Z   inflating: classes_out/com/facebook/wearable/common/comms/rtc/hera/proto/AudioStreamEnd$Builder.class  
Build & Test Android Companion	Inspect Wearables Class	2026-07-16T08:05:30.4434597Z   inflating: classes_out/com/facebook/wearable/common/comms/rtc/hera/proto/AudioStreamEnd.class  
Build & Test Android Companion	Inspect Wearables Class	2026-07-16T08:05:30.4435859Z   inflating: classes_out/com/facebook/wearable/common/comms/rtc/hera/proto/AudioStreamEndOrBuilder.class  
Build & Test Android Companion	Inspect Wearables Class	2026-07-16T08:05:30.4437129Z   inflating: classes_out/com/facebook/wearable/common/comms/rtc/hera/proto/AudioStreamError$1.class  
Build & Test Android Companion	Inspect Wearables Class	2026-07-16T08:05:30.4438376Z   inflating: classes_out/com/facebook/wearable/common/comms/rtc/hera/proto/AudioStreamError$Builder.class  
Build & Test Android Companion	Inspect Wearables Class	2026-07-16T08:05:30.4439643Z   inflating: classes_out/com/facebook/wearable/common/comms/rtc/hera/proto/AudioStreamError.class  
Build & Test Android Companion	Inspect Wearables Class	2026-07-16T08:05:30.4440929Z   inflating: classes_out/com/facebook/wearable/common/comms/rtc/hera/proto/AudioStreamErrorOrBuilder.class  
Build & Test Android Companion	Inspect Wearables Class	2026-07-16T08:05:30.4442217Z   inflating: classes_out/com/facebook/wearable/common/comms/rtc/hera/proto/AudioStreamInfo$1.class  
Build & Test Android Companion	Inspect Wearables Class	2026-07-16T08:05:30.4464402Z   inflating: classes_out/com/facebook/wearable/common/comms/rtc/hera/proto/AudioStreamInfo$Builder.class  
Build & Test Android Companion	Inspect Wearables Class	2026-07-16T08:05:30.4465725Z   inflating: classes_out/com/facebook/wearable/common/comms/rtc/hera/proto/AudioStreamInfo.class  
Build & Test Android Companion	Inspect Wearables Class	2026-07-16T08:05:30.4467003Z   inflating: classes_out/com/facebook/wearable/common/comms/rtc/hera/proto/AudioStreamInfoOrBuilder.class  
Build & Test Android Companion	Inspect Wearables Class	2026-07-16T08:05:30.4468432Z   inflating: classes_out/com/facebook/wearable/common/comms/rtc/hera/proto/AudioStreamStatusMessage$1.class  
Build & Test Android Companion	Inspect Wearables Class	2026-07-16T08:05:30.4469826Z   inflating: classes_out/com/facebook/wearable/common/comms/rtc/hera/proto/AudioStreamStatusMessage$Builder.class  
Build & Test Android Companion	Inspect Wearables Class	2026-07-16T08:05:30.4471333Z   inflating: classes_out/com/facebook/wearable/common/comms/rtc/hera/proto/AudioStreamStatusMessage$PayloadCase.class  
Build & Test Android Companion	Inspect Wearables Class	2026-07-16T08:05:30.4472750Z   inflating: classes_out/com/facebook/wearable/common/comms/rtc/hera/proto/AudioStreamStatusMessage.class  
Build & Test Android Companion	Inspect Wearables Class	2026-07-16T08:05:30.4474361Z   inflating: classes_out/com/facebook/wearable/common/comms/rtc/hera/proto/AudioStreamStatusMessageOrBuilder.class  
Build & Test Android Companion	Inspect Wearables Class	2026-07-16T08:05:30.4475721Z   inflating: classes_out/com/facebook/wearable/common/comms/rtc/hera/proto/Coordination.class  
Build & Test Android Companion	Inspect Wearables Class	2026-07-16T08:05:30.4476922Z   inflating: classes_out/com/facebook/wearable/common/comms/rtc/hera/proto/CoordinationMessage$1.class  
Build & Test Android Companion	Inspect Wearables Class	2026-07-16T08:05:30.4478169Z   inflating: classes_out/com/facebook/wearable/common/comms/rtc/hera/proto/CoordinationMessage$Builder.class  
Build & Test Android Companion	Inspect Wearables Class	2026-07-16T08:05:30.4479476Z   inflating: classes_out/com/facebook/wearable/common/comms/rtc/hera/proto/CoordinationMessage.class  
Build & Test Android Companion	Inspect Wearables Class	2026-07-16T08:05:30.4480788Z   inflating: classes_out/com/facebook/wearable/common/comms/rtc/hera/proto/CoordinationMessageOrBuilder.class  
Build & Test Android Companion	Inspect Wearables Class	2026-07-16T08:05:30.4482107Z   inflating: classes_out/com/facebook/wearable/common/comms/rtc/hera/proto/EndAudioRequest$1.class  
Build & Test Android Companion	Inspect Wearables Class	2026-07-16T08:05:30.4504181Z   inflating: classes_out/com/facebook/wearable/common/comms/rtc/hera/proto/EndAudioRequest$Builder.class  
Build & Test Android Companion	Inspect Wearables Class	2026-07-16T08:05:30.4505691Z   inflating: classes_out/com/facebook/wearable/common/comms/rtc/hera/proto/EndAudioRequest.class  
Build & Test Android Companion	Inspect Wearables Class	2026-07-16T08:05:30.4507009Z   inflating: classes_out/com/facebook/wearable/common/comms/rtc/hera/proto/EndAudioRequestOrBuilder.class  
Build & Test Android Companion	Inspect Wearables Class	2026-07-16T08:05:30.4508290Z   inflating: classes_out/com/facebook/wearable/common/comms/rtc/hera/proto/EndVideoRequest$1.class  
Build & Test Android Companion	Inspect Wearables Class	2026-07-16T08:05:30.4509564Z   inflating: classes_out/com/facebook/wearable/common/comms/rtc/hera/proto/EndVideoRequest$Builder.class  
Build & Test Android Companion	Inspect Wearables Class	2026-07-16T08:05:30.4510973Z   inflating: classes_out/com/facebook/wearable/common/comms/rtc/hera/proto/EndVideoRequest.class  
Build & Test Android Companion	Inspect Wearables Class	2026-07-16T08:05:30.4512244Z   inflating: classes_out/com/facebook/wearable/common/comms/rtc/hera/proto/EndVideoRequestOrBuilder.class  
Build & Test Android Companion	Inspect Wearables Class	2026-07-16T08:05:30.4513772Z   inflating: classes_out/com/facebook/wearable/common/comms/rtc/hera/proto/KeyFrameRequest$1.class  
Build & Test Android Companion	Inspect Wearables Class	2026-07-16T08:05:30.4515041Z   inflating: classes_out/com/facebook/wearable/common/comms/rtc/hera/proto/KeyFrameRequest$Builder.class  
Build & Test Android Companion	Inspect Wearables Class	2026-07-16T08:05:30.4516494Z   inflating: classes_out/com/facebook/wearable/common/comms/rtc/hera/proto/KeyFrameRequest.class  
Build & Test Android Companion	Inspect Wearables Class	2026-07-16T08:05:30.4517783Z   inflating: classes_out/com/facebook/wearable/common/comms/rtc/hera/proto/KeyFrameRequestOrBuilder.class  
Build & Test Android Companion	Inspect Wearables Class	2026-07-16T08:05:30.4518962Z   inflating: classes_out/com/facebook/wearable/common/comms/rtc/hera/proto/Link.class  
Build & Test Android Companion	Inspect Wearables Class	2026-07-16T08:05:30.4520101Z   inflating: classes_out/com/facebook/wearable/common/comms/rtc/hera/proto/LinkMessageType$1.class  
Build & Test Android Companion	Inspect Wearables Class	2026-07-16T08:05:30.4521487Z   inflating: classes_out/com/facebook/wearable/common/comms/rtc/hera/proto/LinkMessageType$LinkMessageTypeVerifier.class  
Build & Test Android Companion	Inspect Wearables Class	2026-07-16T08:05:30.4522871Z   inflating: classes_out/com/facebook/wearable/common/comms/rtc/hera/proto/LinkMessageType.class  
Build & Test Android Companion	Inspect Wearables Class	2026-07-16T08:05:30.4546522Z   inflating: classes_out/com/facebook/wearable/common/comms/rtc/hera/proto/LinkMonitorMessage$1.class  
Build & Test Android Companion	Inspect Wearables Class	2026-07-16T08:05:30.4547847Z   inflating: classes_out/com/facebook/wearable/common/comms/rtc/hera/proto/LinkMonitorMessage$Builder.class  
Build & Test Android Companion	Inspect Wearables Class	2026-07-16T08:05:30.4549403Z   inflating: classes_out/com/facebook/wearable/common/comms/rtc/hera/proto/LinkMonitorMessage$PayloadCase.class  
Build & Test Android Companion	Inspect Wearables Class	2026-07-16T08:05:30.4550736Z   inflating: classes_out/com/facebook/wearable/common/comms/rtc/hera/proto/LinkMonitorMessage.class  
Build & Test Android Companion	Inspect Wearables Class	2026-07-16T08:05:30.4552059Z   inflating: classes_out/com/facebook/wearable/common/comms/rtc/hera/proto/LinkMonitorMessageOrBuilder.class  
Build & Test Android Companion	Inspect Wearables Class	2026-07-16T08:05:30.4553692Z   inflating: classes_out/com/facebook/wearable/common/comms/rtc/hera/proto/LinkMonitorPing$1.class  
Build & Test Android Companion	Inspect Wearables Class	2026-07-16T08:05:30.4555339Z   inflating: classes_out/com/facebook/wearable/common/comms/rtc/hera/proto/LinkMonitorPing$Builder.class  
Build & Test Android Companion	Inspect Wearables Class	2026-07-16T08:05:30.4556590Z   inflating: classes_out/com/facebook/wearable/common/comms/rtc/hera/proto/LinkMonitorPing.class  
Build & Test Android Companion	Inspect Wearables Class	2026-07-16T08:05:30.4557854Z   inflating: classes_out/com/facebook/wearable/common/comms/rtc/hera/proto/LinkMonitorPingOrBuilder.class  
Build & Test Android Companion	Inspect Wearables Class	2026-07-16T08:05:30.4559227Z   inflating: classes_out/com/facebook/wearable/common/comms/rtc/hera/proto/LinkMonitorPong$1.class  
Build & Test Android Companion	Inspect Wearables Class	2026-07-16T08:05:30.4560539Z   inflating: classes_out/com/facebook/wearable/common/comms/rtc/hera/proto/LinkMonitorPong$Builder.class  
Build & Test Android Companion	Inspect Wearables Class	2026-07-16T08:05:30.4561803Z   inflating: classes_out/com/facebook/wearable/common/comms/rtc/hera/proto/LinkMonitorPong.class  
Build & Test Android Companion	Inspect Wearables Class	2026-07-16T08:05:30.4563096Z   inflating: classes_out/com/facebook/wearable/common/comms/rtc/hera/proto/LinkMonitorPongOrBuilder.class  
Build & Test Android Companion	Inspect Wearables Class	2026-07-16T08:05:30.4584749Z   inflating: classes_out/com/facebook/wearable/common/comms/rtc/hera/proto/Media.class  
Build & Test Android Companion	Inspect Wearables Class	2026-07-16T08:05:30.4585941Z   inflating: classes_out/com/facebook/wearable/common/comms/rtc/hera/proto/MediaReceiverReport$1.class  
Build & Test Android Companion	Inspect Wearables Class	2026-07-16T08:05:30.4587262Z   inflating: classes_out/com/facebook/wearable/common/comms/rtc/hera/proto/MediaReceiverReport$Builder.class  
Build & Test Android Companion	Inspect Wearables Class	2026-07-16T08:05:30.4588520Z   inflating: classes_out/com/facebook/wearable/common/comms/rtc/hera/proto/MediaReceiverReport.class  
Build & Test Android Companion	Inspect Wearables Class	2026-07-16T08:05:30.4589880Z   inflating: classes_out/com/facebook/wearable/common/comms/rtc/hera/proto/MediaReceiverReportOrBuilder.class  
Build & Test Android Companion	Inspect Wearables Class	2026-07-16T08:05:30.4591137Z   inflating: classes_out/com/facebook/wearable/common/comms/rtc/hera/proto/RtpConfig$1.class  
Build & Test Android Companion	Inspect Wearables Class	2026-07-16T08:05:30.4592221Z   inflating: classes_out/com/facebook/wearable/common/comms/rtc/hera/proto/RtpConfig$2.class  
Build & Test Android Companion	Inspect Wearables Class	2026-07-16T08:05:30.4593593Z   inflating: classes_out/com/facebook/wearable/common/comms/rtc/hera/proto/RtpConfig$Builder.class  
Build & Test Android Companion	Inspect Wearables Class	2026-07-16T08:05:30.4594798Z   inflating: classes_out/com/facebook/wearable/common/comms/rtc/hera/proto/RtpConfig.class  
Build & Test Android Companion	Inspect Wearables Class	2026-07-16T08:05:30.4595951Z   inflating: classes_out/com/facebook/wearable/common/comms/rtc/hera/proto/RtpConfigOrBuilder.class  
Build & Test Android Companion	Inspect Wearables Class	2026-07-16T08:05:30.4597138Z   inflating: classes_out/com/facebook/wearable/common/comms/rtc/hera/proto/RtpExtension$1.class  
Build & Test Android Companion	Inspect Wearables Class	2026-07-16T08:05:30.4598436Z   inflating: classes_out/com/facebook/wearable/common/comms/rtc/hera/proto/RtpExtension$RtpExtensionVerifier.class  
Build & Test Android Companion	Inspect Wearables Class	2026-07-16T08:05:30.4599929Z   inflating: classes_out/com/facebook/wearable/common/comms/rtc/hera/proto/RtpExtension.class  
Build & Test Android Companion	Inspect Wearables Class	2026-07-16T08:05:30.4601130Z   inflating: classes_out/com/facebook/wearable/common/comms/rtc/hera/proto/RtpExtensionConfig$1.class  
Build & Test Android Companion	Inspect Wearables Class	2026-07-16T08:05:30.4602439Z   inflating: classes_out/com/facebook/wearable/common/comms/rtc/hera/proto/RtpExtensionConfig$Builder.class  
Build & Test Android Companion	Inspect Wearables Class	2026-07-16T08:05:30.4626234Z   inflating: classes_out/com/facebook/wearable/common/comms/rtc/hera/proto/RtpExtensionConfig.class  
Build & Test Android Companion	Inspect Wearables Class	2026-07-16T08:05:30.4627572Z   inflating: classes_out/com/facebook/wearable/common/comms/rtc/hera/proto/RtpExtensionConfigOrBuilder.class  
Build & Test Android Companion	Inspect Wearables Class	2026-07-16T08:05:30.4628928Z   inflating: classes_out/com/facebook/wearable/common/comms/rtc/hera/proto/RtpStreamIdentifier$1.class  
Build & Test Android Companion	Inspect Wearables Class	2026-07-16T08:05:30.4630244Z   inflating: classes_out/com/facebook/wearable/common/comms/rtc/hera/proto/RtpStreamIdentifier$Builder.class  
Build & Test Android Companion	Inspect Wearables Class	2026-07-16T08:05:30.4631532Z   inflating: classes_out/com/facebook/wearable/common/comms/rtc/hera/proto/RtpStreamIdentifier.class  
Build & Test Android Companion	Inspect Wearables Class	2026-07-16T08:05:30.4633073Z   inflating: classes_out/com/facebook/wearable/common/comms/rtc/hera/proto/RtpStreamIdentifierOrBuilder.class  
Build & Test Android Companion	Inspect Wearables Class	2026-07-16T08:05:30.4634573Z   inflating: classes_out/com/facebook/wearable/common/comms/rtc/hera/proto/RtpStreamInfo$1.class  
Build & Test Android Companion	Inspect Wearables Class	2026-07-16T08:05:30.4635795Z   inflating: classes_out/com/facebook/wearable/common/comms/rtc/hera/proto/RtpStreamInfo$Builder.class  
Build & Test Android Companion	Inspect Wearables Class	2026-07-16T08:05:30.4636970Z   inflating: classes_out/com/facebook/wearable/common/comms/rtc/hera/proto/RtpStreamInfo.class  
Build & Test Android Companion	Inspect Wearables Class	2026-07-16T08:05:30.4638159Z   inflating: classes_out/com/facebook/wearable/common/comms/rtc/hera/proto/RtpStreamInfoOrBuilder.class  
Build & Test Android Companion	Inspect Wearables Class	2026-07-16T08:05:30.4639473Z   inflating: classes_out/com/facebook/wearable/common/comms/rtc/hera/proto/StartAudioRequest$1.class  
Build & Test Android Companion	Inspect Wearables Class	2026-07-16T08:05:30.4640785Z   inflating: classes_out/com/facebook/wearable/common/comms/rtc/hera/proto/StartAudioRequest$Builder.class  
Build & Test Android Companion	Inspect Wearables Class	2026-07-16T08:05:30.4642109Z   inflating: classes_out/com/facebook/wearable/common/comms/rtc/hera/proto/StartAudioRequest.class  
Build & Test Android Companion	Inspect Wearables Class	2026-07-16T08:05:30.4662440Z   inflating: classes_out/com/facebook/wearable/common/comms/rtc/hera/proto/StartAudioRequestOrBuilder.class  
Build & Test Android Companion	Inspect Wearables Class	2026-07-16T08:05:30.4664101Z   inflating: classes_out/com/facebook/wearable/common/comms/rtc/hera/proto/StartVideoRequest$1.class  
Build & Test Android Companion	Inspect Wearables Class	2026-07-16T08:05:30.4665462Z   inflating: classes_out/com/facebook/wearable/common/comms/rtc/hera/proto/StartVideoRequest$Builder.class  
Build & Test Android Companion	Inspect Wearables Class	2026-07-16T08:05:30.4666824Z   inflating: classes_out/com/facebook/wearable/common/comms/rtc/hera/proto/StartVideoRequest.class  
Build & Test Android Companion	Inspect Wearables Class	2026-07-16T08:05:30.4670757Z   inflating: classes_out/com/facebook/wearable/common/comms/rtc/hera/proto/StartVideoRequestOrBuilder.class  
Build & Test Android Companion	Inspect Wearables Class	2026-07-16T08:05:30.4672043Z   inflating: classes_out/com/facebook/wearable/common/comms/rtc/hera/proto/Video.class  
Build & Test Android Companion	Inspect Wearables Class	2026-07-16T08:05:30.4673233Z   inflating: classes_out/com/facebook/wearable/common/comms/rtc/hera/proto/VideoCapability$1.class  
Build & Test Android Companion	Inspect Wearables Class	2026-07-16T08:05:30.4674880Z   inflating: classes_out/com/facebook/wearable/common/comms/rtc/hera/proto/VideoCapability$Builder.class  
Build & Test Android Companion	Inspect Wearables Class	2026-07-16T08:05:30.4676171Z   inflating: classes_out/com/facebook/wearable/common/comms/rtc/hera/proto/VideoCapability.class  
Build & Test Android Companion	Inspect Wearables Class	2026-07-16T08:05:30.4677462Z   inflating: classes_out/com/facebook/wearable/common/comms/rtc/hera/proto/VideoCapabilityOrBuilder.class  
Build & Test Android Companion	Inspect Wearables Class	2026-07-16T08:05:30.4678730Z   inflating: classes_out/com/facebook/wearable/common/comms/rtc/hera/proto/VideoError$1.class  
Build & Test Android Companion	Inspect Wearables Class	2026-07-16T08:05:30.4680021Z   inflating: classes_out/com/facebook/wearable/common/comms/rtc/hera/proto/VideoError$VideoErrorVerifier.class  
Build & Test Android Companion	Inspect Wearables Class	2026-07-16T08:05:30.4681310Z   inflating: classes_out/com/facebook/wearable/common/comms/rtc/hera/proto/VideoError.class  
Build & Test Android Companion	Inspect Wearables Class	2026-07-16T08:05:30.4682521Z   inflating: classes_out/com/facebook/wearable/common/comms/rtc/hera/proto/VideoSinkParams$1.class  
Build & Test Android Companion	Inspect Wearables Class	2026-07-16T08:05:30.4694285Z   inflating: classes_out/com/facebook/wearable/common/comms/rtc/hera/proto/VideoSinkParams$Builder.class  
Build & Test Android Companion	Inspect Wearables Class	2026-07-16T08:05:30.4695734Z   inflating: classes_out/com/facebook/wearable/common/comms/rtc/hera/proto/VideoSinkParams.class  
Build & Test Android Companion	Inspect Wearables Class	2026-07-16T08:05:30.4696915Z   inflating: classes_out/com/facebook/wearable/common/comms/rtc/hera/proto/VideoSinkParamsOrBuilder.class  
Build & Test Android Companion	Inspect Wearables Class	2026-07-16T08:05:30.4698262Z   inflating: classes_out/com/facebook/wearable/common/comms/rtc/hera/proto/VideoStreamControlMessage$1.class  
Build & Test Android Companion	Inspect Wearables Class	2026-07-16T08:05:30.4699700Z   inflating: classes_out/com/facebook/wearable/common/comms/rtc/hera/proto/VideoStreamControlMessage$Builder.class  
Build & Test Android Companion	Inspect Wearables Class	2026-07-16T08:05:30.4701179Z   inflating: classes_out/com/facebook/wearable/common/comms/rtc/hera/proto/VideoStreamControlMessage$PayloadCase.class  
Build & Test Android Companion	Inspect Wearables Class	2026-07-16T08:05:30.4702753Z   inflating: classes_out/com/facebook/wearable/common/comms/rtc/hera/proto/VideoStreamControlMessage.class  
Build & Test Android Companion	Inspect Wearables Class	2026-07-16T08:05:30.4704745Z   inflating: classes_out/com/facebook/wearable/common/comms/rtc/hera/proto/VideoStreamControlMessageOrBuilder.class  
Build & Test Android Companion	Inspect Wearables Class	2026-07-16T08:05:30.4706467Z   inflating: classes_out/com/facebook/wearable/common/comms/rtc/hera/proto/VideoStreamEnd$1.class  
Build & Test Android Companion	Inspect Wearables Class	2026-07-16T08:05:30.4707687Z   inflating: classes_out/com/facebook/wearable/common/comms/rtc/hera/proto/VideoStreamEnd$Builder.class  
Build & Test Android Companion	Inspect Wearables Class	2026-07-16T08:05:30.4709600Z   inflating: classes_out/com/facebook/wearable/common/comms/rtc/hera/proto/VideoStreamEnd.class  
Build & Test Android Companion	Inspect Wearables Class	2026-07-16T08:05:30.4711453Z   inflating: classes_out/com/facebook/wearable/common/comms/rtc/hera/proto/VideoStreamEndOrBuilder.class  
Build & Test Android Companion	Inspect Wearables Class	2026-07-16T08:05:30.4712782Z   inflating: classes_out/com/facebook/wearable/common/comms/rtc/hera/proto/VideoStreamError$1.class  
Build & Test Android Companion	Inspect Wearables Class	2026-07-16T08:05:30.4715491Z   inflating: classes_out/com/facebook/wearable/common/comms/rtc/hera/proto/VideoStreamError$Builder.class  
Build & Test Android Companion	Inspect Wearables Class	2026-07-16T08:05:30.4716820Z   inflating: classes_out/com/facebook/wearable/common/comms/rtc/hera/proto/VideoStreamError.class  
Build & Test Android Companion	Inspect Wearables Class	2026-07-16T08:05:30.4718109Z   inflating: classes_out/com/facebook/wearable/common/comms/rtc/hera/proto/VideoStreamErrorOrBuilder.class  
Build & Test Android Companion	Inspect Wearables Class	2026-07-16T08:05:30.4719706Z   inflating: classes_out/com/facebook/wearable/common/comms/rtc/hera/proto/VideoStreamInfo$1.class  
Build & Test Android Companion	Inspect Wearables Class	2026-07-16T08:05:30.4720905Z   inflating: classes_out/com/facebook/wearable/common/comms/rtc/hera/proto/VideoStreamInfo$Builder.class  
Build & Test Android Companion	Inspect Wearables Class	2026-07-16T08:05:30.4722162Z   inflating: classes_out/com/facebook/wearable/common/comms/rtc/hera/proto/VideoStreamInfo.class  
Build & Test Android Companion	Inspect Wearables Class	2026-07-16T08:05:30.4723723Z   inflating: classes_out/com/facebook/wearable/common/comms/rtc/hera/proto/VideoStreamInfoOrBuilder.class  
Build & Test Android Companion	Inspect Wearables Class	2026-07-16T08:05:30.4725067Z   inflating: classes_out/com/facebook/wearable/common/comms/rtc/hera/proto/VideoStreamStatusMessage$1.class  
Build & Test Android Companion	Inspect Wearables Class	2026-07-16T08:05:30.4726480Z   inflating: classes_out/com/facebook/wearable/common/comms/rtc/hera/proto/VideoStreamStatusMessage$Builder.class  
Build & Test Android Companion	Inspect Wearables Class	2026-07-16T08:05:30.4727965Z   inflating: classes_out/com/facebook/wearable/common/comms/rtc/hera/proto/VideoStreamStatusMessage$PayloadCase.class  
Build & Test Android Companion	Inspect Wearables Class	2026-07-16T08:05:30.4729412Z   inflating: classes_out/com/facebook/wearable/common/comms/rtc/hera/proto/VideoStreamStatusMessage.class  
Build & Test Android Companion	Inspect Wearables Class	2026-07-16T08:05:30.4730831Z   inflating: classes_out/com/facebook/wearable/common/comms/rtc/hera/proto/VideoStreamStatusMessageOrBuilder.class  
Build & Test Android Companion	Inspect Wearables Class	2026-07-16T08:05:30.4732103Z   inflating: classes_out/com/facebook/wearable/mediastream/api/errors/DebugInfo.class  
Build & Test Android Companion	Inspect Wearables Class	2026-07-16T08:05:30.4734175Z   inflating: classes_out/com/facebook/wearable/mediastream/api/errors/MediaStreamErrorEvent$Companion.class  
Build & Test Android Companion	Inspect Wearables Class	2026-07-16T08:05:30.4735664Z   inflating: classes_out/com/facebook/wearable/mediastream/api/errors/MediaStreamErrorEvent$ConnectionError.class  
Build & Test Android Companion	Inspect Wearables Class	2026-07-16T08:05:30.4737103Z   inflating: classes_out/com/facebook/wearable/mediastream/api/errors/MediaStreamErrorEvent$DiscoveryError.class  
Build & Test Android Companion	Inspect Wearables Class	2026-07-16T08:05:30.4738579Z   inflating: classes_out/com/facebook/wearable/mediastream/api/errors/MediaStreamErrorEvent$ErrorID$Companion.class  
Build & Test Android Companion	Inspect Wearables Class	2026-07-16T08:05:30.4740155Z   inflating: classes_out/com/facebook/wearable/mediastream/api/errors/MediaStreamErrorEvent$ErrorID.class  
Build & Test Android Companion	Inspect Wearables Class	2026-07-16T08:05:30.4741495Z   inflating: classes_out/com/facebook/wearable/mediastream/api/errors/MediaStreamErrorEvent$StreamStartError.class  
Build & Test Android Companion	Inspect Wearables Class	2026-07-16T08:05:30.4742953Z   inflating: classes_out/com/facebook/wearable/mediastream/api/errors/MediaStreamErrorEvent$StreamingError.class  
Build & Test Android Companion	Inspect Wearables Class	2026-07-16T08:05:30.4744754Z   inflating: classes_out/com/facebook/wearable/mediastream/api/errors/MediaStreamErrorEvent$StreamingTransientError.class  
Build & Test Android Companion	Inspect Wearables Class	2026-07-16T08:05:30.4746258Z   inflating: classes_out/com/facebook/wearable/mediastream/api/errors/MediaStreamErrorEvent$TelemetryError.class  
Build & Test Android Companion	Inspect Wearables Class	2026-07-16T08:05:30.4747610Z   inflating: classes_out/com/facebook/wearable/mediastream/api/errors/MediaStreamErrorEvent.class  
Build & Test Android Companion	Inspect Wearables Class	2026-07-16T08:05:30.4748884Z   inflating: classes_out/com/facebook/wearable/mediastream/events/model/EngagementEvent$Type.class  
Build & Test Android Companion	Inspect Wearables Class	2026-07-16T08:05:30.4750066Z   inflating: classes_out/com/facebook/wearable/mediastream/events/model/EngagementEvent.class  
Build & Test Android Companion	Inspect Wearables Class	2026-07-16T08:05:30.4751425Z   inflating: classes_out/com/facebook/wearable/mediastream/events/model/EventBuilder.class  
Build & Test Android Companion	Inspect Wearables Class	2026-07-16T08:05:30.4752500Z   inflating: classes_out/com/facebook/wearable/mediastream/events/model/EventDsl.class  
Build & Test Android Companion	Inspect Wearables Class	2026-07-16T08:05:30.4754192Z   inflating: classes_out/com/facebook/wearable/mediastream/events/model/EventModel$MetadataKey.class  
Build & Test Android Companion	Inspect Wearables Class	2026-07-16T08:05:30.4755414Z   inflating: classes_out/com/facebook/wearable/mediastream/events/model/EventModel$Type.class  
Build & Test Android Companion	Inspect Wearables Class	2026-07-16T08:05:30.4756527Z   inflating: classes_out/com/facebook/wearable/mediastream/events/model/EventModel.class  
Build & Test Android Companion	Inspect Wearables Class	2026-07-16T08:05:30.4757657Z   inflating: classes_out/com/facebook/wearable/mediastream/events/model/LifeCycleEvent$Type.class  
Build & Test Android Companion	Inspect Wearables Class	2026-07-16T08:05:30.4758835Z   inflating: classes_out/com/facebook/wearable/mediastream/events/model/LifeCycleEvent.class  
Build & Test Android Companion	Inspect Wearables Class	2026-07-16T08:05:30.4760026Z   inflating: classes_out/com/facebook/wearable/mediastream/events/model/ModelEngagementEvent$Type.class  
Build & Test Android Companion	Inspect Wearables Class	2026-07-16T08:05:30.4761311Z   inflating: classes_out/com/facebook/wearable/mediastream/events/model/ModelEngagementEvent.class  
Build & Test Android Companion	Inspect Wearables Class	2026-07-16T08:05:30.4762514Z   inflating: classes_out/com/facebook/wearable/mediastream/sessionx/data/events/DataEvent.class  
Build & Test Android Companion	Inspect Wearables Class	2026-07-16T08:05:30.4764017Z   inflating: classes_out/com/facebook/wearable/mediastream/sessionx/data/events/DataEventCanonicals.class  
Build & Test Android Companion	Inspect Wearables Class	2026-07-16T08:05:30.4765409Z   inflating: classes_out/com/facebook/wearable/mediastream/sessionx/data/events/DataEventConfigureAudio.class  
Build & Test Android Companion	Inspect Wearables Class	2026-07-16T08:05:30.4766807Z   inflating: classes_out/com/facebook/wearable/mediastream/sessionx/data/events/DataEventConfigureVideo.class  
Build & Test Android Companion	Inspect Wearables Class	2026-07-16T08:05:30.4768169Z   inflating: classes_out/com/facebook/wearable/mediastream/sessionx/data/events/DataEventEnd.class  
Build & Test Android Companion	Inspect Wearables Class	2026-07-16T08:05:30.4769457Z   inflating: classes_out/com/facebook/wearable/mediastream/sessionx/data/events/DataEventInProgress.class  
Build & Test Android Companion	Inspect Wearables Class	2026-07-16T08:05:30.4770843Z   inflating: classes_out/com/facebook/wearable/mediastream/sessionx/data/events/DataEventPerformanceMonitor.class  
Build & Test Android Companion	Inspect Wearables Class	2026-07-16T08:05:30.4772216Z   inflating: classes_out/com/facebook/wearable/mediastream/sessionx/data/events/DataEventStart.class  
Build & Test Android Companion	Inspect Wearables Class	2026-07-16T08:05:30.4774089Z   inflating: classes_out/com/facebook/wearable/mediastream/sessionx/data/events/DataEventType$Canonicals.class  
Build & Test Android Companion	Inspect Wearables Class	2026-07-16T08:05:30.4775503Z   inflating: classes_out/com/facebook/wearable/mediastream/sessionx/data/events/DataEventType$ConfigureAudio.class  
Build & Test Android Companion	Inspect Wearables Class	2026-07-16T08:05:30.4776952Z   inflating: classes_out/com/facebook/wearable/mediastream/sessionx/data/events/DataEventType$ConfigureVideo.class  
Build & Test Android Companion	Inspect Wearables Class	2026-07-16T08:05:30.4778298Z   inflating: classes_out/com/facebook/wearable/mediastream/sessionx/data/events/DataEventType$End.class  
Build & Test Android Companion	Inspect Wearables Class	2026-07-16T08:05:30.4779625Z   inflating: classes_out/com/facebook/wearable/mediastream/sessionx/data/events/DataEventType$InProgress.class  
Build & Test Android Companion	Inspect Wearables Class	2026-07-16T08:05:30.4781062Z   inflating: classes_out/com/facebook/wearable/mediastream/sessionx/data/events/DataEventType$PerformanceMonitor.class  
Build & Test Android Companion	Inspect Wearables Class	2026-07-16T08:05:30.4782624Z   inflating: classes_out/com/facebook/wearable/mediastream/sessionx/data/events/DataEventType$Start.class  
Build & Test Android Companion	Inspect Wearables Class	2026-07-16T08:05:30.4784496Z   inflating: classes_out/com/facebook/wearable/mediastream/sessionx/data/events/DataEventType$Unknown.class  
Build & Test Android Companion	Inspect Wearables Class	2026-07-16T08:05:30.4785806Z   inflating: classes_out/com/facebook/wearable/mediastream/sessionx/data/events/DataEventType.class  
Build & Test Android Companion	Inspect Wearables Class	2026-07-16T08:05:30.4787073Z   inflating: classes_out/com/facebook/wearable/mediastream/sessionx/data/events/DataEventUnknown.class  
Build & Test Android Companion	Inspect Wearables Class	2026-07-16T08:05:30.4788305Z   inflating: classes_out/com/facebook/wearable/mediastream/sessionx/data/events/ErrorEvent.class  
Build & Test Android Companion	Inspect Wearables Class	2026-07-16T08:05:30.4789555Z   inflating: classes_out/com/facebook/wearable/mediastream/sessionx/data/events/ErrorReason$Companion.class  
Build & Test Android Companion	Inspect Wearables Class	2026-07-16T08:05:30.4790854Z   inflating: classes_out/com/facebook/wearable/mediastream/sessionx/data/events/ErrorReason.class  
Build & Test Android Companion	Inspect Wearables Class	2026-07-16T08:05:30.4792311Z   inflating: classes_out/com/facebook/wearable/mediastream/sessionx/data/events/EventStatus$Companion.class  
Build & Test Android Companion	Inspect Wearables Class	2026-07-16T08:05:30.4794149Z   inflating: classes_out/com/facebook/wearable/mediastream/sessionx/data/events/EventStatus.class  
Build & Test Android Companion	Inspect Wearables Class	2026-07-16T08:05:30.4795461Z   inflating: classes_out/com/facebook/wearable/mediastream/sessionx/data/events/EventType$Companion.class  
Build & Test Android Companion	Inspect Wearables Class	2026-07-16T08:05:30.4796706Z   inflating: classes_out/com/facebook/wearable/mediastream/sessionx/data/events/EventType.class  
Build & Test Android Companion	Inspect Wearables Class	2026-07-16T08:05:30.4797897Z   inflating: classes_out/com/facebook/wearable/mediastream/sessionx/data/events/HealthEvent.class  
Build & Test Android Companion	Inspect Wearables Class	2026-07-16T08:05:30.4799284Z   inflating: classes_out/com/facebook/wearable/mediastream/sessionx/data/events/SessionConnectErrorReason$Companion.class  
Build & Test Android Companion	Inspect Wearables Class	2026-07-16T08:05:30.4800783Z   inflating: classes_out/com/facebook/wearable/mediastream/sessionx/data/events/SessionConnectErrorReason.class  
Build & Test Android Companion	Inspect Wearables Class	2026-07-16T08:05:30.4802261Z   inflating: classes_out/com/facebook/wearable/mediastream/sessionx/data/events/SessionStartErrorReason$Companion.class  
Build & Test Android Companion	Inspect Wearables Class	2026-07-16T08:05:30.4803970Z   inflating: classes_out/com/facebook/wearable/mediastream/sessionx/data/events/SessionStartErrorReason.class  
Build & Test Android Companion	Inspect Wearables Class	2026-07-16T08:05:30.4805480Z   inflating: classes_out/com/facebook/wearable/mediastream/sessionx/data/events/SessionStreamingErrorReason$Companion.class  
Build & Test Android Companion	Inspect Wearables Class	2026-07-16T08:05:30.4807023Z   inflating: classes_out/com/facebook/wearable/mediastream/sessionx/data/events/SessionStreamingErrorReason.class  
Build & Test Android Companion	Inspect Wearables Class	2026-07-16T08:05:30.4808403Z   inflating: classes_out/com/facebook/wearable/mediastream/sessionx/data/events/StreamStoppedEvent.class  
Build & Test Android Companion	Inspect Wearables Class	2026-07-16T08:05:30.4809794Z   inflating: classes_out/com/facebook/wearable/mediastream/sessionx/data/events/StreamStoppedReason$Companion.class  
Build & Test Android Companion	Inspect Wearables Class	2026-07-16T08:05:30.4811171Z   inflating: classes_out/com/facebook/wearable/mediastream/sessionx/data/events/StreamStoppedReason.class  
Build & Test Android Companion	Inspect Wearables Class	2026-07-16T08:05:30.4812454Z   inflating: classes_out/com/facebook/wearable/mediastream/sessionx/data/events/UserEvent.class  
Build & Test Android Companion	Inspect Wearables Class	2026-07-16T08:05:30.4814291Z   inflating: classes_out/com/facebook/wearable/mediastream/sessionx/data/events/UserEventAction$Companion.class  
Build & Test Android Companion	Inspect Wearables Class	2026-07-16T08:05:30.4815626Z   inflating: classes_out/com/facebook/wearable/mediastream/sessionx/data/events/UserEventAction.class  
Build & Test Android Companion	Inspect Wearables Class	2026-07-16T08:05:30.4816952Z   inflating: classes_out/com/facebook/wearable/mediastream/sessionx/data/events/UserEventType$Companion.class  
Build & Test Android Companion	Inspect Wearables Class	2026-07-16T08:05:30.4818247Z   inflating: classes_out/com/facebook/wearable/mediastream/sessionx/data/events/UserEventType.class  
Build & Test Android Companion	Inspect Wearables Class	2026-07-16T08:05:30.4819594Z   inflating: classes_out/com/facebook/wearable/mediastream/sessionx/data/models/AppPlatformType$Companion.class  
Build & Test Android Companion	Inspect Wearables Class	2026-07-16T08:05:30.4820936Z   inflating: classes_out/com/facebook/wearable/mediastream/sessionx/data/models/AppPlatformType.class  
Build & Test Android Companion	Inspect Wearables Class	2026-07-16T08:05:30.4822226Z   inflating: classes_out/com/facebook/wearable/mediastream/sessionx/data/models/AudioCodec$Companion.class  
Build & Test Android Companion	Inspect Wearables Class	2026-07-16T08:05:30.4823884Z   inflating: classes_out/com/facebook/wearable/mediastream/sessionx/data/models/AudioCodec.class  
Build & Test Android Companion	Inspect Wearables Class	2026-07-16T08:05:30.4825112Z   inflating: classes_out/com/facebook/wearable/mediastream/sessionx/data/models/AudioConfig.class  
Build & Test Android Companion	Inspect Wearables Class	2026-07-16T08:05:30.4826416Z   inflating: classes_out/com/facebook/wearable/mediastream/sessionx/data/models/ChannelTransport$Companion.class  
Build & Test Android Companion	Inspect Wearables Class	2026-07-16T08:05:30.4827765Z   inflating: classes_out/com/facebook/wearable/mediastream/sessionx/data/models/ChannelTransport.class  
Build & Test Android Companion	Inspect Wearables Class	2026-07-16T08:05:30.4829076Z   inflating: classes_out/com/facebook/wearable/mediastream/sessionx/data/models/ConfigAppType$Companion.class  
Build & Test Android Companion	Inspect Wearables Class	2026-07-16T08:05:30.4830228Z   inflating: classes_out/com/facebook/wearable/mediastream/sessionx/data/models/ConfigAppType.class  
Build & Test Android Companion	Inspect Wearables Class	2026-07-16T08:05:30.4831603Z   inflating: classes_out/com/facebook/wearable/mediastream/sessionx/data/models/ControlChannelTransport$Companion.class  
Build & Test Android Companion	Inspect Wearables Class	2026-07-16T08:05:30.4833079Z   inflating: classes_out/com/facebook/wearable/mediastream/sessionx/data/models/ControlChannelTransport.class  
Build & Test Android Companion	Inspect Wearables Class	2026-07-16T08:05:30.4835181Z   inflating: classes_out/com/facebook/wearable/mediastream/sessionx/data/models/EISMode$Companion.class  
Build & Test Android Companion	Inspect Wearables Class	2026-07-16T08:05:30.4836412Z   inflating: classes_out/com/facebook/wearable/mediastream/sessionx/data/models/EISMode.class  
Build & Test Android Companion	Inspect Wearables Class	2026-07-16T08:05:30.4837568Z   inflating: classes_out/com/facebook/wearable/mediastream/sessionx/data/models/FrameData.class  
Build & Test Android Companion	Inspect Wearables Class	2026-07-16T08:05:30.4838776Z   inflating: classes_out/com/facebook/wearable/mediastream/sessionx/data/models/FrameRateABRConfig.class  
Build & Test Android Companion	Inspect Wearables Class	2026-07-16T08:05:30.4840128Z   inflating: classes_out/com/facebook/wearable/mediastream/sessionx/data/models/LifecycleAction$Companion.class  
Build & Test Android Companion	Inspect Wearables Class	2026-07-16T08:05:30.4841472Z   inflating: classes_out/com/facebook/wearable/mediastream/sessionx/data/models/LifecycleAction.class  
Build & Test Android Companion	Inspect Wearables Class	2026-07-16T08:05:30.4842723Z   inflating: classes_out/com/facebook/wearable/mediastream/sessionx/data/models/SessionConfigs.class  
Build & Test Android Companion	Inspect Wearables Class	2026-07-16T08:05:30.4844205Z   inflating: classes_out/com/facebook/wearable/mediastream/sessionx/data/models/StreamModeType$Companion.class  
Build & Test Android Companion	Inspect Wearables Class	2026-07-16T08:05:30.4845553Z   inflating: classes_out/com/facebook/wearable/mediastream/sessionx/data/models/StreamModeType.class  
Build & Test Android Companion	Inspect Wearables Class	2026-07-16T08:05:30.4846851Z   inflating: classes_out/com/facebook/wearable/mediastream/sessionx/data/models/VideoCodec$Companion.class  
Build & Test Android Companion	Inspect Wearables Class	2026-07-16T08:05:30.4848102Z   inflating: classes_out/com/facebook/wearable/mediastream/sessionx/data/models/VideoCodec.class  
Build & Test Android Companion	Inspect Wearables Class	2026-07-16T08:05:30.4849296Z   inflating: classes_out/com/facebook/wearable/mediastream/sessionx/data/models/VideoConfig.class  
Build & Test Android Companion	Inspect Wearables Class	2026-07-16T08:05:30.4850686Z   inflating: classes_out/com/facebook/wearable/mediastream/sessionx/data/models/device/BatteryChargingState$Companion.class  
Build & Test Android Companion	Inspect Wearables Class	2026-07-16T08:05:30.4880196Z   inflating: classes_out/com/facebook/wearable/mediastream/sessionx/data/models/device/BatteryChargingState.class  
Build & Test Android Companion	Inspect Wearables Class	2026-07-16T08:05:30.4882297Z   inflating: classes_out/com/facebook/wearable/mediastream/sessionx/data/models/device/BatteryHealthState$Companion.class  
Build & Test Android Companion	Inspect Wearables Class	2026-07-16T08:05:30.4884421Z   inflating: classes_out/com/facebook/wearable/mediastream/sessionx/data/models/device/BatteryHealthState.class  
Build & Test Android Companion	Inspect Wearables Class	2026-07-16T08:05:30.4885780Z   inflating: classes_out/com/facebook/wearable/mediastream/sessionx/data/models/device/BatteryState.class  
Build & Test Android Companion	Inspect Wearables Class	2026-07-16T08:05:30.4887139Z   inflating: classes_out/com/facebook/wearable/mediastream/sessionx/data/models/device/BuildFlavor$Companion.class  
Build & Test Android Companion	Inspect Wearables Class	2026-07-16T08:05:30.4888687Z   inflating: classes_out/com/facebook/wearable/mediastream/sessionx/data/models/device/BuildFlavor.class  
Build & Test Android Companion	Inspect Wearables Class	2026-07-16T08:05:30.4890494Z   inflating: classes_out/com/facebook/wearable/mediastream/sessionx/data/models/device/CapTouchState$Companion.class  
Build & Test Android Companion	Inspect Wearables Class	2026-07-16T08:05:30.4894877Z   inflating: classes_out/com/facebook/wearable/mediastream/sessionx/data/models/device/CapTouchState.class  
Build & Test Android Companion	Inspect Wearables Class	2026-07-16T08:05:30.4896392Z   inflating: classes_out/com/facebook/wearable/mediastream/sessionx/data/models/device/CaptureButtonState$Companion.class  
Build & Test Android Companion	Inspect Wearables Class	2026-07-16T08:05:30.4898112Z   inflating: classes_out/com/facebook/wearable/mediastream/sessionx/data/models/device/CaptureButtonState.class  
Build & Test Android Companion	Inspect Wearables Class	2026-07-16T08:05:30.4899516Z   inflating: classes_out/com/facebook/wearable/mediastream/sessionx/data/models/device/DeviceBuildInfo.class  
Build & Test Android Companion	Inspect Wearables Class	2026-07-16T08:05:30.4900941Z   inflating: classes_out/com/facebook/wearable/mediastream/sessionx/data/models/device/DeviceState$Companion.class  
Build & Test Android Companion	Inspect Wearables Class	2026-07-16T08:05:30.4902310Z   inflating: classes_out/com/facebook/wearable/mediastream/sessionx/data/models/device/DeviceState.class  
Build & Test Android Companion	Inspect Wearables Class	2026-07-16T08:05:30.4904005Z   inflating: classes_out/com/facebook/wearable/mediastream/sessionx/data/models/device/DeviceType$Companion.class  
Build & Test Android Companion	Inspect Wearables Class	2026-07-16T08:05:30.4905403Z   inflating: classes_out/com/facebook/wearable/mediastream/sessionx/data/models/device/DeviceType.class  
Build & Test Android Companion	Inspect Wearables Class	2026-07-16T08:05:30.4907673Z   inflating: classes_out/com/facebook/wearable/mediastream/sessionx/data/models/device/HingeState$Companion.class  
Build & Test Android Companion	Inspect Wearables Class	2026-07-16T08:05:30.4909215Z   inflating: classes_out/com/facebook/wearable/mediastream/sessionx/data/models/device/HingeState.class  
Build & Test Android Companion	Inspect Wearables Class	2026-07-16T08:05:30.4910402Z   inflating: classes_out/com/facebook/wearable/mediastream/sessionx/data/models/device/MountState$Companion.class  
Build & Test Android Companion	Inspect Wearables Class	2026-07-16T08:05:30.4911785Z   inflating: classes_out/com/facebook/wearable/mediastream/sessionx/data/models/device/MountState.class  
Build & Test Android Companion	Inspect Wearables Class	2026-07-16T08:05:30.4913157Z   inflating: classes_out/com/facebook/wearable/mediastream/sessionx/data/models/device/PeakPowerState$Companion.class  
Build & Test Android Companion	Inspect Wearables Class	2026-07-16T08:05:30.4914961Z   inflating: classes_out/com/facebook/wearable/mediastream/sessionx/data/models/device/PeakPowerState.class  
Build & Test Android Companion	Inspect Wearables Class	2026-07-16T08:05:30.4916430Z   inflating: classes_out/com/facebook/wearable/mediastream/sessionx/data/models/device/ThermalHealthState$Companion.class  
Build & Test Android Companion	Inspect Wearables Class	2026-07-16T08:05:30.4917879Z   inflating: classes_out/com/facebook/wearable/mediastream/sessionx/data/models/device/ThermalHealthState.class  
Build & Test Android Companion	Inspect Wearables Class	2026-07-16T08:05:30.4919216Z   inflating: classes_out/com/facebook/wearable/mediastream/sessionx/data/models/device/ThermalState.class  
Build & Test Android Companion	Inspect Wearables Class	2026-07-16T08:05:30.4920613Z   inflating: classes_out/com/facebook/wearable/mediastream/sessionx/services/connection/ConnectionManager.class  
Build & Test Android Companion	Inspect Wearables Class	2026-07-16T08:05:30.4922064Z   inflating: classes_out/com/facebook/wearable/mediastream/sessionx/services/connection/context/ContextProvider.class  
Build & Test Android Companion	Inspect Wearables Class	2026-07-16T08:05:30.4924082Z   inflating: classes_out/com/facebook/wearable/mediastream/sessionx/services/connection/context/ContextProviderHolder.class  
Build & Test Android Companion	Inspect Wearables Class	2026-07-16T08:05:30.4925699Z   inflating: classes_out/com/facebook/wearable/mediastream/sessionx/services/connection/intf/IConnectionServiceListener.class  
Build & Test Android Companion	Inspect Wearables Class	2026-07-16T08:05:30.4927313Z   inflating: classes_out/com/facebook/wearable/mediastream/sessionx/services/connection/intf/IDeviceDiscoveryService.class  
Build & Test Android Companion	Inspect Wearables Class	2026-07-16T08:05:30.4928920Z   inflating: classes_out/com/facebook/wearable/mediastream/sessionx/services/connection/intf/IMediaStreamSessionService.class  
Build & Test Android Companion	Inspect Wearables Class	2026-07-16T08:05:30.4930506Z   inflating: classes_out/com/facebook/wearable/mediastream/sessionx/services/connection/jni/ConnectionLibraryLoader.class  
Build & Test Android Companion	Inspect Wearables Class	2026-07-16T08:05:30.4932153Z   inflating: classes_out/com/facebook/wearable/mediastream/sessionx/services/connection/jni/ConnectionServiceHybrid$Companion.class  
Build & Test Android Companion	Inspect Wearables Class	2026-07-16T08:05:30.4934152Z   inflating: classes_out/com/facebook/wearable/mediastream/sessionx/services/connection/jni/ConnectionServiceHybrid$pause$1.class  
Build & Test Android Companion	Inspect Wearables Class	2026-07-16T08:05:30.4935835Z   inflating: classes_out/com/facebook/wearable/mediastream/sessionx/services/connection/jni/ConnectionServiceHybrid$prepare$1.class  
Build & Test Android Companion	Inspect Wearables Class	2026-07-16T08:05:30.4937569Z   inflating: classes_out/com/facebook/wearable/mediastream/sessionx/services/connection/jni/ConnectionServiceHybrid$start$1.class  
Build & Test Android Companion	Inspect Wearables Class	2026-07-16T08:05:30.4939169Z   inflating: classes_out/com/facebook/wearable/mediastream/sessionx/services/connection/jni/ConnectionServiceHybrid$stop$1.class  
Build & Test Android Companion	Inspect Wearables Class	2026-07-16T08:05:30.4940801Z   inflating: classes_out/com/facebook/wearable/mediastream/sessionx/services/connection/jni/ConnectionServiceHybrid.class  
Build & Test Android Companion	Inspect Wearables Class	2026-07-16T08:05:30.4942671Z   inflating: classes_out/com/facebook/wearable/mediastream/sessionx/services/connection/jni/LocalChannelHelper$Companion$setOnClosed$1.class  
Build & Test Android Companion	Inspect Wearables Class	2026-07-16T08:05:30.4945069Z   inflating: classes_out/com/facebook/wearable/mediastream/sessionx/services/connection/jni/LocalChannelHelper$Companion$setOnError$1.class  
Build & Test Android Companion	Inspect Wearables Class	2026-07-16T08:05:30.4946891Z   inflating: classes_out/com/facebook/wearable/mediastream/sessionx/services/connection/jni/LocalChannelHelper$Companion$setOnReceived$1.class  
Build & Test Android Companion	Inspect Wearables Class	2026-07-16T08:05:30.4948634Z   inflating: classes_out/com/facebook/wearable/mediastream/sessionx/services/connection/jni/LocalChannelHelper$Companion.class  
Build & Test Android Companion	Inspect Wearables Class	2026-07-16T08:05:30.4950209Z   inflating: classes_out/com/facebook/wearable/mediastream/sessionx/services/connection/jni/LocalChannelHelper.class  
Build & Test Android Companion	Inspect Wearables Class	2026-07-16T08:05:30.4951838Z   inflating: classes_out/com/facebook/wearable/mediastream/sessionx/services/connection/provider/intf/IConnectionServiceProvider.class  
Build & Test Android Companion	Inspect Wearables Class	2026-07-16T08:05:30.4953738Z   inflating: classes_out/com/facebook/wearable/mediastream/sessionx/session/intf/IDeviceStateListener.class  
Build & Test Android Companion	Inspect Wearables Class	2026-07-16T08:05:30.4955285Z   inflating: classes_out/com/facebook/wearable/mediastream/sessionx/session/intf/IEngagementEvent$EngagementEventType$Companion.class  
Build & Test Android Companion	Inspect Wearables Class	2026-07-16T08:05:30.4956922Z   inflating: classes_out/com/facebook/wearable/mediastream/sessionx/session/intf/IEngagementEvent$EngagementEventType.class  
Build & Test Android Companion	Inspect Wearables Class	2026-07-16T08:05:30.4958612Z   inflating: classes_out/com/facebook/wearable/mediastream/sessionx/session/intf/IEngagementEvent$EngagementMetadataType$Companion.class  
Build & Test Android Companion	Inspect Wearables Class	2026-07-16T08:05:30.4960324Z   inflating: classes_out/com/facebook/wearable/mediastream/sessionx/session/intf/IEngagementEvent$EngagementMetadataType.class  
Build & Test Android Companion	Inspect Wearables Class	2026-07-16T08:05:30.4961945Z   inflating: classes_out/com/facebook/wearable/mediastream/sessionx/session/intf/IEngagementEvent$Factory$WhenMappings.class  
Build & Test Android Companion	Inspect Wearables Class	2026-07-16T08:05:30.4964177Z   inflating: classes_out/com/facebook/wearable/mediastream/sessionx/session/intf/IEngagementEvent$Factory$create$1.class  
Build & Test Android Companion	Inspect Wearables Class	2026-07-16T08:05:30.4965659Z   inflating: classes_out/com/facebook/wearable/mediastream/sessionx/session/intf/IEngagementEvent$Factory.class  
Build & Test Android Companion	Inspect Wearables Class	2026-07-16T08:05:30.4967096Z   inflating: classes_out/com/facebook/wearable/mediastream/sessionx/session/intf/IEngagementEvent.class  
Build & Test Android Companion	Inspect Wearables Class	2026-07-16T08:05:30.4968493Z   inflating: classes_out/com/facebook/wearable/mediastream/sessionx/session/intf/IEngagementEventListener.class  
Build & Test Android Companion	Inspect Wearables Class	2026-07-16T08:05:30.4969883Z   inflating: classes_out/com/facebook/wearable/mediastream/sessionx/session/intf/IHealthEventListener.class  
Build & Test Android Companion	Inspect Wearables Class	2026-07-16T08:05:30.4971276Z   inflating: classes_out/com/facebook/wearable/mediastream/sessionx/session/intf/ILifecycleEventListener.class  
Build & Test Android Companion	Inspect Wearables Class	2026-07-16T08:05:30.4972671Z   inflating: classes_out/com/facebook/wearable/mediastream/sessionx/session/intf/ISession$DefaultImpls.class  
Build & Test Android Companion	Inspect Wearables Class	2026-07-16T08:05:30.4974141Z   inflating: classes_out/com/facebook/wearable/mediastream/sessionx/session/intf/ISession.class  
Build & Test Android Companion	Inspect Wearables Class	2026-07-16T08:05:30.4975441Z   inflating: classes_out/com/facebook/wearable/mediastream/sessionx/session/intf/ISessionEventListener.class  
Build & Test Android Companion	Inspect Wearables Class	2026-07-16T08:05:30.4976877Z   inflating: classes_out/com/facebook/wearable/mediastream/sessionx/session/intf/ISessionLifecycleCallback.class  
Build & Test Android Companion	Inspect Wearables Class	2026-07-16T08:05:30.4978223Z   inflating: classes_out/com/facebook/wearable/mediastream/sessionx/session/intf/MediaListener.class  
Build & Test Android Companion	Inspect Wearables Class	2026-07-16T08:05:30.4979543Z   inflating: classes_out/com/facebook/wearable/mediastream/sessionx/session/jni/SessionHybrid$Companion.class  
Build & Test Android Companion	Inspect Wearables Class	2026-07-16T08:05:30.4980923Z   inflating: classes_out/com/facebook/wearable/mediastream/sessionx/session/jni/SessionHybrid$connect$1.class  
Build & Test Android Companion	Inspect Wearables Class	2026-07-16T08:05:30.4982288Z   inflating: classes_out/com/facebook/wearable/mediastream/sessionx/session/jni/SessionHybrid$pause$1.class  
Build & Test Android Companion	Inspect Wearables Class	2026-07-16T08:05:30.4984191Z   inflating: classes_out/com/facebook/wearable/mediastream/sessionx/session/jni/SessionHybrid$start$1.class  
Build & Test Android Companion	Inspect Wearables Class	2026-07-16T08:05:30.4985792Z   inflating: classes_out/com/facebook/wearable/mediastream/sessionx/session/jni/SessionHybrid$stop$1.class  
Build & Test Android Companion	Inspect Wearables Class	2026-07-16T08:05:30.4987083Z   inflating: classes_out/com/facebook/wearable/mediastream/sessionx/session/jni/SessionHybrid.class  
Build & Test Android Companion	Inspect Wearables Class	2026-07-16T08:05:30.4988333Z   inflating: classes_out/com/facebook/wearable/mediastream/sessionx/session/jni/SessionHybridKt.class  
Build & Test Android Companion	Inspect Wearables Class	2026-07-16T08:05:30.4989644Z   inflating: classes_out/com/facebook/wearable/mediastream/sessionx/utils/async/ExecutorSerialQueue.class  
Build & Test Android Companion	Inspect Wearables Class	2026-07-16T08:05:30.4990953Z   inflating: classes_out/com/facebook/wearable/mediastream/sessionx/utils/device/DeviceStateTracker.class  
Build & Test Android Companion	Inspect Wearables Class	2026-07-16T08:05:30.4992058Z   inflating: classes_out/com/meta/media/stream/proto/AbrSettings$1.class  
Build & Test Android Companion	Inspect Wearables Class	2026-07-16T08:05:30.4992977Z   inflating: classes_out/com/meta/media/stream/proto/AbrSettings$Builder.class  
Build & Test Android Companion	Inspect Wearables Class	2026-07-16T08:05:30.4994103Z   inflating: classes_out/com/meta/media/stream/proto/AbrSettings.class  
Build & Test Android Companion	Inspect Wearables Class	2026-07-16T08:05:30.4995097Z   inflating: classes_out/com/meta/media/stream/proto/a.class  
Build & Test Android Companion	Inspect Wearables Class	2026-07-16T08:05:30.4995895Z   inflating: classes_out/com/meta/media/stream/proto/ApplicationType$1.class  
Build & Test Android Companion	Inspect Wearables Class	2026-07-16T08:05:30.4996811Z   inflating: classes_out/com/meta/media/stream/proto/ApplicationType$a.class  
Build & Test Android Companion	Inspect Wearables Class	2026-07-16T08:05:30.4997734Z   inflating: classes_out/com/meta/media/stream/proto/ApplicationType.class  
Build & Test Android Companion	Inspect Wearables Class	2026-07-16T08:05:30.4998661Z   inflating: classes_out/com/meta/media/stream/proto/AudioCaptureProfile$1.class  
Build & Test Android Companion	Inspect Wearables Class	2026-07-16T08:05:30.4999621Z   inflating: classes_out/com/meta/media/stream/proto/AudioCaptureProfile$a.class  
Build & Test Android Companion	Inspect Wearables Class	2026-07-16T08:05:30.5000573Z   inflating: classes_out/com/meta/media/stream/proto/AudioCaptureProfile.class  
Build & Test Android Companion	Inspect Wearables Class	2026-07-16T08:05:30.5001511Z   inflating: classes_out/com/meta/media/stream/proto/AudioCodecProfile$1.class  
Build & Test Android Companion	Inspect Wearables Class	2026-07-16T08:05:30.5002442Z   inflating: classes_out/com/meta/media/stream/proto/AudioCodecProfile$a.class  
Build & Test Android Companion	Inspect Wearables Class	2026-07-16T08:05:30.5003933Z   inflating: classes_out/com/meta/media/stream/proto/AudioCodecProfile.class  
Build & Test Android Companion	Inspect Wearables Class	2026-07-16T08:05:30.5004896Z   inflating: classes_out/com/meta/media/stream/proto/AudioConfig$1.class  
Build & Test Android Companion	Inspect Wearables Class	2026-07-16T08:05:30.5005786Z   inflating: classes_out/com/meta/media/stream/proto/AudioConfig$Builder.class  
Build & Test Android Companion	Inspect Wearables Class	2026-07-16T08:05:30.5006670Z   inflating: classes_out/com/meta/media/stream/proto/AudioConfig.class  
Build & Test Android Companion	Inspect Wearables Class	2026-07-16T08:05:30.5007559Z   inflating: classes_out/com/meta/media/stream/proto/ClientAppSettings$1.class  
Build & Test Android Companion	Inspect Wearables Class	2026-07-16T08:05:30.5008544Z   inflating: classes_out/com/meta/media/stream/proto/ClientAppSettings$Builder.class  
Build & Test Android Companion	Inspect Wearables Class	2026-07-16T08:05:30.5009538Z   inflating: classes_out/com/meta/media/stream/proto/ClientAppSettings.class  
Build & Test Android Companion	Inspect Wearables Class	2026-07-16T08:05:30.5010590Z   inflating: classes_out/com/meta/media/stream/proto/CodecConfigurationUpdateRequest$1.class  
Build & Test Android Companion	Inspect Wearables Class	2026-07-16T08:05:30.5011808Z   inflating: classes_out/com/meta/media/stream/proto/CodecConfigurationUpdateRequest$Builder.class  
Build & Test Android Companion	Inspect Wearables Class	2026-07-16T08:05:30.5013012Z   inflating: classes_out/com/meta/media/stream/proto/CodecConfigurationUpdateRequest.class  
Build & Test Android Companion	Inspect Wearables Class	2026-07-16T08:05:30.5014403Z   inflating: classes_out/com/meta/media/stream/proto/CodecConfigurationUpdateResponse$1.class  
Build & Test Android Companion	Inspect Wearables Class	2026-07-16T08:05:30.5015623Z   inflating: classes_out/com/meta/media/stream/proto/CodecConfigurationUpdateResponse$Builder.class  
Build & Test Android Companion	Inspect Wearables Class	2026-07-16T08:05:30.5016800Z   inflating: classes_out/com/meta/media/stream/proto/CodecConfigurationUpdateResponse.class  
Build & Test Android Companion	Inspect Wearables Class	2026-07-16T08:05:30.5017792Z   inflating: classes_out/com/meta/media/stream/proto/CodecType$1.class  
Build & Test Android Companion	Inspect Wearables Class	2026-07-16T08:05:30.5018622Z   inflating: classes_out/com/meta/media/stream/proto/CodecType$a.class  
Build & Test Android Companion	Inspect Wearables Class	2026-07-16T08:05:30.5019439Z   inflating: classes_out/com/meta/media/stream/proto/CodecType.class  
Build & Test Android Companion	Inspect Wearables Class	2026-07-16T08:05:30.5020279Z   inflating: classes_out/com/meta/media/stream/proto/CommentEvent$1.class  
Build & Test Android Companion	Inspect Wearables Class	2026-07-16T08:05:30.5021193Z   inflating: classes_out/com/meta/media/stream/proto/CommentEvent$Builder.class  
Build & Test Android Companion	Inspect Wearables Class	2026-07-16T08:05:30.5022115Z   inflating: classes_out/com/meta/media/stream/proto/CommentEvent.class  
Build & Test Android Companion	Inspect Wearables Class	2026-07-16T08:05:30.5023982Z   inflating: classes_out/com/meta/media/stream/proto/ConfigureAudioStreamRequest$1.class  
Build & Test Android Companion	Inspect Wearables Class	2026-07-16T08:05:30.5025186Z   inflating: classes_out/com/meta/media/stream/proto/ConfigureAudioStreamRequest$Builder.class  
Build & Test Android Companion	Inspect Wearables Class	2026-07-16T08:05:30.5026335Z   inflating: classes_out/com/meta/media/stream/proto/ConfigureAudioStreamRequest.class  
Build & Test Android Companion	Inspect Wearables Class	2026-07-16T08:05:30.5027437Z   inflating: classes_out/com/meta/media/stream/proto/ConfigureAudioStreamResponse$1.class  
Build & Test Android Companion	Inspect Wearables Class	2026-07-16T08:05:30.5028576Z   inflating: classes_out/com/meta/media/stream/proto/ConfigureAudioStreamResponse$Builder.class  
Build & Test Android Companion	Inspect Wearables Class	2026-07-16T08:05:30.5029715Z   inflating: classes_out/com/meta/media/stream/proto/ConfigureAudioStreamResponse.class  
Build & Test Android Companion	Inspect Wearables Class	2026-07-16T08:05:30.5030809Z   inflating: classes_out/com/meta/media/stream/proto/ConfigureMediaStreamFeatures$1.class  
Build & Test Android Companion	Inspect Wearables Class	2026-07-16T08:05:30.5031943Z   inflating: classes_out/com/meta/media/stream/proto/ConfigureMediaStreamFeatures$Builder.class  
Build & Test Android Companion	Inspect Wearables Class	2026-07-16T08:05:30.5033112Z   inflating: classes_out/com/meta/media/stream/proto/ConfigureMediaStreamFeatures.class  
Build & Test Android Companion	Inspect Wearables Class	2026-07-16T08:05:30.5034687Z   inflating: classes_out/com/meta/media/stream/proto/ConfigureMetadataStreamRequest$1.class  
Build & Test Android Companion	Inspect Wearables Class	2026-07-16T08:05:30.5035879Z   inflating: classes_out/com/meta/media/stream/proto/ConfigureMetadataStreamRequest$Builder.class  
Build & Test Android Companion	Inspect Wearables Class	2026-07-16T08:05:30.5037083Z   inflating: classes_out/com/meta/media/stream/proto/ConfigureMetadataStreamRequest.class  
Build & Test Android Companion	Inspect Wearables Class	2026-07-16T08:05:30.5038239Z   inflating: classes_out/com/meta/media/stream/proto/ConfigureMetadataStreamResponse$1.class  
Build & Test Android Companion	Inspect Wearables Class	2026-07-16T08:05:30.5039446Z   inflating: classes_out/com/meta/media/stream/proto/ConfigureMetadataStreamResponse$Builder.class  
Build & Test Android Companion	Inspect Wearables Class	2026-07-16T08:05:30.5040659Z   inflating: classes_out/com/meta/media/stream/proto/ConfigureMetadataStreamResponse.class  
Build & Test Android Companion	Inspect Wearables Class	2026-07-16T08:05:30.5041771Z   inflating: classes_out/com/meta/media/stream/proto/ConfigureUserEngagement$1.class  
Build & Test Android Companion	Inspect Wearables Class	2026-07-16T08:05:30.5042873Z   inflating: classes_out/com/meta/media/stream/proto/ConfigureUserEngagement$Builder.class  
Build & Test Android Companion	Inspect Wearables Class	2026-07-16T08:05:30.5044524Z   inflating: classes_out/com/meta/media/stream/proto/ConfigureUserEngagement.class  
Build & Test Android Companion	Inspect Wearables Class	2026-07-16T08:05:30.5045599Z   inflating: classes_out/com/meta/media/stream/proto/ConfigureVideoStreamRequest$1.class  
Build & Test Android Companion	Inspect Wearables Class	2026-07-16T08:05:30.5046726Z   inflating: classes_out/com/meta/media/stream/proto/ConfigureVideoStreamRequest$Builder.class  
Build & Test Android Companion	Inspect Wearables Class	2026-07-16T08:05:30.5047844Z   inflating: classes_out/com/meta/media/stream/proto/ConfigureVideoStreamRequest.class  
Build & Test Android Companion	Inspect Wearables Class	2026-07-16T08:05:30.5048923Z   inflating: classes_out/com/meta/media/stream/proto/ConfigureVideoStreamResponse$1.class  
Build & Test Android Companion	Inspect Wearables Class	2026-07-16T08:05:30.5050054Z   inflating: classes_out/com/meta/media/stream/proto/ConfigureVideoStreamResponse$Builder.class  
Build & Test Android Companion	Inspect Wearables Class	2026-07-16T08:05:30.5051200Z   inflating: classes_out/com/meta/media/stream/proto/ConfigureVideoStreamResponse.class  
Build & Test Android Companion	Inspect Wearables Class	2026-07-16T08:05:30.5052261Z   inflating: classes_out/com/meta/media/stream/proto/ConnectivitySettings$1.class  
Build & Test Android Companion	Inspect Wearables Class	2026-07-16T08:05:30.5053528Z   inflating: classes_out/com/meta/media/stream/proto/ConnectivitySettings$Builder.class  
Build & Test Android Companion	Inspect Wearables Class	2026-07-16T08:05:30.5054576Z   inflating: classes_out/com/meta/media/stream/proto/ConnectivitySettings.class  
Build & Test Android Companion	Inspect Wearables Class	2026-07-16T08:05:30.5055524Z   inflating: classes_out/com/meta/media/stream/proto/ControlStreamAction$1.class  
Build & Test Android Companion	Inspect Wearables Class	2026-07-16T08:05:30.5056490Z   inflating: classes_out/com/meta/media/stream/proto/ControlStreamAction$a.class  
Build & Test Android Companion	Inspect Wearables Class	2026-07-16T08:05:30.5057436Z   inflating: classes_out/com/meta/media/stream/proto/ControlStreamAction.class  
Build & Test Android Companion	Inspect Wearables Class	2026-07-16T08:05:30.5058398Z   inflating: classes_out/com/meta/media/stream/proto/ControlStreamRequest$1.class  
Build & Test Android Companion	Inspect Wearables Class	2026-07-16T08:05:30.5059433Z   inflating: classes_out/com/meta/media/stream/proto/ControlStreamRequest$Builder.class  
Build & Test Android Companion	Inspect Wearables Class	2026-07-16T08:05:30.5060434Z   inflating: classes_out/com/meta/media/stream/proto/ControlStreamRequest.class  
Build & Test Android Companion	Inspect Wearables Class	2026-07-16T08:05:30.5061438Z   inflating: classes_out/com/meta/media/stream/proto/ControlStreamResponse$1.class  
Build & Test Android Companion	Inspect Wearables Class	2026-07-16T08:05:30.5062673Z   inflating: classes_out/com/meta/media/stream/proto/ControlStreamResponse$Builder.class  
Build & Test Android Companion	Inspect Wearables Class	2026-07-16T08:05:30.5064757Z   inflating: classes_out/com/meta/media/stream/proto/ControlStreamResponse.class  
Build & Test Android Companion	Inspect Wearables Class	2026-07-16T08:05:30.5065803Z   inflating: classes_out/com/meta/media/stream/proto/ControlStreamStopped$1.class  
Build & Test Android Companion	Inspect Wearables Class	2026-07-16T08:05:30.5066938Z   inflating: classes_out/com/meta/media/stream/proto/ControlStreamStopped$Builder.class  
Build & Test Android Companion	Inspect Wearables Class	2026-07-16T08:05:30.5067977Z   inflating: classes_out/com/meta/media/stream/proto/ControlStreamStopped.class  
Build & Test Android Companion	Inspect Wearables Class	2026-07-16T08:05:30.5068887Z   inflating: classes_out/com/meta/media/stream/proto/EISMode$1.class  
Build & Test Android Companion	Inspect Wearables Class	2026-07-16T08:05:30.5069685Z   inflating: classes_out/com/meta/media/stream/proto/EISMode$a.class  
Build & Test Android Companion	Inspect Wearables Class	2026-07-16T08:05:30.5070489Z   inflating: classes_out/com/meta/media/stream/proto/EISMode.class  
Build & Test Android Companion	Inspect Wearables Class	2026-07-16T08:05:30.5071267Z   inflating: classes_out/com/meta/media/stream/proto/Error$1.class  
Build & Test Android Companion	Inspect Wearables Class	2026-07-16T08:05:30.5072074Z   inflating: classes_out/com/meta/media/stream/proto/Error$Builder.class  
Build & Test Android Companion	Inspect Wearables Class	2026-07-16T08:05:30.5073070Z   inflating: classes_out/com/meta/media/stream/proto/Error.class  
Build & Test Android Companion	Inspect Wearables Class	2026-07-16T08:05:30.5074105Z   inflating: classes_out/com/meta/media/stream/proto/ErrorCode$1.class  
Build & Test Android Companion	Inspect Wearables Class	2026-07-16T08:05:30.5074939Z   inflating: classes_out/com/meta/media/stream/proto/ErrorCode$a.class  
Build & Test Android Companion	Inspect Wearables Class	2026-07-16T08:05:30.5075760Z   inflating: classes_out/com/meta/media/stream/proto/ErrorCode.class  
Build & Test Android Companion	Inspect Wearables Class	2026-07-16T08:05:30.5076593Z   inflating: classes_out/com/meta/media/stream/proto/EventStatus$1.class  
Build & Test Android Companion	Inspect Wearables Class	2026-07-16T08:05:30.5077448Z   inflating: classes_out/com/meta/media/stream/proto/EventStatus$a.class  
Build & Test Android Companion	Inspect Wearables Class	2026-07-16T08:05:30.5078283Z   inflating: classes_out/com/meta/media/stream/proto/EventStatus.class  
Build & Test Android Companion	Inspect Wearables Class	2026-07-16T08:05:30.5079112Z   inflating: classes_out/com/meta/media/stream/proto/EventType$1.class  
Build & Test Android Companion	Inspect Wearables Class	2026-07-16T08:05:30.5079900Z   inflating: classes_out/com/meta/media/stream/proto/EventType$a.class  
Build & Test Android Companion	Inspect Wearables Class	2026-07-16T08:05:30.5080719Z   inflating: classes_out/com/meta/media/stream/proto/EventType.class  
Build & Test Android Companion	Inspect Wearables Class	2026-07-16T08:05:30.5081554Z   inflating: classes_out/com/meta/media/stream/proto/MessageType$1.class  
Build & Test Android Companion	Inspect Wearables Class	2026-07-16T08:05:30.5082379Z   inflating: classes_out/com/meta/media/stream/proto/MessageType$a.class  
Build & Test Android Companion	Inspect Wearables Class	2026-07-16T08:05:30.5083237Z   inflating: classes_out/com/meta/media/stream/proto/MessageType.class  
Build & Test Android Companion	Inspect Wearables Class	2026-07-16T08:05:30.5084663Z   inflating: classes_out/com/meta/media/stream/proto/MetadataTag$1.class  
Build & Test Android Companion	Inspect Wearables Class	2026-07-16T08:05:30.5085513Z   inflating: classes_out/com/meta/media/stream/proto/MetadataTag$a.class  
Build & Test Android Companion	Inspect Wearables Class	2026-07-16T08:05:30.5086319Z   inflating: classes_out/com/meta/media/stream/proto/MetadataTag.class  
Build & Test Android Companion	Inspect Wearables Class	2026-07-16T08:05:30.5087218Z   inflating: classes_out/com/meta/media/stream/proto/ModelResponseMessage$1.class  
Build & Test Android Companion	Inspect Wearables Class	2026-07-16T08:05:30.5088265Z   inflating: classes_out/com/meta/media/stream/proto/ModelResponseMessage$Builder.class  
Build & Test Android Companion	Inspect Wearables Class	2026-07-16T08:05:30.5089302Z   inflating: classes_out/com/meta/media/stream/proto/ModelResponseMessage.class  
Build & Test Android Companion	Inspect Wearables Class	2026-07-16T08:05:30.5090260Z   inflating: classes_out/com/meta/media/stream/proto/OverrideSettings$1.class  
Build & Test Android Companion	Inspect Wearables Class	2026-07-16T08:05:30.5091239Z   inflating: classes_out/com/meta/media/stream/proto/OverrideSettings$Builder.class  
Build & Test Android Companion	Inspect Wearables Class	2026-07-16T08:05:30.5092188Z   inflating: classes_out/com/meta/media/stream/proto/OverrideSettings.class  
Build & Test Android Companion	Inspect Wearables Class	2026-07-16T08:05:30.5093034Z   inflating: classes_out/com/meta/media/stream/proto/ResponseEvent$1.class  
Build & Test Android Companion	Inspect Wearables Class	2026-07-16T08:05:30.5094190Z   inflating: classes_out/com/meta/media/stream/proto/ResponseEvent$Builder.class  
Build & Test Android Companion	Inspect Wearables Class	2026-07-16T08:05:30.5095122Z   inflating: classes_out/com/meta/media/stream/proto/ResponseEvent.class  
Build & Test Android Companion	Inspect Wearables Class	2026-07-16T08:05:30.5096013Z   inflating: classes_out/com/meta/media/stream/proto/SessionSettings$1.class  
Build & Test Android Companion	Inspect Wearables Class	2026-07-16T08:05:30.5096953Z   inflating: classes_out/com/meta/media/stream/proto/SessionSettings$Builder.class  
Build & Test Android Companion	Inspect Wearables Class	2026-07-16T08:05:30.5097892Z   inflating: classes_out/com/meta/media/stream/proto/SessionSettings.class  
Build & Test Android Companion	Inspect Wearables Class	2026-07-16T08:05:30.5098794Z   inflating: classes_out/com/meta/media/stream/proto/StreamMetadata$1.class  
Build & Test Android Companion	Inspect Wearables Class	2026-07-16T08:05:30.5099924Z   inflating: classes_out/com/meta/media/stream/proto/StreamMetadata$Builder.class  
Build & Test Android Companion	Inspect Wearables Class	2026-07-16T08:05:30.5100834Z   inflating: classes_out/com/meta/media/stream/proto/StreamMetadata.class  
Build & Test Android Companion	Inspect Wearables Class	2026-07-16T08:05:30.5101680Z   inflating: classes_out/com/meta/media/stream/proto/StreamMode$1.class  
Build & Test Android Companion	Inspect Wearables Class	2026-07-16T08:05:30.5102500Z   inflating: classes_out/com/meta/media/stream/proto/StreamMode$a.class  
Build & Test Android Companion	Inspect Wearables Class	2026-07-16T08:05:30.5103838Z   inflating: classes_out/com/meta/media/stream/proto/StreamMode.class  
Build & Test Android Companion	Inspect Wearables Class	2026-07-16T08:05:30.5104777Z   inflating: classes_out/com/meta/media/stream/proto/StreamStoppedReason$1.class  
Build & Test Android Companion	Inspect Wearables Class	2026-07-16T08:05:30.5105757Z   inflating: classes_out/com/meta/media/stream/proto/StreamStoppedReason$a.class  
Build & Test Android Companion	Inspect Wearables Class	2026-07-16T08:05:30.5106720Z   inflating: classes_out/com/meta/media/stream/proto/StreamStoppedReason.class  
Build & Test Android Companion	Inspect Wearables Class	2026-07-16T08:05:30.5107688Z   inflating: classes_out/com/meta/media/stream/proto/StreamTelemetryEvent$1.class  
Build & Test Android Companion	Inspect Wearables Class	2026-07-16T08:05:30.5108647Z   inflating: classes_out/com/meta/media/stream/proto/StreamTelemetryEvent$a.class  
Build & Test Android Companion	Inspect Wearables Class	2026-07-16T08:05:30.5109827Z   inflating: classes_out/com/meta/media/stream/proto/StreamTelemetryEvent$Builder.class  
Build & Test Android Companion	Inspect Wearables Class	2026-07-16T08:05:30.5110846Z   inflating: classes_out/com/meta/media/stream/proto/StreamTelemetryEvent$b.class  
Build & Test Android Companion	Inspect Wearables Class	2026-07-16T08:05:30.5111838Z   inflating: classes_out/com/meta/media/stream/proto/StreamTelemetryEvent$c.class  
Build & Test Android Companion	Inspect Wearables Class	2026-07-16T08:05:30.5112820Z   inflating: classes_out/com/meta/media/stream/proto/StreamTelemetryEvent.class  
Build & Test Android Companion	Inspect Wearables Class	2026-07-16T08:05:30.5113977Z   inflating: classes_out/com/meta/media/stream/proto/StreamTelemetryEventType$1.class  
Build & Test Android Companion	Inspect Wearables Class	2026-07-16T08:05:30.5115021Z   inflating: classes_out/com/meta/media/stream/proto/StreamTelemetryEventType$a.class  
Build & Test Android Companion	Inspect Wearables Class	2026-07-16T08:05:30.5116092Z   inflating: classes_out/com/meta/media/stream/proto/StreamTelemetryEventType.class  
Build & Test Android Companion	Inspect Wearables Class	2026-07-16T08:05:30.5117130Z   inflating: classes_out/com/meta/media/stream/proto/StreamingLifecycleEvent$1.class  
Build & Test Android Companion	Inspect Wearables Class	2026-07-16T08:05:30.5118165Z   inflating: classes_out/com/meta/media/stream/proto/StreamingLifecycleEvent$a.class  
Build & Test Android Companion	Inspect Wearables Class	2026-07-16T08:05:30.5119142Z   inflating: classes_out/com/meta/media/stream/proto/StreamingLifecycleEvent.class  
Build & Test Android Companion	Inspect Wearables Class	2026-07-16T08:05:30.5120231Z   inflating: classes_out/com/meta/media/stream/proto/StreamingLifecycleNotification$1.class  
Build & Test Android Companion	Inspect Wearables Class	2026-07-16T08:05:30.5121417Z   inflating: classes_out/com/meta/media/stream/proto/StreamingLifecycleNotification$Builder.class  
Build & Test Android Companion	Inspect Wearables Class	2026-07-16T08:05:30.5122617Z   inflating: classes_out/com/meta/media/stream/proto/StreamingLifecycleNotification.class  
Build & Test Android Companion	Inspect Wearables Class	2026-07-16T08:05:30.5124366Z   inflating: classes_out/com/meta/media/stream/proto/SupportedConfiguration$1.class  
Build & Test Android Companion	Inspect Wearables Class	2026-07-16T08:05:30.5125446Z   inflating: classes_out/com/meta/media/stream/proto/SupportedConfiguration$Builder.class  
Build & Test Android Companion	Inspect Wearables Class	2026-07-16T08:05:30.5126505Z   inflating: classes_out/com/meta/media/stream/proto/SupportedConfiguration.class  
Build & Test Android Companion	Inspect Wearables Class	2026-07-16T08:05:30.5127453Z   inflating: classes_out/com/meta/media/stream/proto/SupportedVersions$1.class  
Build & Test Android Companion	Inspect Wearables Class	2026-07-16T08:05:30.5128465Z   inflating: classes_out/com/meta/media/stream/proto/SupportedVersions$Builder.class  
Build & Test Android Companion	Inspect Wearables Class	2026-07-16T08:05:30.5129459Z   inflating: classes_out/com/meta/media/stream/proto/SupportedVersions.class  
Build & Test Android Companion	Inspect Wearables Class	2026-07-16T08:05:30.5130320Z   inflating: classes_out/com/meta/media/stream/proto/SystemHealthEvent$1.class  
Build & Test Android Companion	Inspect Wearables Class	2026-07-16T08:05:30.5131299Z   inflating: classes_out/com/meta/media/stream/proto/SystemHealthEvent$Builder.class  
Build & Test Android Companion	Inspect Wearables Class	2026-07-16T08:05:30.5132279Z   inflating: classes_out/com/meta/media/stream/proto/SystemHealthEvent.class  
Build & Test Android Companion	Inspect Wearables Class	2026-07-16T08:05:30.5133173Z   inflating: classes_out/com/meta/media/stream/proto/TimerSettings$1.class  
Build & Test Android Companion	Inspect Wearables Class	2026-07-16T08:05:30.5134307Z   inflating: classes_out/com/meta/media/stream/proto/TimerSettings$Builder.class  
Build & Test Android Companion	Inspect Wearables Class	2026-07-16T08:05:30.5135241Z   inflating: classes_out/com/meta/media/stream/proto/TimerSettings.class  
Build & Test Android Companion	Inspect Wearables Class	2026-07-16T08:05:30.5136129Z   inflating: classes_out/com/meta/media/stream/proto/UserEventAction$1.class  
Build & Test Android Companion	Inspect Wearables Class	2026-07-16T08:05:30.5137230Z   inflating: classes_out/com/meta/media/stream/proto/UserEventAction$a.class  
Build & Test Android Companion	Inspect Wearables Class	2026-07-16T08:05:30.5138085Z   inflating: classes_out/com/meta/media/stream/proto/UserEventAction.class  
Build & Test Android Companion	Inspect Wearables Class	2026-07-16T08:05:30.5139038Z   inflating: classes_out/com/meta/media/stream/proto/UserEventNotification$1.class  
Build & Test Android Companion	Inspect Wearables Class	2026-07-16T08:05:30.5140091Z   inflating: classes_out/com/meta/media/stream/proto/UserEventNotification$Builder.class  
Build & Test Android Companion	Inspect Wearables Class	2026-07-16T08:05:30.5141131Z   inflating: classes_out/com/meta/media/stream/proto/UserEventNotification.class  
Build & Test Android Companion	Inspect Wearables Class	2026-07-16T08:05:30.5142074Z   inflating: classes_out/com/meta/media/stream/proto/UserEventType$1.class  
Build & Test Android Companion	Inspect Wearables Class	2026-07-16T08:05:30.5142965Z   inflating: classes_out/com/meta/media/stream/proto/UserEventType$a.class  
Build & Test Android Companion	Inspect Wearables Class	2026-07-16T08:05:30.5144421Z   inflating: classes_out/com/meta/media/stream/proto/UserEventType.class  
Build & Test Android Companion	Inspect Wearables Class	2026-07-16T08:05:30.5145301Z   inflating: classes_out/com/meta/media/stream/proto/VideoConfig$1.class  
Build & Test Android Companion	Inspect Wearables Class	2026-07-16T08:05:30.5146200Z   inflating: classes_out/com/meta/media/stream/proto/VideoConfig$Builder.class  
Build & Test Android Companion	Inspect Wearables Class	2026-07-16T08:05:30.5147293Z   inflating: classes_out/com/meta/media/stream/proto/VideoConfig.class  
Build & Test Android Companion	Inspect Wearables Class	2026-07-16T08:05:30.5148155Z   inflating: classes_out/com/meta/media/stream/proto/VideoQuality$1.class  
Build & Test Android Companion	Inspect Wearables Class	2026-07-16T08:05:30.5149025Z   inflating: classes_out/com/meta/media/stream/proto/VideoQuality$a.class  
Build & Test Android Companion	Inspect Wearables Class	2026-07-16T08:05:30.5149851Z   inflating: classes_out/com/meta/media/stream/proto/VideoQuality.class  
Build & Test Android Companion	Inspect Wearables Class	2026-07-16T08:05:30.5150741Z   inflating: classes_out/com/meta/media/stream/proto/ViewerStatEvent$1.class  
Build & Test Android Companion	Inspect Wearables Class	2026-07-16T08:05:30.5151704Z   inflating: classes_out/com/meta/media/stream/proto/ViewerStatEvent$Builder.class  
Build & Test Android Companion	Inspect Wearables Class	2026-07-16T08:05:30.5152658Z   inflating: classes_out/com/meta/media/stream/proto/ViewerStatEvent.class  
Build & Test Android Companion	Inspect Wearables Class	2026-07-16T08:05:30.5153825Z   inflating: classes_out/com/meta/wearable/dat/camera/EventCoordinatorFactory.class  
Build & Test Android Companion	Inspect Wearables Class	2026-07-16T08:05:30.5154932Z   inflating: classes_out/com/meta/wearable/dat/camera/SessionStreamExtensionsKt.class  
Build & Test Android Companion	Inspect Wearables Class	2026-07-16T08:05:30.5155808Z   inflating: classes_out/com/meta/wearable/dat/camera/Stream.class  
Build & Test Android Companion	Inspect Wearables Class	2026-07-16T08:05:30.5156738Z   inflating: classes_out/com/meta/wearable/dat/camera/XMSEventCoordinatorFactory.class  
Build & Test Android Companion	Inspect Wearables Class	2026-07-16T08:05:30.5157800Z   inflating: classes_out/com/meta/wearable/dat/camera/internal/DecoderFactory.class  
Build & Test Android Companion	Inspect Wearables Class	2026-07-16T08:05:30.5158879Z   inflating: classes_out/com/meta/wearable/dat/camera/internal/DefaultDecoderFactory.class  
Build & Test Android Companion	Inspect Wearables Class	2026-07-16T08:05:30.5159994Z   inflating: classes_out/com/meta/wearable/dat/camera/internal/DefaultDeviceProvider.class  
Build & Test Android Companion	Inspect Wearables Class	2026-07-16T08:05:30.5161111Z   inflating: classes_out/com/meta/wearable/dat/camera/internal/DefaultSessionFactory.class  
Build & Test Android Companion	Inspect Wearables Class	2026-07-16T08:05:30.5162125Z   inflating: classes_out/com/meta/wearable/dat/camera/internal/DeviceProvider.class  
Build & Test Android Companion	Inspect Wearables Class	2026-07-16T08:05:30.5163179Z   inflating: classes_out/com/meta/wearable/dat/camera/internal/RandomUuidGenerator.class  
Build & Test Android Companion	Inspect Wearables Class	2026-07-16T08:05:30.5164974Z   inflating: classes_out/com/meta/wearable/dat/camera/internal/SessionFactory.class  
Build & Test Android Companion	Inspect Wearables Class	2026-07-16T08:05:30.5166090Z   inflating: classes_out/com/meta/wearable/dat/camera/internal/StreamEventCoordinator$1.class  
Build & Test Android Companion	Inspect Wearables Class	2026-07-16T08:05:30.5167414Z   inflating: classes_out/com/meta/wearable/dat/camera/internal/StreamEventCoordinator$Companion.class  
Build & Test Android Companion	Inspect Wearables Class	2026-07-16T08:05:30.5168646Z   inflating: classes_out/com/meta/wearable/dat/camera/internal/StreamEventCoordinator$Listener.class  
Build & Test Android Companion	Inspect Wearables Class	2026-07-16T08:05:30.5169879Z   inflating: classes_out/com/meta/wearable/dat/camera/internal/StreamEventCoordinator$Phase.class  
Build & Test Android Companion	Inspect Wearables Class	2026-07-16T08:05:30.5171311Z   inflating: classes_out/com/meta/wearable/dat/camera/internal/StreamEventCoordinator$handleCapabilityResponseLocked$1.class  
Build & Test Android Companion	Inspect Wearables Class	2026-07-16T08:05:30.5172911Z   inflating: classes_out/com/meta/wearable/dat/camera/internal/StreamEventCoordinator$handleCapabilityResponseLocked$2.class  
Build & Test Android Companion	Inspect Wearables Class	2026-07-16T08:05:30.5174746Z   inflating: classes_out/com/meta/wearable/dat/camera/internal/StreamEventCoordinator$handleCapabilityResponseLocked$3.class  
Build & Test Android Companion	Inspect Wearables Class	2026-07-16T08:05:30.5176553Z   inflating: classes_out/com/meta/wearable/dat/camera/internal/StreamEventCoordinator$handleCapabilityResponseLocked$4.class  
Build & Test Android Companion	Inspect Wearables Class	2026-07-16T08:05:30.5178245Z   inflating: classes_out/com/meta/wearable/dat/camera/internal/StreamEventCoordinator$handleCapabilityResponseLocked$payload$1.class  
Build & Test Android Companion	Inspect Wearables Class	2026-07-16T08:05:30.5179957Z   inflating: classes_out/com/meta/wearable/dat/camera/internal/StreamEventCoordinator$handleErrorLocked$1$retryRunnable$1.class  
Build & Test Android Companion	Inspect Wearables Class	2026-07-16T08:05:30.5181464Z   inflating: classes_out/com/meta/wearable/dat/camera/internal/StreamEventCoordinator$handleErrorLocked$1.class  
Build & Test Android Companion	Inspect Wearables Class	2026-07-16T08:05:30.5182868Z   inflating: classes_out/com/meta/wearable/dat/camera/internal/StreamEventCoordinator$handleErrorLocked$2.class  
Build & Test Android Companion	Inspect Wearables Class	2026-07-16T08:05:30.5184887Z   inflating: classes_out/com/meta/wearable/dat/camera/internal/StreamEventCoordinator$handleEventLocked$1.class  
Build & Test Android Companion	Inspect Wearables Class	2026-07-16T08:05:30.5186322Z   inflating: classes_out/com/meta/wearable/dat/camera/internal/StreamEventCoordinator$handleEventLocked$2.class  
Build & Test Android Companion	Inspect Wearables Class	2026-07-16T08:05:30.5187893Z   inflating: classes_out/com/meta/wearable/dat/camera/internal/StreamEventCoordinator$handleEventLocked$3.class  
Build & Test Android Companion	Inspect Wearables Class	2026-07-16T08:05:30.5189314Z   inflating: classes_out/com/meta/wearable/dat/camera/internal/StreamEventCoordinator$handleEventLocked$payload$1.class  
Build & Test Android Companion	Inspect Wearables Class	2026-07-16T08:05:30.5190856Z   inflating: classes_out/com/meta/wearable/dat/camera/internal/StreamEventCoordinator$handleImmediateSendFailure$followUp$1$1.class  
Build & Test Android Companion	Inspect Wearables Class	2026-07-16T08:05:30.5192551Z   inflating: classes_out/com/meta/wearable/dat/camera/internal/StreamEventCoordinator$handleImmediateSendFailure$followUp$1$2.class  
Build & Test Android Companion	Inspect Wearables Class	2026-07-16T08:05:30.5194345Z   inflating: classes_out/com/meta/wearable/dat/camera/internal/StreamEventCoordinator$handleResponseLocked$1.class  
Build & Test Android Companion	Inspect Wearables Class	2026-07-16T08:05:30.5195780Z   inflating: classes_out/com/meta/wearable/dat/camera/internal/StreamEventCoordinator$openChannelLocked$1.class  
Build & Test Android Companion	Inspect Wearables Class	2026-07-16T08:05:30.5197136Z   inflating: classes_out/com/meta/wearable/dat/camera/internal/StreamEventCoordinator$openChannelLocked$2.class  
Build & Test Android Companion	Inspect Wearables Class	2026-07-16T08:05:30.5198561Z   inflating: classes_out/com/meta/wearable/dat/camera/internal/StreamEventCoordinator$openChannelLocked$3.class  
Build & Test Android Companion	Inspect Wearables Class	2026-07-16T08:05:30.5199944Z   inflating: classes_out/com/meta/wearable/dat/camera/internal/StreamEventCoordinator$openChannelLocked$4.class  
Build & Test Android Companion	Inspect Wearables Class	2026-07-16T08:05:30.5201396Z   inflating: classes_out/com/meta/wearable/dat/camera/internal/StreamEventCoordinator$prepareStartSendLocked$1.class  
Build & Test Android Companion	Inspect Wearables Class	2026-07-16T08:05:30.5203138Z   inflating: classes_out/com/meta/wearable/dat/camera/internal/StreamEventCoordinator$scheduleBootstrapTimeoutLocked$timeoutRunnable$1$followUp$1$1.class  
Build & Test Android Companion	Inspect Wearables Class	2026-07-16T08:05:30.5205685Z   inflating: classes_out/com/meta/wearable/dat/camera/internal/StreamEventCoordinator$scheduleBootstrapTimeoutLocked$timeoutRunnable$1.class  
Build & Test Android Companion	Inspect Wearables Class	2026-07-16T08:05:30.5207205Z   inflating: classes_out/com/meta/wearable/dat/camera/internal/StreamEventCoordinator.class  
Build & Test Android Companion	Inspect Wearables Class	2026-07-16T08:05:30.5208246Z   inflating: classes_out/com/meta/wearable/dat/camera/internal/StreamFactory.class  
Build & Test Android Companion	Inspect Wearables Class	2026-07-16T08:05:30.5209321Z   inflating: classes_out/com/meta/wearable/dat/camera/internal/StreamImpl$Companion.class  
Build & Test Android Companion	Inspect Wearables Class	2026-07-16T08:05:30.5210502Z   inflating: classes_out/com/meta/wearable/dat/camera/internal/StreamImpl$PhotoCaptureRequest.class  
Build & Test Android Companion	Inspect Wearables Class	2026-07-16T08:05:30.5211717Z   inflating: classes_out/com/meta/wearable/dat/camera/internal/StreamImpl$WhenMappings.class  
Build & Test Android Companion	Inspect Wearables Class	2026-07-16T08:05:30.5212882Z   inflating: classes_out/com/meta/wearable/dat/camera/internal/StreamImpl$audioEventListener$2$1.class  
Build & Test Android Companion	Inspect Wearables Class	2026-07-16T08:05:30.5214377Z   inflating: classes_out/com/meta/wearable/dat/camera/internal/StreamImpl$audioEventListener$2.class  
Build & Test Android Companion	Inspect Wearables Class	2026-07-16T08:05:30.5215634Z   inflating: classes_out/com/meta/wearable/dat/camera/internal/StreamImpl$bootstrapDamStream$2.class  
Build & Test Android Companion	Inspect Wearables Class	2026-07-16T08:05:30.5216970Z   inflating: classes_out/com/meta/wearable/dat/camera/internal/StreamImpl$bootstrapDamStream$controlCoordinator$1.class  
Build & Test Android Companion	Inspect Wearables Class	2026-07-16T08:05:30.5218321Z   inflating: classes_out/com/meta/wearable/dat/camera/internal/StreamImpl$capturePhoto$1.class  
Build & Test Android Companion	Inspect Wearables Class	2026-07-16T08:05:30.5219675Z   inflating: classes_out/com/meta/wearable/dat/camera/internal/StreamImpl$capturePhoto$2$1$1.class  
Build & Test Android Companion	Inspect Wearables Class	2026-07-16T08:05:30.5220848Z   inflating: classes_out/com/meta/wearable/dat/camera/internal/StreamImpl$capturePhoto$2$1$2.class  
Build & Test Android Companion	Inspect Wearables Class	2026-07-16T08:05:30.5222026Z   inflating: classes_out/com/meta/wearable/dat/camera/internal/StreamImpl$capturePhoto$2.class  
Build & Test Android Companion	Inspect Wearables Class	2026-07-16T08:05:30.5223231Z   inflating: classes_out/com/meta/wearable/dat/camera/internal/StreamImpl$errorEventListener$2$1.class  
Build & Test Android Companion	Inspect Wearables Class	2026-07-16T08:05:30.5225429Z   inflating: classes_out/com/meta/wearable/dat/camera/internal/StreamImpl$errorEventListener$2.class  
Build & Test Android Companion	Inspect Wearables Class	2026-07-16T08:05:30.5226684Z   inflating: classes_out/com/meta/wearable/dat/camera/internal/StreamImpl$healthEventListener$2$1.class  
Build & Test Android Companion	Inspect Wearables Class	2026-07-16T08:05:30.5227972Z   inflating: classes_out/com/meta/wearable/dat/camera/internal/StreamImpl$healthEventListener$2.class  
Build & Test Android Companion	Inspect Wearables Class	2026-07-16T08:05:30.5229272Z   inflating: classes_out/com/meta/wearable/dat/camera/internal/StreamImpl$lifecycleEventListener$2$1.class  
Build & Test Android Companion	Inspect Wearables Class	2026-07-16T08:05:30.5230721Z   inflating: classes_out/com/meta/wearable/dat/camera/internal/StreamImpl$lifecycleEventListener$2.class  
Build & Test Android Companion	Inspect Wearables Class	2026-07-16T08:05:30.5232133Z   inflating: classes_out/com/meta/wearable/dat/camera/internal/StreamImpl$photoEventListener$2$1$WhenMappings.class  
Build & Test Android Companion	Inspect Wearables Class	2026-07-16T08:05:30.5233739Z   inflating: classes_out/com/meta/wearable/dat/camera/internal/StreamImpl$photoEventListener$2$1.class  
Build & Test Android Companion	Inspect Wearables Class	2026-07-16T08:05:30.5234995Z   inflating: classes_out/com/meta/wearable/dat/camera/internal/StreamImpl$photoEventListener$2.class  
Build & Test Android Companion	Inspect Wearables Class	2026-07-16T08:05:30.5236170Z   inflating: classes_out/com/meta/wearable/dat/camera/internal/StreamImpl$start$1.class  
Build & Test Android Companion	Inspect Wearables Class	2026-07-16T08:05:30.5237321Z   inflating: classes_out/com/meta/wearable/dat/camera/internal/StreamImpl$videoEventListener$2$1.class  
Build & Test Android Companion	Inspect Wearables Class	2026-07-16T08:05:30.5238505Z   inflating: classes_out/com/meta/wearable/dat/camera/internal/StreamImpl$videoEventListener$2.class  
Build & Test Android Companion	Inspect Wearables Class	2026-07-16T08:05:30.5239629Z   inflating: classes_out/com/meta/wearable/dat/camera/internal/StreamImpl.class  
Build & Test Android Companion	Inspect Wearables Class	2026-07-16T08:05:30.5240663Z   inflating: classes_out/com/meta/wearable/dat/camera/internal/StreamInitQPLTracker.class  
Build & Test Android Companion	Inspect Wearables Class	2026-07-16T08:05:30.5241703Z   inflating: classes_out/com/meta/wearable/dat/camera/internal/StreamSettings.class  
Build & Test Android Companion	Inspect Wearables Class	2026-07-16T08:05:30.5242752Z   inflating: classes_out/com/meta/wearable/dat/camera/internal/StreamingStateData.class  
Build & Test Android Companion	Inspect Wearables Class	2026-07-16T08:05:30.5244409Z   inflating: classes_out/com/meta/wearable/dat/camera/internal/UuidGenerator.class  
Build & Test Android Companion	Inspect Wearables Class	2026-07-16T08:05:30.5245482Z   inflating: classes_out/com/meta/wearable/dat/camera/internal/WarpEventCoordinator$1.class  
Build & Test Android Companion	Inspect Wearables Class	2026-07-16T08:05:30.5246588Z   inflating: classes_out/com/meta/wearable/dat/camera/internal/WarpEventCoordinator$2.class  
Build & Test Android Companion	Inspect Wearables Class	2026-07-16T08:05:30.5247762Z   inflating: classes_out/com/meta/wearable/dat/camera/internal/WarpEventCoordinator$Companion.class  
Build & Test Android Companion	Inspect Wearables Class	2026-07-16T08:05:30.5249072Z   inflating: classes_out/com/meta/wearable/dat/camera/internal/WarpEventCoordinator$openChannelAndRegister$1.class  
Build & Test Android Companion	Inspect Wearables Class	2026-07-16T08:05:30.5250560Z   inflating: classes_out/com/meta/wearable/dat/camera/internal/WarpEventCoordinator$openChannelAndRegister$2.class  
Build & Test Android Companion	Inspect Wearables Class	2026-07-16T08:05:30.5251978Z   inflating: classes_out/com/meta/wearable/dat/camera/internal/WarpEventCoordinator$openChannelAndRegister$3.class  
Build & Test Android Companion	Inspect Wearables Class	2026-07-16T08:05:30.5253593Z   inflating: classes_out/com/meta/wearable/dat/camera/internal/WarpEventCoordinator$openChannelAndRegister$4.class  
Build & Test Android Companion	Inspect Wearables Class	2026-07-16T08:05:30.5255093Z   inflating: classes_out/com/meta/wearable/dat/camera/internal/WarpEventCoordinator$openChannelAndRegister$5.class  
Build & Test Android Companion	Inspect Wearables Class	2026-07-16T08:05:30.5256604Z   inflating: classes_out/com/meta/wearable/dat/camera/internal/WarpEventCoordinator$openChannelAndRegister$channel$1$1.class  
Build & Test Android Companion	Inspect Wearables Class	2026-07-16T08:05:30.5258179Z   inflating: classes_out/com/meta/wearable/dat/camera/internal/WarpEventCoordinator$openChannelAndRegister$channel$1$2$1$1.class  
Build & Test Android Companion	Inspect Wearables Class	2026-07-16T08:05:30.5259967Z   inflating: classes_out/com/meta/wearable/dat/camera/internal/WarpEventCoordinator$openChannelAndRegister$channel$1$2.class  
Build & Test Android Companion	Inspect Wearables Class	2026-07-16T08:05:30.5261527Z   inflating: classes_out/com/meta/wearable/dat/camera/internal/WarpEventCoordinator$openChannelAndRegister$channel$1$3.class  
Build & Test Android Companion	Inspect Wearables Class	2026-07-16T08:05:30.5263022Z   inflating: classes_out/com/meta/wearable/dat/camera/internal/WarpEventCoordinator$setupAudioDecoder$1$1.class  
Build & Test Android Companion	Inspect Wearables Class	2026-07-16T08:05:30.5265179Z   inflating: classes_out/com/meta/wearable/dat/camera/internal/WarpEventCoordinator$setupVideoDecoder$1$1.class  
Build & Test Android Companion	Inspect Wearables Class	2026-07-16T08:05:30.5266531Z   inflating: classes_out/com/meta/wearable/dat/camera/internal/WarpEventCoordinator.class  
Build & Test Android Companion	Inspect Wearables Class	2026-07-16T08:05:30.5267654Z   inflating: classes_out/com/meta/wearable/dat/camera/internal/WarpTransport$Companion.class  
Build & Test Android Companion	Inspect Wearables Class	2026-07-16T08:05:30.5268721Z   inflating: classes_out/com/meta/wearable/dat/camera/internal/WarpTransport.class  
Build & Test Android Companion	Inspect Wearables Class	2026-07-16T08:05:30.5269809Z   inflating: classes_out/com/meta/wearable/dat/camera/internal/XMSEventCoordinator$Companion.class  
Build & Test Android Companion	Inspect Wearables Class	2026-07-16T08:05:30.5271247Z   inflating: classes_out/com/meta/wearable/dat/camera/internal/XMSEventCoordinator$contextProvider$1.class  
Build & Test Android Companion	Inspect Wearables Class	2026-07-16T08:05:30.5272629Z   inflating: classes_out/com/meta/wearable/dat/camera/internal/XMSEventCoordinator$initialize$1.class  
Build & Test Android Companion	Inspect Wearables Class	2026-07-16T08:05:30.5274088Z   inflating: classes_out/com/meta/wearable/dat/camera/internal/XMSEventCoordinator$sendEvent$1.class  
Build & Test Android Companion	Inspect Wearables Class	2026-07-16T08:05:30.5275352Z   inflating: classes_out/com/meta/wearable/dat/camera/internal/XMSEventCoordinator$sendEvent$2$1.class  
Build & Test Android Companion	Inspect Wearables Class	2026-07-16T08:05:30.5276592Z   inflating: classes_out/com/meta/wearable/dat/camera/internal/XMSEventCoordinator$sendEvent$3.class  
Build & Test Android Companion	Inspect Wearables Class	2026-07-16T08:05:30.5277782Z   inflating: classes_out/com/meta/wearable/dat/camera/internal/XMSEventCoordinator$sendEvent$4$1.class  
Build & Test Android Companion	Inspect Wearables Class	2026-07-16T08:05:30.5279024Z   inflating: classes_out/com/meta/wearable/dat/camera/internal/XMSEventCoordinator$sendEvent$4.class  
Build & Test Android Companion	Inspect Wearables Class	2026-07-16T08:05:30.5280245Z   inflating: classes_out/com/meta/wearable/dat/camera/internal/XMSEventCoordinator$sendEvent$5.class  
Build & Test Android Companion	Inspect Wearables Class	2026-07-16T08:05:30.5281520Z   inflating: classes_out/com/meta/wearable/dat/camera/internal/XMSEventCoordinator$setupAudioDecoder$1$1.class  
Build & Test Android Companion	Inspect Wearables Class	2026-07-16T08:05:30.5282977Z   inflating: classes_out/com/meta/wearable/dat/camera/internal/XMSEventCoordinator$streamingErrorEventListener$1.class  
Build & Test Android Companion	Inspect Wearables Class	2026-07-16T08:05:30.5285097Z   inflating: classes_out/com/meta/wearable/dat/camera/internal/XMSEventCoordinator$terminate$1.class  
Build & Test Android Companion	Inspect Wearables Class	2026-07-16T08:05:30.5286360Z   inflating: classes_out/com/meta/wearable/dat/camera/internal/XMSEventCoordinator$userEventListener$1.class  
Build & Test Android Companion	Inspect Wearables Class	2026-07-16T08:05:30.5287582Z   inflating: classes_out/com/meta/wearable/dat/camera/internal/XMSEventCoordinator.class  
Build & Test Android Companion	Inspect Wearables Class	2026-07-16T08:05:30.5288667Z   inflating: classes_out/com/meta/wearable/dat/camera/internal/abr/AbrLadderGenerator.class  
Build & Test Android Companion	Inspect Wearables Class	2026-07-16T08:05:30.5289906Z   inflating: classes_out/com/meta/wearable/dat/camera/internal/abr/BitrateLadderProvider$Companion.class  
Build & Test Android Companion	Inspect Wearables Class	2026-07-16T08:05:30.5291208Z   inflating: classes_out/com/meta/wearable/dat/camera/internal/abr/BitrateLadderProvider$bitrateLadder$2.class  
Build & Test Android Companion	Inspect Wearables Class	2026-07-16T08:05:30.5292495Z   inflating: classes_out/com/meta/wearable/dat/camera/internal/abr/BitrateLadderProvider.class  
Build & Test Android Companion	Inspect Wearables Class	2026-07-16T08:05:30.5293864Z   inflating: classes_out/com/meta/wearable/dat/camera/internal/abr/BitrateLadderRung.class  
Build & Test Android Companion	Inspect Wearables Class	2026-07-16T08:05:30.5295077Z   inflating: classes_out/com/meta/wearable/dat/camera/internal/abr/FrameRateAdaptiveVideoConfigHandler$1.class  
Build & Test Android Companion	Inspect Wearables Class	2026-07-16T08:05:30.5296560Z   inflating: classes_out/com/meta/wearable/dat/camera/internal/abr/FrameRateAdaptiveVideoConfigHandler$Companion.class  
Build & Test Android Companion	Inspect Wearables Class	2026-07-16T08:05:30.5298129Z   inflating: classes_out/com/meta/wearable/dat/camera/internal/abr/FrameRateAdaptiveVideoConfigHandler$onVideoFrame$1.class  
Build & Test Android Companion	Inspect Wearables Class	2026-07-16T08:05:30.5299582Z   inflating: classes_out/com/meta/wearable/dat/camera/internal/abr/FrameRateAdaptiveVideoConfigHandler.class  
Build & Test Android Companion	Inspect Wearables Class	2026-07-16T08:05:30.5301031Z   inflating: classes_out/com/meta/wearable/dat/camera/internal/abr/LatencyTracker$onCriticalThresholdExceeded$1.class  
Build & Test Android Companion	Inspect Wearables Class	2026-07-16T08:05:30.5302436Z   inflating: classes_out/com/meta/wearable/dat/camera/internal/abr/LatencyTracker.class  
Build & Test Android Companion	Inspect Wearables Class	2026-07-16T08:05:30.5304028Z   inflating: classes_out/com/meta/wearable/dat/camera/internal/abr/Quality.class  
Build & Test Android Companion	Inspect Wearables Class	2026-07-16T08:05:30.5305080Z   inflating: classes_out/com/meta/wearable/dat/camera/internal/codec/AsyncFrameHandler$Companion.class  
Build & Test Android Companion	Inspect Wearables Class	2026-07-16T08:05:30.5306306Z   inflating: classes_out/com/meta/wearable/dat/camera/internal/codec/AsyncFrameHandler$Processor.class  
Build & Test Android Companion	Inspect Wearables Class	2026-07-16T08:05:30.5307555Z   inflating: classes_out/com/meta/wearable/dat/camera/internal/codec/AsyncFrameHandler.class  
Build & Test Android Companion	Inspect Wearables Class	2026-07-16T08:05:30.5308641Z   inflating: classes_out/com/meta/wearable/dat/camera/internal/codec/AudioDecoder$Companion.class  
Build & Test Android Companion	Inspect Wearables Class	2026-07-16T08:05:30.5310024Z   inflating: classes_out/com/meta/wearable/dat/camera/internal/codec/AudioDecoder$Processor$onOutputBufferAvailable$1.class  
Build & Test Android Companion	Inspect Wearables Class	2026-07-16T08:05:30.5311576Z   inflating: classes_out/com/meta/wearable/dat/camera/internal/codec/AudioDecoder$Processor.class  
Build & Test Android Companion	Inspect Wearables Class	2026-07-16T08:05:30.5312837Z   inflating: classes_out/com/meta/wearable/dat/camera/internal/codec/AudioDecoder$backgroundScope$2.class  
Build & Test Android Companion	Inspect Wearables Class	2026-07-16T08:05:30.5314249Z   inflating: classes_out/com/meta/wearable/dat/camera/internal/codec/AudioDecoder$enqueue$1.class  
Build & Test Android Companion	Inspect Wearables Class	2026-07-16T08:05:30.5315387Z   inflating: classes_out/com/meta/wearable/dat/camera/internal/codec/AudioDecoder.class  
Build & Test Android Companion	Inspect Wearables Class	2026-07-16T08:05:30.5316487Z   inflating: classes_out/com/meta/wearable/dat/camera/internal/codec/AudioDecoderKt.class  
Build & Test Android Companion	Inspect Wearables Class	2026-07-16T08:05:30.5317503Z   inflating: classes_out/com/meta/wearable/dat/camera/internal/codec/Clock.class  
Build & Test Android Companion	Inspect Wearables Class	2026-07-16T08:05:30.5318680Z   inflating: classes_out/com/meta/wearable/dat/camera/internal/codec/CodecFactory$CodecCompatibilityList.class  
Build & Test Android Companion	Inspect Wearables Class	2026-07-16T08:05:30.5319990Z   inflating: classes_out/com/meta/wearable/dat/camera/internal/codec/CodecFactory$codecListProvider$1.class  
Build & Test Android Companion	Inspect Wearables Class	2026-07-16T08:05:30.5321393Z   inflating: classes_out/com/meta/wearable/dat/camera/internal/codec/CodecFactory$resetCodecListProvider$1.class  
Build & Test Android Companion	Inspect Wearables Class	2026-07-16T08:05:30.5322614Z   inflating: classes_out/com/meta/wearable/dat/camera/internal/codec/CodecFactory.class  
Build & Test Android Companion	Inspect Wearables Class	2026-07-16T08:05:30.5324346Z   inflating: classes_out/com/meta/wearable/dat/camera/internal/codec/DecoderData.class  
Build & Test Android Companion	Inspect Wearables Class	2026-07-16T08:05:30.5325431Z   inflating: classes_out/com/meta/wearable/dat/camera/internal/codec/ImageUtils.class  
Build & Test Android Companion	Inspect Wearables Class	2026-07-16T08:05:30.5326581Z   inflating: classes_out/com/meta/wearable/dat/camera/internal/codec/MediaCodecListProvider.class  
Build & Test Android Companion	Inspect Wearables Class	2026-07-16T08:05:30.5327720Z   inflating: classes_out/com/meta/wearable/dat/camera/internal/codec/SystemClock.class  
Build & Test Android Companion	Inspect Wearables Class	2026-07-16T08:05:30.5328833Z   inflating: classes_out/com/meta/wearable/dat/camera/internal/codec/VideoDecoder$Companion.class  
Build & Test Android Companion	Inspect Wearables Class	2026-07-16T08:05:30.5330070Z   inflating: classes_out/com/meta/wearable/dat/camera/internal/codec/VideoDecoder$decoderData$1.class  
Build & Test Android Companion	Inspect Wearables Class	2026-07-16T08:05:30.5331219Z   inflating: classes_out/com/meta/wearable/dat/camera/internal/codec/VideoDecoder.class  
Build & Test Android Companion	Inspect Wearables Class	2026-07-16T08:05:30.5332506Z   inflating: classes_out/com/meta/wearable/dat/camera/internal/codec/VideoDecoderBufferHandler$onOutputBuffer$1.class  
Build & Test Android Companion	Inspect Wearables Class	2026-07-16T08:05:30.5334114Z   inflating: classes_out/com/meta/wearable/dat/camera/internal/codec/VideoDecoderBufferHandler.class  
Build & Test Android Companion	Inspect Wearables Class	2026-07-16T08:05:30.5335306Z   inflating: classes_out/com/meta/wearable/dat/camera/internal/codec/VideoDecoderKt.class  
Build & Test Android Companion	Inspect Wearables Class	2026-07-16T08:05:30.5336502Z   inflating: classes_out/com/meta/wearable/dat/camera/internal/codec/nalu/NalUnitUtil$H264NalUnitType.class  
Build & Test Android Companion	Inspect Wearables Class	2026-07-16T08:05:30.5337773Z   inflating: classes_out/com/meta/wearable/dat/camera/internal/codec/nalu/NalUnitUtil$H265NalUnitType.class  
Build & Test Android Companion	Inspect Wearables Class	2026-07-16T08:05:30.5338997Z   inflating: classes_out/com/meta/wearable/dat/camera/internal/codec/nalu/NalUnitUtil.class  
Build & Test Android Companion	Inspect Wearables Class	2026-07-16T08:05:30.5340107Z   inflating: classes_out/com/meta/wearable/dat/camera/internal/codec/types/AudioCodec.class  
Build & Test Android Companion	Inspect Wearables Class	2026-07-16T08:05:30.5341461Z   inflating: classes_out/com/meta/wearable/dat/camera/internal/codec/types/AudioCodecProfile.class  
Build & Test Android Companion	Inspect Wearables Class	2026-07-16T08:05:30.5342690Z   inflating: classes_out/com/meta/wearable/dat/camera/internal/codec/types/AudioFormat$Companion.class  
Build & Test Android Companion	Inspect Wearables Class	2026-07-16T08:05:30.5344477Z   inflating: classes_out/com/meta/wearable/dat/camera/internal/codec/types/AudioFormat.class  
Build & Test Android Companion	Inspect Wearables Class	2026-07-16T08:05:30.5345591Z   inflating: classes_out/com/meta/wearable/dat/camera/internal/codec/types/AudioFrame.class  
Build & Test Android Companion	Inspect Wearables Class	2026-07-16T08:05:30.5346762Z   inflating: classes_out/com/meta/wearable/dat/camera/internal/codec/types/PhotoFormat$Companion.class  
Build & Test Android Companion	Inspect Wearables Class	2026-07-16T08:05:30.5347929Z   inflating: classes_out/com/meta/wearable/dat/camera/internal/codec/types/PhotoFormat.class  
Build & Test Android Companion	Inspect Wearables Class	2026-07-16T08:05:30.5349019Z   inflating: classes_out/com/meta/wearable/dat/camera/internal/codec/types/PhotoType.class  
Build & Test Android Companion	Inspect Wearables Class	2026-07-16T08:05:30.5350118Z   inflating: classes_out/com/meta/wearable/dat/camera/internal/codec/types/VideoCodec.class  
Build & Test Android Companion	Inspect Wearables Class	2026-07-16T08:05:30.5351495Z   inflating: classes_out/com/meta/wearable/dat/camera/internal/codec/types/VideoFormat$Companion.class  
Build & Test Android Companion	Inspect Wearables Class	2026-07-16T08:05:30.5352665Z   inflating: classes_out/com/meta/wearable/dat/camera/internal/codec/types/VideoFormat.class  
Build & Test Android Companion	Inspect Wearables Class	2026-07-16T08:05:30.5354037Z   inflating: classes_out/com/meta/wearable/dat/camera/internal/codec/types/VideoFrame.class  
Build & Test Android Companion	Inspect Wearables Class	2026-07-16T08:05:30.5355246Z   inflating: classes_out/com/meta/wearable/dat/camera/internal/coordinator/intf/EventCoordinator.class  
Build & Test Android Companion	Inspect Wearables Class	2026-07-16T08:05:30.5356436Z   inflating: classes_out/com/meta/wearable/dat/camera/internal/corekit/CoreKitConnection$Companion.class  
Build & Test Android Companion	Inspect Wearables Class	2026-07-16T08:05:30.5357772Z   inflating: classes_out/com/meta/wearable/dat/camera/internal/corekit/CoreKitConnection$WhenMappings.class  
Build & Test Android Companion	Inspect Wearables Class	2026-07-16T08:05:30.5359160Z   inflating: classes_out/com/meta/wearable/dat/camera/internal/corekit/CoreKitConnection$handleLinkLease$1.class  
Build & Test Android Companion	Inspect Wearables Class	2026-07-16T08:05:30.5360636Z   inflating: classes_out/com/meta/wearable/dat/camera/internal/corekit/CoreKitConnection$handleLinkLease$2$WhenMappings.class  
Build & Test Android Companion	Inspect Wearables Class	2026-07-16T08:05:30.5362102Z   inflating: classes_out/com/meta/wearable/dat/camera/internal/corekit/CoreKitConnection$handleLinkLease$2.class  
Build & Test Android Companion	Inspect Wearables Class	2026-07-16T08:05:30.5364087Z   inflating: classes_out/com/meta/wearable/dat/camera/internal/corekit/CoreKitConnection.class  
Build & Test Android Companion	Inspect Wearables Class	2026-07-16T08:05:30.5365384Z   inflating: classes_out/com/meta/wearable/dat/camera/internal/corekit/CoreKitConnectionServiceProvider.class  
Build & Test Android Companion	Inspect Wearables Class	2026-07-16T08:05:30.5366805Z   inflating: classes_out/com/meta/wearable/dat/camera/internal/corekit/CoreKitDeviceProvider.class  
Build & Test Android Companion	Inspect Wearables Class	2026-07-16T08:05:30.5368069Z   inflating: classes_out/com/meta/wearable/dat/camera/internal/events/AudioEvent$DecodedAudioFrame.class  
Build & Test Android Companion	Inspect Wearables Class	2026-07-16T08:05:30.5369349Z   inflating: classes_out/com/meta/wearable/dat/camera/internal/events/AudioEvent$EncodedAudioCodec.class  
Build & Test Android Companion	Inspect Wearables Class	2026-07-16T08:05:30.5370637Z   inflating: classes_out/com/meta/wearable/dat/camera/internal/events/AudioEvent$EncodedAudioFrame.class  
Build & Test Android Companion	Inspect Wearables Class	2026-07-16T08:05:30.5371749Z   inflating: classes_out/com/meta/wearable/dat/camera/internal/events/AudioEvent.class  
Build & Test Android Companion	Inspect Wearables Class	2026-07-16T08:05:30.5372853Z   inflating: classes_out/com/meta/wearable/dat/camera/internal/events/Error$ErrorCategory.class  
Build & Test Android Companion	Inspect Wearables Class	2026-07-16T08:05:30.5374146Z   inflating: classes_out/com/meta/wearable/dat/camera/internal/events/Error.class  
Build & Test Android Companion	Inspect Wearables Class	2026-07-16T08:05:30.5375265Z   inflating: classes_out/com/meta/wearable/dat/camera/internal/events/ErrorEvent$ConnectionError.class  
Build & Test Android Companion	Inspect Wearables Class	2026-07-16T08:05:30.5376469Z   inflating: classes_out/com/meta/wearable/dat/camera/internal/events/ErrorEvent$ErrorID.class  
Build & Test Android Companion	Inspect Wearables Class	2026-07-16T08:05:30.5377508Z   inflating: classes_out/com/meta/wearable/dat/camera/internal/events/ErrorEvent.class  
Build & Test Android Companion	Inspect Wearables Class	2026-07-16T08:05:30.5378516Z   inflating: classes_out/com/meta/wearable/dat/camera/internal/events/Event.class  
Build & Test Android Companion	Inspect Wearables Class	2026-07-16T08:05:30.5379537Z   inflating: classes_out/com/meta/wearable/dat/camera/internal/events/GestureType.class  
Build & Test Android Companion	Inspect Wearables Class	2026-07-16T08:05:30.5380762Z   inflating: classes_out/com/meta/wearable/dat/camera/internal/events/GlassesGestureEvent$CapacitiveTouch.class  
Build & Test Android Companion	Inspect Wearables Class	2026-07-16T08:05:30.5382304Z   inflating: classes_out/com/meta/wearable/dat/camera/internal/events/GlassesGestureEvent$ToggleButtonPress.class  
Build & Test Android Companion	Inspect Wearables Class	2026-07-16T08:05:30.5384324Z   inflating: classes_out/com/meta/wearable/dat/camera/internal/events/GlassesGestureEvent.class  
Build & Test Android Companion	Inspect Wearables Class	2026-07-16T08:05:30.5385561Z   inflating: classes_out/com/meta/wearable/dat/camera/internal/events/LifecycleEvent$Connected.class  
Build & Test Android Companion	Inspect Wearables Class	2026-07-16T08:05:30.5386820Z   inflating: classes_out/com/meta/wearable/dat/camera/internal/events/LifecycleEvent$Disconnected.class  
Build & Test Android Companion	Inspect Wearables Class	2026-07-16T08:05:30.5388004Z   inflating: classes_out/com/meta/wearable/dat/camera/internal/events/LifecycleEvent.class  
Build & Test Android Companion	Inspect Wearables Class	2026-07-16T08:05:30.5389074Z   inflating: classes_out/com/meta/wearable/dat/camera/internal/events/PhotoData.class  
Build & Test Android Companion	Inspect Wearables Class	2026-07-16T08:05:30.5390206Z   inflating: classes_out/com/meta/wearable/dat/camera/internal/events/PhotoEvent$PhotoCaptured.class  
Build & Test Android Companion	Inspect Wearables Class	2026-07-16T08:05:30.5391330Z   inflating: classes_out/com/meta/wearable/dat/camera/internal/events/PhotoEvent.class  
Build & Test Android Companion	Inspect Wearables Class	2026-07-16T08:05:30.5392571Z   inflating: classes_out/com/meta/wearable/dat/camera/internal/events/PressType.class  
Build & Test Android Companion	Inspect Wearables Class	2026-07-16T08:05:30.5394000Z   inflating: classes_out/com/meta/wearable/dat/camera/internal/events/StateFlowEvent$StartConnection.class  
Build & Test Android Companion	Inspect Wearables Class	2026-07-16T08:05:30.5395342Z   inflating: classes_out/com/meta/wearable/dat/camera/internal/events/StateFlowEvent$StartDisconnect.class  
Build & Test Android Companion	Inspect Wearables Class	2026-07-16T08:05:30.5396571Z   inflating: classes_out/com/meta/wearable/dat/camera/internal/events/StateFlowEvent.class  
Build & Test Android Companion	Inspect Wearables Class	2026-07-16T08:05:30.5397843Z   inflating: classes_out/com/meta/wearable/dat/camera/internal/events/StreamingErrorEvent$StartStreamError.class  
Build & Test Android Companion	Inspect Wearables Class	2026-07-16T08:05:30.5399223Z   inflating: classes_out/com/meta/wearable/dat/camera/internal/events/StreamingErrorEvent$StopStreamError.class  
Build & Test Android Companion	Inspect Wearables Class	2026-07-16T08:05:30.5400611Z   inflating: classes_out/com/meta/wearable/dat/camera/internal/events/StreamingErrorEvent$StreamingError.class  
Build & Test Android Companion	Inspect Wearables Class	2026-07-16T08:05:30.5402028Z   inflating: classes_out/com/meta/wearable/dat/camera/internal/events/StreamingErrorEvent$StreamingErrorID.class  
Build & Test Android Companion	Inspect Wearables Class	2026-07-16T08:05:30.5403882Z   inflating: classes_out/com/meta/wearable/dat/camera/internal/events/StreamingErrorEvent.class  
Build & Test Android Companion	Inspect Wearables Class	2026-07-16T08:05:30.5405255Z   inflating: classes_out/com/meta/wearable/dat/camera/internal/events/StreamingLifecycleEvent$StartedStreaming.class  
Build & Test Android Companion	Inspect Wearables Class	2026-07-16T08:05:30.5406744Z   inflating: classes_out/com/meta/wearable/dat/camera/internal/events/StreamingLifecycleEvent$StoppedStreaming.class  
Build & Test Android Companion	Inspect Wearables Class	2026-07-16T08:05:30.5408103Z   inflating: classes_out/com/meta/wearable/dat/camera/internal/events/StreamingLifecycleEvent.class  
Build & Test Android Companion	Inspect Wearables Class	2026-07-16T08:05:30.5409390Z   inflating: classes_out/com/meta/wearable/dat/camera/internal/events/StreamingStateFlowEvent$CapturePhoto.class  
Build & Test Android Companion	Inspect Wearables Class	2026-07-16T08:05:30.5410874Z   inflating: classes_out/com/meta/wearable/dat/camera/internal/events/StreamingStateFlowEvent$PauseVideoStreaming.class  
Build & Test Android Companion	Inspect Wearables Class	2026-07-16T08:05:30.5412391Z   inflating: classes_out/com/meta/wearable/dat/camera/internal/events/StreamingStateFlowEvent$PhotoReceived.class  
Build & Test Android Companion	Inspect Wearables Class	2026-07-16T08:05:30.5414111Z   inflating: classes_out/com/meta/wearable/dat/camera/internal/events/StreamingStateFlowEvent$ResumeVideoStreaming.class  
Build & Test Android Companion	Inspect Wearables Class	2026-07-16T08:05:30.5415656Z   inflating: classes_out/com/meta/wearable/dat/camera/internal/events/StreamingStateFlowEvent$StartStreaming.class  
Build & Test Android Companion	Inspect Wearables Class	2026-07-16T08:05:30.5417120Z   inflating: classes_out/com/meta/wearable/dat/camera/internal/events/StreamingStateFlowEvent$StopStreaming.class  
Build & Test Android Companion	Inspect Wearables Class	2026-07-16T08:05:30.5418461Z   inflating: classes_out/com/meta/wearable/dat/camera/internal/events/StreamingStateFlowEvent.class  
Build & Test Android Companion	Inspect Wearables Class	2026-07-16T08:05:30.5419711Z   inflating: classes_out/com/meta/wearable/dat/camera/internal/events/VideoEvent$DecodedVideoFrame.class  
Build & Test Android Companion	Inspect Wearables Class	2026-07-16T08:05:30.5421020Z   inflating: classes_out/com/meta/wearable/dat/camera/internal/events/VideoEvent$EncodedVideoCodec.class  
Build & Test Android Companion	Inspect Wearables Class	2026-07-16T08:05:30.5422303Z   inflating: classes_out/com/meta/wearable/dat/camera/internal/events/VideoEvent$EncodedVideoFrame.class  
Build & Test Android Companion	Inspect Wearables Class	2026-07-16T08:05:30.5424368Z   inflating: classes_out/com/meta/wearable/dat/camera/internal/events/VideoEvent.class  
Build & Test Android Companion	Inspect Wearables Class	2026-07-16T08:05:30.5425449Z   inflating: classes_out/com/meta/wearable/dat/camera/internal/listeners/EventListener.class  
Build & Test Android Companion	Inspect Wearables Class	2026-07-16T08:05:30.5426698Z   inflating: classes_out/com/meta/wearable/dat/camera/internal/listeners/MetaWearablesDATAudioEventListener.class  
Build & Test Android Companion	Inspect Wearables Class	2026-07-16T08:05:30.5428139Z   inflating: classes_out/com/meta/wearable/dat/camera/internal/listeners/MetaWearablesDATErrorEventListener.class  
Build & Test Android Companion	Inspect Wearables Class	2026-07-16T08:05:30.5429600Z   inflating: classes_out/com/meta/wearable/dat/camera/internal/listeners/MetaWearablesDATHealthEventListener.class  
Build & Test Android Companion	Inspect Wearables Class	2026-07-16T08:05:30.5430883Z   inflating: classes_out/com/meta/wearable/dat/camera/internal/listeners/MetaWearablesDATLifecycleEventListener.class  
Build & Test Android Companion	Inspect Wearables Class	2026-07-16T08:05:30.5432337Z   inflating: classes_out/com/meta/wearable/dat/camera/internal/listeners/MetaWearablesDATPhotoEventListener.class  
Build & Test Android Companion	Inspect Wearables Class	2026-07-16T08:05:30.5434234Z   inflating: classes_out/com/meta/wearable/dat/camera/internal/listeners/MetaWearablesDATUserEventListener.class  
Build & Test Android Companion	Inspect Wearables Class	2026-07-16T08:05:30.5435685Z   inflating: classes_out/com/meta/wearable/dat/camera/internal/listeners/MetaWearablesDATVideoEventListener.class  
Build & Test Android Companion	Inspect Wearables Class	2026-07-16T08:05:30.5437162Z   inflating: classes_out/com/meta/wearable/dat/camera/internal/listeners/event/EventListenerAdapter$Companion.class  
Build & Test Android Companion	Inspect Wearables Class	2026-07-16T08:05:30.5438533Z   inflating: classes_out/com/meta/wearable/dat/camera/internal/listeners/event/EventListenerAdapter.class  
Build & Test Android Companion	Inspect Wearables Class	2026-07-16T08:05:30.5439941Z   inflating: classes_out/com/meta/wearable/dat/camera/internal/listeners/health/HealthEventListenerAdapter.class  
Build & Test Android Companion	Inspect Wearables Class	2026-07-16T08:05:30.5441510Z   inflating: classes_out/com/meta/wearable/dat/camera/internal/listeners/media/AudioListenerAdapter$decodedAudioFrameReceived$1.class  
Build & Test Android Companion	Inspect Wearables Class	2026-07-16T08:05:30.5443084Z   inflating: classes_out/com/meta/wearable/dat/camera/internal/listeners/media/AudioListenerAdapter$onAudioCodec$1.class  
Build & Test Android Companion	Inspect Wearables Class	2026-07-16T08:05:30.5445287Z   inflating: classes_out/com/meta/wearable/dat/camera/internal/listeners/media/AudioListenerAdapter$onAudioFrame$1.class  
Build & Test Android Companion	Inspect Wearables Class	2026-07-16T08:05:30.5446736Z   inflating: classes_out/com/meta/wearable/dat/camera/internal/listeners/media/AudioListenerAdapter.class  
Build & Test Android Companion	Inspect Wearables Class	2026-07-16T08:05:30.5448093Z   inflating: classes_out/com/meta/wearable/dat/camera/internal/listeners/media/BaseMediaListenerAdapter.class  
Build & Test Android Companion	Inspect Wearables Class	2026-07-16T08:05:30.5449673Z   inflating: classes_out/com/meta/wearable/dat/camera/internal/listeners/media/PhotoListenerAdapter$onPhotoData$1$1$WhenMappings.class  
Build & Test Android Companion	Inspect Wearables Class	2026-07-16T08:05:30.5451291Z   inflating: classes_out/com/meta/wearable/dat/camera/internal/listeners/media/PhotoListenerAdapter$onPhotoData$1$1.class  
Build & Test Android Companion	Inspect Wearables Class	2026-07-16T08:05:30.5452718Z   inflating: classes_out/com/meta/wearable/dat/camera/internal/listeners/media/PhotoListenerAdapter.class  
Build & Test Android Companion	Inspect Wearables Class	2026-07-16T08:05:30.5454477Z   inflating: classes_out/com/meta/wearable/dat/camera/internal/listeners/media/VideoListenerAdapter$decodedVideoFrameReceived$1.class  
Build & Test Android Companion	Inspect Wearables Class	2026-07-16T08:05:30.5456102Z   inflating: classes_out/com/meta/wearable/dat/camera/internal/listeners/media/VideoListenerAdapter$onVideoCodec$1.class  
Build & Test Android Companion	Inspect Wearables Class	2026-07-16T08:05:30.5457585Z   inflating: classes_out/com/meta/wearable/dat/camera/internal/listeners/media/VideoListenerAdapter$onVideoFrame$1.class  
Build & Test Android Companion	Inspect Wearables Class	2026-07-16T08:05:30.5458998Z   inflating: classes_out/com/meta/wearable/dat/camera/internal/listeners/media/VideoListenerAdapter.class  
Build & Test Android Companion	Inspect Wearables Class	2026-07-16T08:05:30.5460265Z   inflating: classes_out/com/meta/wearable/dat/camera/internal/permissions/PermissionsManager.class  
Build & Test Android Companion	Inspect Wearables Class	2026-07-16T08:05:30.5461442Z   inflating: classes_out/com/meta/wearable/dat/camera/internal/tts/TTSDelegate$Companion.class  
Build & Test Android Companion	Inspect Wearables Class	2026-07-16T08:05:30.5462480Z   inflating: classes_out/com/meta/wearable/dat/camera/internal/tts/TTSDelegate.class  
Build & Test Android Companion	Inspect Wearables Class	2026-07-16T08:05:30.5464236Z   inflating: classes_out/com/meta/wearable/dat/camera/types/AudioCaptureProfile.class  
Build & Test Android Companion	Inspect Wearables Class	2026-07-16T08:05:30.5465281Z   inflating: classes_out/com/meta/wearable/dat/camera/types/AudioCodec$PCM.class  
Build & Test Android Companion	Inspect Wearables Class	2026-07-16T08:05:30.5466493Z   inflating: classes_out/com/meta/wearable/dat/camera/types/AudioCodec.class  
Build & Test Android Companion	Inspect Wearables Class	2026-07-16T08:05:30.5467388Z   inflating: classes_out/com/meta/wearable/dat/camera/types/AudioFrame.class  
Build & Test Android Companion	Inspect Wearables Class	2026-07-16T08:05:30.5468341Z   inflating: classes_out/com/meta/wearable/dat/camera/types/AudioSampleRate.class  
Build & Test Android Companion	Inspect Wearables Class	2026-07-16T08:05:30.5469354Z   inflating: classes_out/com/meta/wearable/dat/camera/types/CaptureError$CaptureFailed.class  
Build & Test Android Companion	Inspect Wearables Class	2026-07-16T08:05:30.5470540Z   inflating: classes_out/com/meta/wearable/dat/camera/types/CaptureError$CaptureInProgress.class  
Build & Test Android Companion	Inspect Wearables Class	2026-07-16T08:05:30.5471753Z   inflating: classes_out/com/meta/wearable/dat/camera/types/CaptureError$DeviceDisconnected.class  
Build & Test Android Companion	Inspect Wearables Class	2026-07-16T08:05:30.5472922Z   inflating: classes_out/com/meta/wearable/dat/camera/types/CaptureError$NotStreaming.class  
Build & Test Android Companion	Inspect Wearables Class	2026-07-16T08:05:30.5474206Z   inflating: classes_out/com/meta/wearable/dat/camera/types/CaptureError.class  
Build & Test Android Companion	Inspect Wearables Class	2026-07-16T08:05:30.5475377Z   inflating: classes_out/com/meta/wearable/dat/camera/types/PhotoData$Bitmap.class  
Build & Test Android Companion	Inspect Wearables Class	2026-07-16T08:05:30.5476354Z   inflating: classes_out/com/meta/wearable/dat/camera/types/PhotoData$HEIC.class  
Build & Test Android Companion	Inspect Wearables Class	2026-07-16T08:05:30.5477293Z   inflating: classes_out/com/meta/wearable/dat/camera/types/PhotoData.class  
Build & Test Android Companion	Inspect Wearables Class	2026-07-16T08:05:30.5478265Z   inflating: classes_out/com/meta/wearable/dat/camera/types/StreamConfiguration.class  
Build & Test Android Companion	Inspect Wearables Class	2026-07-16T08:05:30.5479394Z   inflating: classes_out/com/meta/wearable/dat/camera/types/StreamError$Companion$WhenMappings.class  
Build & Test Android Companion	Inspect Wearables Class	2026-07-16T08:05:30.5480532Z   inflating: classes_out/com/meta/wearable/dat/camera/types/StreamError$Companion.class  
Build & Test Android Companion	Inspect Wearables Class	2026-07-16T08:05:30.5481480Z   inflating: classes_out/com/meta/wearable/dat/camera/types/StreamError.class  
Build & Test Android Companion	Inspect Wearables Class	2026-07-16T08:05:30.5482419Z   inflating: classes_out/com/meta/wearable/dat/camera/types/StreamState.class  
Build & Test Android Companion	Inspect Wearables Class	2026-07-16T08:05:30.5484050Z   inflating: classes_out/com/meta/wearable/dat/camera/types/VideoFrame.class  
Build & Test Android Companion	Inspect Wearables Class	2026-07-16T08:05:30.5485008Z   inflating: classes_out/com/meta/wearable/dat/camera/types/VideoQuality.class  
Build & Test Android Companion	Inspect Wearables Class	2026-07-16T08:05:30.5486109Z   inflating: classes_out/com/meta/wearable/dat/dwa/capability/capture/internal/protos/Capture.class  
Build & Test Android Companion	Inspect Wearables Class	2026-07-16T08:05:30.5487390Z   inflating: classes_out/com/meta/wearable/dat/dwa/capability/capture/internal/protos/CaptureError$1.class  
Build & Test Android Companion	Inspect Wearables Class	2026-07-16T08:05:30.5488753Z   inflating: classes_out/com/meta/wearable/dat/dwa/capability/capture/internal/protos/CaptureError$Builder.class  
Build & Test Android Companion	Inspect Wearables Class	2026-07-16T08:05:30.5490127Z   inflating: classes_out/com/meta/wearable/dat/dwa/capability/capture/internal/protos/CaptureError.class  
Build & Test Android Companion	Inspect Wearables Class	2026-07-16T08:05:30.5491426Z   inflating: classes_out/com/meta/wearable/dat/dwa/capability/capture/internal/protos/CaptureErrorCode$1.class  
Build & Test Android Companion	Inspect Wearables Class	2026-07-16T08:05:30.5492972Z   inflating: classes_out/com/meta/wearable/dat/dwa/capability/capture/internal/protos/CaptureErrorCode$CaptureErrorCodeVerifier.class  
Build & Test Android Companion	Inspect Wearables Class	2026-07-16T08:05:30.5494758Z   inflating: classes_out/com/meta/wearable/dat/dwa/capability/capture/internal/protos/CaptureErrorCode.class  
Build & Test Android Companion	Inspect Wearables Class	2026-07-16T08:05:30.5496181Z   inflating: classes_out/com/meta/wearable/dat/dwa/capability/capture/internal/protos/CaptureErrorOrBuilder.class  
Build & Test Android Companion	Inspect Wearables Class	2026-07-16T08:05:30.5497532Z   inflating: classes_out/com/meta/wearable/dat/dwa/capability/capture/internal/protos/CaptureEvent$1.class  
Build & Test Android Companion	Inspect Wearables Class	2026-07-16T08:05:30.5498912Z   inflating: classes_out/com/meta/wearable/dat/dwa/capability/capture/internal/protos/CaptureEvent$Builder.class  
Build & Test Android Companion	Inspect Wearables Class	2026-07-16T08:05:30.5500396Z   inflating: classes_out/com/meta/wearable/dat/dwa/capability/capture/internal/protos/CaptureEvent$CaptureEventCase.class  
Build & Test Android Companion	Inspect Wearables Class	2026-07-16T08:05:30.5501771Z   inflating: classes_out/com/meta/wearable/dat/dwa/capability/capture/internal/protos/CaptureEvent.class  
Build & Test Android Companion	Inspect Wearables Class	2026-07-16T08:05:30.5503137Z   inflating: classes_out/com/meta/wearable/dat/dwa/capability/capture/internal/protos/CaptureEventOrBuilder.class  
Build & Test Android Companion	Inspect Wearables Class	2026-07-16T08:05:30.5505167Z   inflating: classes_out/com/meta/wearable/dat/dwa/capability/capture/internal/protos/CaptureEventPayload$1.class  
Build & Test Android Companion	Inspect Wearables Class	2026-07-16T08:05:30.5506841Z   inflating: classes_out/com/meta/wearable/dat/dwa/capability/capture/internal/protos/CaptureEventPayload$Builder.class  
Build & Test Android Companion	Inspect Wearables Class	2026-07-16T08:05:30.5508385Z   inflating: classes_out/com/meta/wearable/dat/dwa/capability/capture/internal/protos/CaptureEventPayload$EventTypeCase.class  
Build & Test Android Companion	Inspect Wearables Class	2026-07-16T08:05:30.5509884Z   inflating: classes_out/com/meta/wearable/dat/dwa/capability/capture/internal/protos/CaptureEventPayload.class  
Build & Test Android Companion	Inspect Wearables Class	2026-07-16T08:05:30.5511326Z   inflating: classes_out/com/meta/wearable/dat/dwa/capability/capture/internal/protos/CaptureEventPayloadOrBuilder.class  
Build & Test Android Companion	Inspect Wearables Class	2026-07-16T08:05:30.5512843Z   inflating: classes_out/com/meta/wearable/dat/dwa/capability/capture/internal/protos/CapturePhotoRequest$1.class  
Build & Test Android Companion	Inspect Wearables Class	2026-07-16T08:05:30.5514532Z   inflating: classes_out/com/meta/wearable/dat/dwa/capability/capture/internal/protos/CapturePhotoRequest$Builder.class  
Build & Test Android Companion	Inspect Wearables Class	2026-07-16T08:05:30.5515995Z   inflating: classes_out/com/meta/wearable/dat/dwa/capability/capture/internal/protos/CapturePhotoRequest.class  
Build & Test Android Companion	Inspect Wearables Class	2026-07-16T08:05:30.5517708Z   inflating: classes_out/com/meta/wearable/dat/dwa/capability/capture/internal/protos/CapturePhotoRequestOrBuilder.class  
Build & Test Android Companion	Inspect Wearables Class	2026-07-16T08:05:30.5519181Z   inflating: classes_out/com/meta/wearable/dat/dwa/capability/capture/internal/protos/CapturePhotoResponse$1.class  
Build & Test Android Companion	Inspect Wearables Class	2026-07-16T08:05:30.5520675Z   inflating: classes_out/com/meta/wearable/dat/dwa/capability/capture/internal/protos/CapturePhotoResponse$Builder.class  
Build & Test Android Companion	Inspect Wearables Class	2026-07-16T08:05:30.5522146Z   inflating: classes_out/com/meta/wearable/dat/dwa/capability/capture/internal/protos/CapturePhotoResponse.class  
Build & Test Android Companion	Inspect Wearables Class	2026-07-16T08:05:30.5524435Z   inflating: classes_out/com/meta/wearable/dat/dwa/capability/capture/internal/protos/CapturePhotoResponseOrBuilder.class  
Build & Test Android Companion	Inspect Wearables Class	2026-07-16T08:05:30.5525959Z   inflating: classes_out/com/meta/wearable/dat/dwa/capability/capture/internal/protos/CapturePhotoResult$1.class  
Build & Test Android Companion	Inspect Wearables Class	2026-07-16T08:05:30.5527436Z   inflating: classes_out/com/meta/wearable/dat/dwa/capability/capture/internal/protos/CapturePhotoResult$Builder.class  
Build & Test Android Companion	Inspect Wearables Class	2026-07-16T08:05:30.5528863Z   inflating: classes_out/com/meta/wearable/dat/dwa/capability/capture/internal/protos/CapturePhotoResult.class  
Build & Test Android Companion	Inspect Wearables Class	2026-07-16T08:05:30.5530276Z   inflating: classes_out/com/meta/wearable/dat/dwa/capability/capture/internal/protos/CapturePhotoResultOrBuilder.class  
Build & Test Android Companion	Inspect Wearables Class	2026-07-16T08:05:30.5531771Z   inflating: classes_out/com/meta/wearable/dat/dwa/capability/capture/internal/protos/CaptureRequestPayload$1.class  
Build & Test Android Companion	Inspect Wearables Class	2026-07-16T08:05:30.5533255Z   inflating: classes_out/com/meta/wearable/dat/dwa/capability/capture/internal/protos/CaptureRequestPayload$Builder.class  
Build & Test Android Companion	Inspect Wearables Class	2026-07-16T08:05:30.5535125Z   inflating: classes_out/com/meta/wearable/dat/dwa/capability/capture/internal/protos/CaptureRequestPayload$RequestTypeCase.class  
Build & Test Android Companion	Inspect Wearables Class	2026-07-16T08:05:30.5536669Z   inflating: classes_out/com/meta/wearable/dat/dwa/capability/capture/internal/protos/CaptureRequestPayload.class  
Build & Test Android Companion	Inspect Wearables Class	2026-07-16T08:05:30.5538191Z   inflating: classes_out/com/meta/wearable/dat/dwa/capability/capture/internal/protos/CaptureRequestPayloadOrBuilder.class  
Build & Test Android Companion	Inspect Wearables Class	2026-07-16T08:05:30.5539750Z   inflating: classes_out/com/meta/wearable/dat/dwa/capability/capture/internal/protos/CaptureResponsePayload$1.class  
Build & Test Android Companion	Inspect Wearables Class	2026-07-16T08:05:30.5541259Z   inflating: classes_out/com/meta/wearable/dat/dwa/capability/capture/internal/protos/CaptureResponsePayload$Builder.class  
Build & Test Android Companion	Inspect Wearables Class	2026-07-16T08:05:30.5542846Z   inflating: classes_out/com/meta/wearable/dat/dwa/capability/capture/internal/protos/CaptureResponsePayload$ResponseTypeCase.class  
Build & Test Android Companion	Inspect Wearables Class	2026-07-16T08:05:30.5545111Z   inflating: classes_out/com/meta/wearable/dat/dwa/capability/capture/internal/protos/CaptureResponsePayload.class  
Build & Test Android Companion	Inspect Wearables Class	2026-07-16T08:05:30.5546661Z   inflating: classes_out/com/meta/wearable/dat/dwa/capability/capture/internal/protos/CaptureResponsePayloadOrBuilder.class  
Build & Test Android Companion	Inspect Wearables Class	2026-07-16T08:05:30.5548152Z   inflating: classes_out/com/meta/wearable/dat/dwa/capability/capture/internal/protos/GetImageRequest$1.class  
Build & Test Android Companion	Inspect Wearables Class	2026-07-16T08:05:30.5549749Z   inflating: classes_out/com/meta/wearable/dat/dwa/capability/capture/internal/protos/GetImageRequest$Builder.class  
Build & Test Android Companion	Inspect Wearables Class	2026-07-16T08:05:30.5551152Z   inflating: classes_out/com/meta/wearable/dat/dwa/capability/capture/internal/protos/GetImageRequest.class  
Build & Test Android Companion	Inspect Wearables Class	2026-07-16T08:05:30.5552562Z   inflating: classes_out/com/meta/wearable/dat/dwa/capability/capture/internal/protos/GetImageRequestOrBuilder.class  
Build & Test Android Companion	Inspect Wearables Class	2026-07-16T08:05:30.5554248Z   inflating: classes_out/com/meta/wearable/dat/dwa/capability/capture/internal/protos/GetImageResponse$1.class  
Build & Test Android Companion	Inspect Wearables Class	2026-07-16T08:05:30.5555683Z   inflating: classes_out/com/meta/wearable/dat/dwa/capability/capture/internal/protos/GetImageResponse$Builder.class  
Build & Test Android Companion	Inspect Wearables Class	2026-07-16T08:05:30.5557084Z   inflating: classes_out/com/meta/wearable/dat/dwa/capability/capture/internal/protos/GetImageResponse.class  
Build & Test Android Companion	Inspect Wearables Class	2026-07-16T08:05:30.5558530Z   inflating: classes_out/com/meta/wearable/dat/dwa/capability/capture/internal/protos/GetImageResponseOrBuilder.class  
Build & Test Android Companion	Inspect Wearables Class	2026-07-16T08:05:30.5560138Z   inflating: classes_out/com/meta/wearable/dat/dwa/capability/capture/internal/protos/ImageProperties$1.class  
Build & Test Android Companion	Inspect Wearables Class	2026-07-16T08:05:30.5561527Z   inflating: classes_out/com/meta/wearable/dat/dwa/capability/capture/internal/protos/ImageProperties$Builder.class  
Build & Test Android Companion	Inspect Wearables Class	2026-07-16T08:05:30.5562925Z   inflating: classes_out/com/meta/wearable/dat/dwa/capability/capture/internal/protos/ImageProperties.class  
Build & Test Android Companion	Inspect Wearables Class	2026-07-16T08:05:30.5565041Z   inflating: classes_out/com/meta/wearable/dat/dwa/capability/capture/internal/protos/ImagePropertiesOrBuilder.class  
Build & Test Android Companion	Inspect Wearables Class	2026-07-16T08:05:30.5566658Z   inflating: classes_out/com/meta/wearable/dat/dwa/capability/capture/internal/protos/SetImagePropertiesRequest$1.class  
Build & Test Android Companion	Inspect Wearables Class	2026-07-16T08:05:30.5568255Z   inflating: classes_out/com/meta/wearable/dat/dwa/capability/capture/internal/protos/SetImagePropertiesRequest$Builder.class  
Build & Test Android Companion	Inspect Wearables Class	2026-07-16T08:05:30.5569820Z   inflating: classes_out/com/meta/wearable/dat/dwa/capability/capture/internal/protos/SetImagePropertiesRequest.class  
Build & Test Android Companion	Inspect Wearables Class	2026-07-16T08:05:30.5571389Z   inflating: classes_out/com/meta/wearable/dat/dwa/capability/capture/internal/protos/SetImagePropertiesRequestOrBuilder.class  
Build & Test Android Companion	Inspect Wearables Class	2026-07-16T08:05:30.5573014Z   inflating: classes_out/com/meta/wearable/dat/dwa/capability/capture/internal/protos/SetImagePropertiesResponse$1.class  
Build & Test Android Companion	Inspect Wearables Class	2026-07-16T08:05:30.5574823Z   inflating: classes_out/com/meta/wearable/dat/dwa/capability/capture/internal/protos/SetImagePropertiesResponse$Builder.class  
Build & Test Android Companion	Inspect Wearables Class	2026-07-16T08:05:30.5576399Z   inflating: classes_out/com/meta/wearable/dat/dwa/capability/capture/internal/protos/SetImagePropertiesResponse.class  
Build & Test Android Companion	Inspect Wearables Class	2026-07-16T08:05:30.5577859Z   inflating: classes_out/com/meta/wearable/dat/dwa/capability/capture/internal/protos/SetImagePropertiesResponseOrBuilder.class  
Build & Test Android Companion	Inspect Wearables Class	2026-07-16T08:05:30.5579138Z   inflating: classes_out/com/meta/wearable/dat/dwa/capability/capture/internal/protos/SnapshotQualityProto$1.class  
Build & Test Android Companion	Inspect Wearables Class	2026-07-16T08:05:30.5580735Z   inflating: classes_out/com/meta/wearable/dat/dwa/capability/capture/internal/protos/SnapshotQualityProto$SnapshotQualityProtoVerifier.class  
Build & Test Android Companion	Inspect Wearables Class	2026-07-16T08:05:30.5582417Z   inflating: classes_out/com/meta/wearable/dat/dwa/capability/capture/internal/protos/SnapshotQualityProto.class  
Build & Test Android Companion	Inspect Wearables Class	2026-07-16T08:05:30.5584544Z   inflating: classes_out/com/meta/wearable/dat/dwa/capability/capture/internal/protos/SnapshotSizeProto$1.class  
Build & Test Android Companion	Inspect Wearables Class	2026-07-16T08:05:30.5586184Z   inflating: classes_out/com/meta/wearable/dat/dwa/capability/capture/internal/protos/SnapshotSizeProto$SnapshotSizeProtoVerifier.class  
Build & Test Android Companion	Inspect Wearables Class	2026-07-16T08:05:30.5587784Z   inflating: classes_out/com/meta/wearable/dat/dwa/capability/capture/internal/protos/SnapshotSizeProto.class  
Build & Test Android Companion	Inspect Wearables Class	2026-07-16T08:05:30.5589047Z   inflating: classes_out/com/meta/wearable/dat/dwa/capability/stream/internal/protos/Stream.class  
Build & Test Android Companion	Inspect Wearables Class	2026-07-16T08:05:30.5590339Z   inflating: classes_out/com/meta/wearable/dat/dwa/capability/stream/internal/protos/StreamErrorCode$1.class  
Build & Test Android Companion	Inspect Wearables Class	2026-07-16T08:05:30.5591895Z   inflating: classes_out/com/meta/wearable/dat/dwa/capability/stream/internal/protos/StreamErrorCode$StreamErrorCodeVerifier.class  
Build & Test Android Companion	Inspect Wearables Class	2026-07-16T08:05:30.5593846Z   inflating: classes_out/com/meta/wearable/dat/dwa/capability/stream/internal/protos/StreamErrorCode.class  
Build & Test Android Companion	Inspect Wearables Class	2026-07-16T08:05:30.5595215Z   inflating: classes_out/com/meta/wearable/dat/dwa/capability/stream/internal/protos/StreamErrorEvent$1.class  
Build & Test Android Companion	Inspect Wearables Class	2026-07-16T08:05:30.5596657Z   inflating: classes_out/com/meta/wearable/dat/dwa/capability/stream/internal/protos/StreamErrorEvent$Builder.class  
Build & Test Android Companion	Inspect Wearables Class	2026-07-16T08:05:30.5598068Z   inflating: classes_out/com/meta/wearable/dat/dwa/capability/stream/internal/protos/StreamErrorEvent.class  
Build & Test Android Companion	Inspect Wearables Class	2026-07-16T08:05:30.5599532Z   inflating: classes_out/com/meta/wearable/dat/dwa/capability/stream/internal/protos/StreamErrorEventOrBuilder.class  
Build & Test Android Companion	Inspect Wearables Class	2026-07-16T08:05:30.5600995Z   inflating: classes_out/com/meta/wearable/dat/dwa/capability/stream/internal/protos/StreamEventPayload$1.class  
Build & Test Android Companion	Inspect Wearables Class	2026-07-16T08:05:30.5602416Z   inflating: classes_out/com/meta/wearable/dat/dwa/capability/stream/internal/protos/StreamEventPayload$Builder.class  
Build & Test Android Companion	Inspect Wearables Class	2026-07-16T08:05:30.5604730Z   inflating: classes_out/com/meta/wearable/dat/dwa/capability/stream/internal/protos/StreamEventPayload$EventTypeCase.class  
Build & Test Android Companion	Inspect Wearables Class	2026-07-16T08:05:30.5606134Z   inflating: classes_out/com/meta/wearable/dat/dwa/capability/stream/internal/protos/StreamEventPayload.class  
Build & Test Android Companion	Inspect Wearables Class	2026-07-16T08:05:30.5607560Z   inflating: classes_out/com/meta/wearable/dat/dwa/capability/stream/internal/protos/StreamEventPayloadOrBuilder.class  
Build & Test Android Companion	Inspect Wearables Class	2026-07-16T08:05:30.5608973Z   inflating: classes_out/com/meta/wearable/dat/dwa/capability/stream/internal/protos/StreamRequestPayload$1.class  
Build & Test Android Companion	Inspect Wearables Class	2026-07-16T08:05:30.5610410Z   inflating: classes_out/com/meta/wearable/dat/dwa/capability/stream/internal/protos/StreamRequestPayload$Builder.class  
Build & Test Android Companion	Inspect Wearables Class	2026-07-16T08:05:30.5611956Z   inflating: classes_out/com/meta/wearable/dat/dwa/capability/stream/internal/protos/StreamRequestPayload$RequestTypeCase.class  
Build & Test Android Companion	Inspect Wearables Class	2026-07-16T08:05:30.5613525Z   inflating: classes_out/com/meta/wearable/dat/dwa/capability/stream/internal/protos/StreamRequestPayload.class  
Build & Test Android Companion	Inspect Wearables Class	2026-07-16T08:05:30.5614977Z   inflating: classes_out/com/meta/wearable/dat/dwa/capability/stream/internal/protos/StreamRequestPayloadOrBuilder.class  
Build & Test Android Companion	Inspect Wearables Class	2026-07-16T08:05:30.5616575Z   inflating: classes_out/com/meta/wearable/dat/dwa/capability/stream/internal/protos/StreamResponsePayload$1.class  
Build & Test Android Companion	Inspect Wearables Class	2026-07-16T08:05:30.5618061Z   inflating: classes_out/com/meta/wearable/dat/dwa/capability/stream/internal/protos/StreamResponsePayload$Builder.class  
Build & Test Android Companion	Inspect Wearables Class	2026-07-16T08:05:30.5619583Z   inflating: classes_out/com/meta/wearable/dat/dwa/capability/stream/internal/protos/StreamResponsePayload$ResponseTypeCase.class  
Build & Test Android Companion	Inspect Wearables Class	2026-07-16T08:05:30.5621103Z   inflating: classes_out/com/meta/wearable/dat/dwa/capability/stream/internal/protos/StreamResponsePayload.class  
Build & Test Android Companion	Inspect Wearables Class	2026-07-16T08:05:30.5622579Z   inflating: classes_out/com/meta/wearable/dat/dwa/capability/stream/internal/protos/StreamResponsePayloadOrBuilder.class  
Build & Test Android Companion	Inspect Wearables Class	2026-07-16T08:05:30.5624725Z   inflating: classes_out/com/meta/wearable/dat/dwa/capability/stream/internal/protos/StreamStartRequest$1.class  
Build & Test Android Companion	Inspect Wearables Class	2026-07-16T08:05:30.5626142Z   inflating: classes_out/com/meta/wearable/dat/dwa/capability/stream/internal/protos/StreamStartRequest$Builder.class  
Build & Test Android Companion	Inspect Wearables Class	2026-07-16T08:05:30.5627566Z   inflating: classes_out/com/meta/wearable/dat/dwa/capability/stream/internal/protos/StreamStartRequest.class  
Build & Test Android Companion	Inspect Wearables Class	2026-07-16T08:05:30.5629017Z   inflating: classes_out/com/meta/wearable/dat/dwa/capability/stream/internal/protos/StreamStartRequestOrBuilder.class  
Build & Test Android Companion	Inspect Wearables Class	2026-07-16T08:05:30.5630463Z   inflating: classes_out/com/meta/wearable/dat/dwa/capability/stream/internal/protos/StreamStartResponse$1.class  
Build & Test Android Companion	Inspect Wearables Class	2026-07-16T08:05:30.5631894Z   inflating: classes_out/com/meta/wearable/dat/dwa/capability/stream/internal/protos/StreamStartResponse$Builder.class  
Build & Test Android Companion	Inspect Wearables Class	2026-07-16T08:05:30.5633600Z   inflating: classes_out/com/meta/wearable/dat/dwa/capability/stream/internal/protos/StreamStartResponse.class  
Build & Test Android Companion	Inspect Wearables Class	2026-07-16T08:05:30.5634851Z   inflating: classes_out/com/meta/wearable/dat/dwa/capability/stream/internal/protos/StreamStartResponseOrBuilder.class  
Build & Test Android Companion	Inspect Wearables Class	2026-07-16T08:05:30.5636424Z   inflating: classes_out/com/meta/wearable/dat/dwa/capability/stream/internal/protos/StreamStartedEvent$1.class  
Build & Test Android Companion	Inspect Wearables Class	2026-07-16T08:05:30.5637815Z   inflating: classes_out/com/meta/wearable/dat/dwa/capability/stream/internal/protos/StreamStartedEvent$Builder.class  
Build & Test Android Companion	Inspect Wearables Class	2026-07-16T08:05:30.5639103Z   inflating: classes_out/com/meta/wearable/dat/dwa/capability/stream/internal/protos/StreamStartedEvent.class  
Build & Test Android Companion	Inspect Wearables Class	2026-07-16T08:05:30.5640257Z   inflating: classes_out/com/meta/wearable/dat/dwa/capability/stream/internal/protos/StreamStartedEventOrBuilder.class  
Build & Test Android Companion	Inspect Wearables Class	2026-07-16T08:05:30.5641645Z   inflating: classes_out/com/meta/wearable/dat/dwa/capability/stream/internal/protos/StreamStopRequest$1.class  
Build & Test Android Companion	Inspect Wearables Class	2026-07-16T08:05:30.5643025Z   inflating: classes_out/com/meta/wearable/dat/dwa/capability/stream/internal/protos/StreamStopRequest$Builder.class  
Build & Test Android Companion	Inspect Wearables Class	2026-07-16T08:05:30.5644853Z   inflating: classes_out/com/meta/wearable/dat/dwa/capability/stream/internal/protos/StreamStopRequest.class  
Build & Test Android Companion	Inspect Wearables Class	2026-07-16T08:05:30.5646296Z   inflating: classes_out/com/meta/wearable/dat/dwa/capability/stream/internal/protos/StreamStopRequestOrBuilder.class  
Build & Test Android Companion	Inspect Wearables Class	2026-07-16T08:05:30.5647701Z   inflating: classes_out/com/meta/wearable/dat/dwa/capability/stream/internal/protos/StreamStopResponse$1.class  
Build & Test Android Companion	Inspect Wearables Class	2026-07-16T08:05:30.5649033Z   inflating: classes_out/com/meta/wearable/dat/dwa/capability/stream/internal/protos/StreamStopResponse$Builder.class  
Build & Test Android Companion	Inspect Wearables Class	2026-07-16T08:05:30.5650178Z   inflating: classes_out/com/meta/wearable/dat/dwa/capability/stream/internal/protos/StreamStopResponse.class  
Build & Test Android Companion	Inspect Wearables Class	2026-07-16T08:05:30.5651534Z   inflating: classes_out/com/meta/wearable/dat/dwa/capability/stream/internal/protos/StreamStopResponseOrBuilder.class  
Build & Test Android Companion	Inspect Wearables Class	2026-07-16T08:05:30.5652940Z   inflating: classes_out/com/meta/wearable/dat/dwa/capability/stream/internal/protos/StreamStoppedEvent$1.class  
Build & Test Android Companion	Inspect Wearables Class	2026-07-16T08:05:30.5654497Z   inflating: classes_out/com/meta/wearable/dat/dwa/capability/stream/internal/protos/StreamStoppedEvent$Builder.class  
Build & Test Android Companion	Inspect Wearables Class	2026-07-16T08:05:30.5655665Z   inflating: classes_out/com/meta/wearable/dat/dwa/capability/stream/internal/protos/StreamStoppedEvent.class  
Build & Test Android Companion	Inspect Wearables Class	2026-07-16T08:05:30.5657083Z   inflating: classes_out/com/meta/wearable/dat/dwa/capability/stream/internal/protos/StreamStoppedEventOrBuilder.class  
Build & Test Android Companion	Inspect Wearables Class	2026-07-16T08:05:30.5658299Z   inflating: classes_out/com/oculus/snappmanager/AppInstallArtifactType$1.class  
Build & Test Android Companion	Inspect Wearables Class	2026-07-16T08:05:30.5659283Z   inflating: classes_out/com/oculus/snappmanager/AppInstallArtifactType$AppInstallArtifactTypeVerifier.class  
Build & Test Android Companion	Inspect Wearables Class	2026-07-16T08:05:30.5660266Z   inflating: classes_out/com/oculus/snappmanager/AppInstallArtifactType.class  
Build & Test Android Companion	Inspect Wearables Class	2026-07-16T08:05:30.5661083Z   inflating: classes_out/com/oculus/snappmanager/AppInstallError$1.class  
Build & Test Android Companion	Inspect Wearables Class	2026-07-16T08:05:30.5661925Z   inflating: classes_out/com/oculus/snappmanager/AppInstallError$Builder.class  
Build & Test Android Companion	Inspect Wearables Class	2026-07-16T08:05:30.5662859Z   inflating: classes_out/com/oculus/snappmanager/AppInstallError.class  
Build & Test Android Companion	Inspect Wearables Class	2026-07-16T08:05:30.5664362Z   inflating: classes_out/com/oculus/snappmanager/AppInstallErrorCode$1.class  
Build & Test Android Companion	Inspect Wearables Class	2026-07-16T08:05:30.5665516Z   inflating: classes_out/com/oculus/snappmanager/AppInstallErrorCode$AppInstallErrorCodeVerifier.class  
Build & Test Android Companion	Inspect Wearables Class	2026-07-16T08:05:30.5666736Z   inflating: classes_out/com/oculus/snappmanager/AppInstallErrorCode.class  
Build & Test Android Companion	Inspect Wearables Class	2026-07-16T08:05:30.5667711Z   inflating: classes_out/com/oculus/snappmanager/AppInstallErrorOrBuilder.class  
Build & Test Android Companion	Inspect Wearables Class	2026-07-16T08:05:30.5668652Z   inflating: classes_out/com/oculus/snappmanager/AppInstallFileAction$1.class  
Build & Test Android Companion	Inspect Wearables Class	2026-07-16T08:05:30.5669821Z   inflating: classes_out/com/oculus/snappmanager/AppInstallFileAction$AppInstallFileActionVerifier.class  
Build & Test Android Companion	Inspect Wearables Class	2026-07-16T08:05:30.5671101Z   inflating: classes_out/com/oculus/snappmanager/AppInstallFileAction.class  
Build & Test Android Companion	Inspect Wearables Class	2026-07-16T08:05:30.5672038Z   inflating: classes_out/com/oculus/snappmanager/AppInstallProgress$1.class  
Build & Test Android Companion	Inspect Wearables Class	2026-07-16T08:05:30.5672991Z   inflating: classes_out/com/oculus/snappmanager/AppInstallProgress$Builder.class  
Build & Test Android Companion	Inspect Wearables Class	2026-07-16T08:05:30.5674503Z   inflating: classes_out/com/oculus/snappmanager/AppInstallProgress.class  
Build & Test Android Companion	Inspect Wearables Class	2026-07-16T08:05:30.5675446Z   inflating: classes_out/com/oculus/snappmanager/AppInstallProgressOrBuilder.class  
Build & Test Android Companion	Inspect Wearables Class	2026-07-16T08:05:30.5676384Z   inflating: classes_out/com/oculus/snappmanager/AppInstallRequest$1.class  
Build & Test Android Companion	Inspect Wearables Class	2026-07-16T08:05:30.5677285Z   inflating: classes_out/com/oculus/snappmanager/AppInstallRequest$Builder.class  
Build & Test Android Companion	Inspect Wearables Class	2026-07-16T08:05:30.5678180Z   inflating: classes_out/com/oculus/snappmanager/AppInstallRequest.class  
Build & Test Android Companion	Inspect Wearables Class	2026-07-16T08:05:30.5679106Z   inflating: classes_out/com/oculus/snappmanager/AppInstallRequestOrBuilder.class  
Build & Test Android Companion	Inspect Wearables Class	2026-07-16T08:05:30.5680086Z   inflating: classes_out/com/oculus/snappmanager/AppInstallResponse$1.class  
Build & Test Android Companion	Inspect Wearables Class	2026-07-16T08:05:30.5681075Z   inflating: classes_out/com/oculus/snappmanager/AppInstallResponse$Builder.class  
Build & Test Android Companion	Inspect Wearables Class	2026-07-16T08:05:30.5682054Z   inflating: classes_out/com/oculus/snappmanager/AppInstallResponse.class  
Build & Test Android Companion	Inspect Wearables Class	2026-07-16T08:05:30.5683221Z   inflating: classes_out/com/oculus/snappmanager/AppInstallResponseOrBuilder.class  
Build & Test Android Companion	Inspect Wearables Class	2026-07-16T08:05:30.5685117Z   inflating: classes_out/com/oculus/snappmanager/AppInstallSessionKey$1.class  
Build & Test Android Companion	Inspect Wearables Class	2026-07-16T08:05:30.5686113Z   inflating: classes_out/com/oculus/snappmanager/AppInstallSessionKey$Builder.class  
Build & Test Android Companion	Inspect Wearables Class	2026-07-16T08:05:30.5687079Z   inflating: classes_out/com/oculus/snappmanager/AppInstallSessionKey.class  
Build & Test Android Companion	Inspect Wearables Class	2026-07-16T08:05:30.5688053Z   inflating: classes_out/com/oculus/snappmanager/AppInstallSessionKeyOrBuilder.class  
Build & Test Android Companion	Inspect Wearables Class	2026-07-16T08:05:30.5689036Z   inflating: classes_out/com/oculus/snappmanager/AppInstallStage$1.class  
Build & Test Android Companion	Inspect Wearables Class	2026-07-16T08:05:30.5690100Z   inflating: classes_out/com/oculus/snappmanager/AppInstallStage$AppInstallStageVerifier.class  
Build & Test Android Companion	Inspect Wearables Class	2026-07-16T08:05:30.5691254Z   inflating: classes_out/com/oculus/snappmanager/AppInstallStage.class  
Build & Test Android Companion	Inspect Wearables Class	2026-07-16T08:05:30.5692181Z   inflating: classes_out/com/oculus/snappmanager/AppInstallTriggerSource$1.class  
Build & Test Android Companion	Inspect Wearables Class	2026-07-16T08:05:30.5693638Z   inflating: classes_out/com/oculus/snappmanager/AppInstallTriggerSource$AppInstallTriggerSourceVerifier.class  
Build & Test Android Companion	Inspect Wearables Class	2026-07-16T08:05:30.5694700Z   inflating: classes_out/com/oculus/snappmanager/AppInstallTriggerSource.class  
Build & Test Android Companion	Inspect Wearables Class	2026-07-16T08:05:30.5695582Z   inflating: classes_out/com/oculus/snappmanager/AppUninstallError$1.class  
Build & Test Android Companion	Inspect Wearables Class	2026-07-16T08:05:30.5696556Z   inflating: classes_out/com/oculus/snappmanager/AppUninstallError$Builder.class  
Build & Test Android Companion	Inspect Wearables Class	2026-07-16T08:05:30.5697506Z   inflating: classes_out/com/oculus/snappmanager/AppUninstallError.class  
Build & Test Android Companion	Inspect Wearables Class	2026-07-16T08:05:30.5698429Z   inflating: classes_out/com/oculus/snappmanager/AppUninstallErrorCode$1.class  
Build & Test Android Companion	Inspect Wearables Class	2026-07-16T08:05:30.5699630Z   inflating: classes_out/com/oculus/snappmanager/AppUninstallErrorCode$AppUninstallErrorCodeVerifier.class  
Build & Test Android Companion	Inspect Wearables Class	2026-07-16T08:05:30.5700830Z   inflating: classes_out/com/oculus/snappmanager/AppUninstallErrorCode.class  
Build & Test Android Companion	Inspect Wearables Class	2026-07-16T08:05:30.5701818Z   inflating: classes_out/com/oculus/snappmanager/AppUninstallErrorOrBuilder.class  
Build & Test Android Companion	Inspect Wearables Class	2026-07-16T08:05:30.5702820Z   inflating: classes_out/com/oculus/snappmanager/AppUninstallRequest$1.class  
Build & Test Android Companion	Inspect Wearables Class	2026-07-16T08:05:30.5704452Z   inflating: classes_out/com/oculus/snappmanager/AppUninstallRequest$Builder.class  
Build & Test Android Companion	Inspect Wearables Class	2026-07-16T08:05:30.5705448Z   inflating: classes_out/com/oculus/snappmanager/AppUninstallRequest.class  
Build & Test Android Companion	Inspect Wearables Class	2026-07-16T08:05:30.5706438Z   inflating: classes_out/com/oculus/snappmanager/AppUninstallRequestOrBuilder.class  
Build & Test Android Companion	Inspect Wearables Class	2026-07-16T08:05:30.5707449Z   inflating: classes_out/com/oculus/snappmanager/AppUninstallResponse$1.class  
Build & Test Android Companion	Inspect Wearables Class	2026-07-16T08:05:30.5708434Z   inflating: classes_out/com/oculus/snappmanager/AppUninstallResponse$Builder.class  
Build & Test Android Companion	Inspect Wearables Class	2026-07-16T08:05:30.5709420Z   inflating: classes_out/com/oculus/snappmanager/AppUninstallResponse.class  
Build & Test Android Companion	Inspect Wearables Class	2026-07-16T08:05:30.5710408Z   inflating: classes_out/com/oculus/snappmanager/AppUninstallResponseOrBuilder.class  
Build & Test Android Companion	Inspect Wearables Class	2026-07-16T08:05:30.5711417Z   inflating: classes_out/com/oculus/snappmanager/AppVersionQueryRequest$1.class  
Build & Test Android Companion	Inspect Wearables Class	2026-07-16T08:05:30.5712565Z   inflating: classes_out/com/oculus/snappmanager/AppVersionQueryRequest$Builder.class  
Build & Test Android Companion	Inspect Wearables Class	2026-07-16T08:05:30.5713761Z   inflating: classes_out/com/oculus/snappmanager/AppVersionQueryRequest.class  
Build & Test Android Companion	Inspect Wearables Class	2026-07-16T08:05:30.5714728Z   inflating: classes_out/com/oculus/snappmanager/AppVersionQueryRequestOrBuilder.class  
Build & Test Android Companion	Inspect Wearables Class	2026-07-16T08:05:30.5715786Z   inflating: classes_out/com/oculus/snappmanager/AppVersionQueryResponse$1.class  
Build & Test Android Companion	Inspect Wearables Class	2026-07-16T08:05:30.5716818Z   inflating: classes_out/com/oculus/snappmanager/AppVersionQueryResponse$Builder.class  
Build & Test Android Companion	Inspect Wearables Class	2026-07-16T08:05:30.5717876Z   inflating: classes_out/com/oculus/snappmanager/AppVersionQueryResponse.class  
Build & Test Android Companion	Inspect Wearables Class	2026-07-16T08:05:30.5718929Z   inflating: classes_out/com/oculus/snappmanager/AppVersionQueryResponseOrBuilder.class  
Build & Test Android Companion	Inspect Wearables Class	2026-07-16T08:05:30.5720168Z   inflating: classes_out/com/oculus/snappmanager/CompanionDeviceAppIDOuterClass$CompanionDeviceAppID$1.class  
Build & Test Android Companion	Inspect Wearables Class	2026-07-16T08:05:30.5721773Z   inflating: classes_out/com/oculus/snappmanager/CompanionDeviceAppIDOuterClass$CompanionDeviceAppID$CompanionDeviceAppIDVerifier.class  
Build & Test Android Companion	Inspect Wearables Class	2026-07-16T08:05:30.5724286Z   inflating: classes_out/com/oculus/snappmanager/CompanionDeviceAppIDOuterClass$CompanionDeviceAppID.class  
Build & Test Android Companion	Inspect Wearables Class	2026-07-16T08:05:30.5725567Z   inflating: classes_out/com/oculus/snappmanager/CompanionDeviceAppIDOuterClass.class  
Build & Test Android Companion	Inspect Wearables Class	2026-07-16T08:05:30.5726625Z   inflating: classes_out/com/oculus/snappmanager/CompanionDeviceAppInstall.class  
Build & Test Android Companion	Inspect Wearables Class	2026-07-16T08:05:30.5727656Z   inflating: classes_out/com/oculus/snappmanager/CompanionDeviceAppLifecycle$1.class  
Build & Test Android Companion	Inspect Wearables Class	2026-07-16T08:05:30.5728911Z   inflating: classes_out/com/oculus/snappmanager/CompanionDeviceAppLifecycle$CompanionDeviceStartApp$Builder.class  
Build & Test Android Companion	Inspect Wearables Class	2026-07-16T08:05:30.5730634Z   inflating: classes_out/com/oculus/snappmanager/CompanionDeviceAppLifecycle$CompanionDeviceStartApp$CompanionDeviceAppLaunchPolicy$Builder.class  
Build & Test Android Companion	Inspect Wearables Class	2026-07-16T08:05:30.5732716Z   inflating: classes_out/com/oculus/snappmanager/CompanionDeviceAppLifecycle$CompanionDeviceStartApp$CompanionDeviceAppLaunchPolicy$RequiredStorage$Builder.class  
Build & Test Android Companion	Inspect Wearables Class	2026-07-16T08:05:30.5735210Z   inflating: classes_out/com/oculus/snappmanager/CompanionDeviceAppLifecycle$CompanionDeviceStartApp$CompanionDeviceAppLaunchPolicy$RequiredStorage.class  
Build & Test Android Companion	Inspect Wearables Class	2026-07-16T08:05:30.5737377Z   inflating: classes_out/com/oculus/snappmanager/CompanionDeviceAppLifecycle$CompanionDeviceStartApp$CompanionDeviceAppLaunchPolicy$RequiredStorageOrBuilder.class  
Build & Test Android Companion	Inspect Wearables Class	2026-07-16T08:05:30.5739427Z   inflating: classes_out/com/oculus/snappmanager/CompanionDeviceAppLifecycle$CompanionDeviceStartApp$CompanionDeviceAppLaunchPolicy.class  
Build & Test Android Companion	Inspect Wearables Class	2026-07-16T08:05:30.5752029Z   inflating: classes_out/com/oculus/snappmanager/CompanionDeviceAppLifecycle$CompanionDeviceStartApp$CompanionDeviceAppLaunchPolicyOrBuilder.class  
Build & Test Android Companion	Inspect Wearables Class	2026-07-16T08:05:30.5754021Z   inflating: classes_out/com/oculus/snappmanager/CompanionDeviceAppLifecycle$CompanionDeviceStartApp.class  
Build & Test Android Companion	Inspect Wearables Class	2026-07-16T08:05:30.5755523Z   inflating: classes_out/com/oculus/snappmanager/CompanionDeviceAppLifecycle$CompanionDeviceStartAppOrBuilder.class  
Build & Test Android Companion	Inspect Wearables Class	2026-07-16T08:05:30.5757158Z   inflating: classes_out/com/oculus/snappmanager/CompanionDeviceAppLifecycle$CompanionDeviceStartAppResponse$Builder.class  
Build & Test Android Companion	Inspect Wearables Class	2026-07-16T08:05:30.5758822Z   inflating: classes_out/com/oculus/snappmanager/CompanionDeviceAppLifecycle$CompanionDeviceStartAppResponse$ErrorDataCase.class  
Build & Test Android Companion	Inspect Wearables Class	2026-07-16T08:05:30.5760414Z   inflating: classes_out/com/oculus/snappmanager/CompanionDeviceAppLifecycle$CompanionDeviceStartAppResponse.class  
Build & Test Android Companion	Inspect Wearables Class	2026-07-16T08:05:30.5761771Z   inflating: classes_out/com/oculus/snappmanager/CompanionDeviceAppLifecycle$CompanionDeviceStartAppResponseOrBuilder.class  
Build & Test Android Companion	Inspect Wearables Class	2026-07-16T08:05:30.5764099Z   inflating: classes_out/com/oculus/snappmanager/CompanionDeviceAppLifecycle$CompanionDeviceStopApp$Builder.class  
Build & Test Android Companion	Inspect Wearables Class	2026-07-16T08:05:30.5765602Z   inflating: classes_out/com/oculus/snappmanager/CompanionDeviceAppLifecycle$CompanionDeviceStopApp.class  
Build & Test Android Companion	Inspect Wearables Class	2026-07-16T08:05:30.5767075Z   inflating: classes_out/com/oculus/snappmanager/CompanionDeviceAppLifecycle$CompanionDeviceStopAppOrBuilder.class  
Build & Test Android Companion	Inspect Wearables Class	2026-07-16T08:05:30.5768807Z   inflating: classes_out/com/oculus/snappmanager/CompanionDeviceAppLifecycle$CompanionDeviceStopAppResponse$Builder.class  
Build & Test Android Companion	Inspect Wearables Class	2026-07-16T08:05:30.5770358Z   inflating: classes_out/com/oculus/snappmanager/CompanionDeviceAppLifecycle$CompanionDeviceStopAppResponse.class  
Build & Test Android Companion	Inspect Wearables Class	2026-07-16T08:05:30.5771931Z   inflating: classes_out/com/oculus/snappmanager/CompanionDeviceAppLifecycle$CompanionDeviceStopAppResponseOrBuilder.class  
Build & Test Android Companion	Inspect Wearables Class	2026-07-16T08:05:30.5773262Z   inflating: classes_out/com/oculus/snappmanager/CompanionDeviceAppLifecycle.class  
Build & Test Android Companion	Inspect Wearables Class	2026-07-16T08:05:30.5774858Z   inflating: classes_out/com/oculus/snappmanager/CompanionDeviceErrorCodeOuterClass$CompanionDeviceErrorCode$1.class  
Build & Test Android Companion	Inspect Wearables Class	2026-07-16T08:05:30.5776662Z   inflating: classes_out/com/oculus/snappmanager/CompanionDeviceErrorCodeOuterClass$CompanionDeviceErrorCode$CompanionDeviceErrorCodeVerifier.class  
Build & Test Android Companion	Inspect Wearables Class	2026-07-16T08:05:30.5778438Z   inflating: classes_out/com/oculus/snappmanager/CompanionDeviceErrorCodeOuterClass$CompanionDeviceErrorCode.class  
Build & Test Android Companion	Inspect Wearables Class	2026-07-16T08:05:30.5779965Z   inflating: classes_out/com/oculus/snappmanager/CompanionDeviceErrorCodeOuterClass.class  
Build & Test Android Companion	Inspect Wearables Class	2026-07-16T08:05:30.5781025Z   inflating: classes_out/com/oculus/snappmanager/CompanionDeviceHNOOBE$1.class  
Build & Test Android Companion	Inspect Wearables Class	2026-07-16T08:05:30.5782212Z   inflating: classes_out/com/oculus/snappmanager/CompanionDeviceHNOOBE$CompanionDeviceSetupState$Builder.class  
Build & Test Android Companion	Inspect Wearables Class	2026-07-16T08:05:30.5784299Z   inflating: classes_out/com/oculus/snappmanager/CompanionDeviceHNOOBE$CompanionDeviceSetupState$Result$1.class  
Build & Test Android Companion	Inspect Wearables Class	2026-07-16T08:05:30.5785859Z   inflating: classes_out/com/oculus/snappmanager/CompanionDeviceHNOOBE$CompanionDeviceSetupState$Result$ResultVerifier.class  
Build & Test Android Companion	Inspect Wearables Class	2026-07-16T08:05:30.5787393Z   inflating: classes_out/com/oculus/snappmanager/CompanionDeviceHNOOBE$CompanionDeviceSetupState$Result.class  
Build & Test Android Companion	Inspect Wearables Class	2026-07-16T08:05:30.5788852Z   inflating: classes_out/com/oculus/snappmanager/CompanionDeviceHNOOBE$CompanionDeviceSetupState$TourStartSetting$1.class  
Build & Test Android Companion	Inspect Wearables Class	2026-07-16T08:05:30.5790588Z   inflating: classes_out/com/oculus/snappmanager/CompanionDeviceHNOOBE$CompanionDeviceSetupState$TourStartSetting$TourStartSettingVerifier.class  
Build & Test Android Companion	Inspect Wearables Class	2026-07-16T08:05:30.5792333Z   inflating: classes_out/com/oculus/snappmanager/CompanionDeviceHNOOBE$CompanionDeviceSetupState$TourStartSetting.class  
Build & Test Android Companion	Inspect Wearables Class	2026-07-16T08:05:30.5793930Z   inflating: classes_out/com/oculus/snappmanager/CompanionDeviceHNOOBE$CompanionDeviceSetupState.class  
Build & Test Android Companion	Inspect Wearables Class	2026-07-16T08:05:30.5795337Z   inflating: classes_out/com/oculus/snappmanager/CompanionDeviceHNOOBE$CompanionDeviceSetupStateOrBuilder.class  
Build & Test Android Companion	Inspect Wearables Class	2026-07-16T08:05:30.5796529Z   inflating: classes_out/com/oculus/snappmanager/CompanionDeviceHNOOBE.class  
Build & Test Android Companion	Inspect Wearables Class	2026-07-16T08:05:30.5797550Z   inflating: classes_out/com/oculus/snappmanager/CompanionDeviceInitOuterClass$1.class  
Build & Test Android Companion	Inspect Wearables Class	2026-07-16T08:05:30.5798781Z   inflating: classes_out/com/oculus/snappmanager/CompanionDeviceInitOuterClass$CompanionDeviceInit$1.class  
Build & Test Android Companion	Inspect Wearables Class	2026-07-16T08:05:30.5800168Z   inflating: classes_out/com/oculus/snappmanager/CompanionDeviceInitOuterClass$CompanionDeviceInit$Builder.class  
Build & Test Android Companion	Inspect Wearables Class	2026-07-16T08:05:30.5801588Z   inflating: classes_out/com/oculus/snappmanager/CompanionDeviceInitOuterClass$CompanionDeviceInit.class  
Build & Test Android Companion	Inspect Wearables Class	2026-07-16T08:05:30.5803013Z   inflating: classes_out/com/oculus/snappmanager/CompanionDeviceInitOuterClass$CompanionDeviceInitOrBuilder.class  
Build & Test Android Companion	Inspect Wearables Class	2026-07-16T08:05:30.5805170Z   inflating: classes_out/com/oculus/snappmanager/CompanionDeviceInitOuterClass$CompanionDeviceInitResponse$Builder.class  
Build & Test Android Companion	Inspect Wearables Class	2026-07-16T08:05:30.5806725Z   inflating: classes_out/com/oculus/snappmanager/CompanionDeviceInitOuterClass$CompanionDeviceInitResponse.class  
Build & Test Android Companion	Inspect Wearables Class	2026-07-16T08:05:30.5808267Z   inflating: classes_out/com/oculus/snappmanager/CompanionDeviceInitOuterClass$CompanionDeviceInitResponseOrBuilder.class  
Build & Test Android Companion	Inspect Wearables Class	2026-07-16T08:05:30.5809864Z   inflating: classes_out/com/oculus/snappmanager/CompanionDeviceInitOuterClass$CompanionDeviceSubscriptions$1.class  
Build & Test Android Companion	Inspect Wearables Class	2026-07-16T08:05:30.5811706Z   inflating: classes_out/com/oculus/snappmanager/CompanionDeviceInitOuterClass$CompanionDeviceSubscriptions$CompanionDeviceSubscriptionsVerifier.class  
Build & Test Android Companion	Inspect Wearables Class	2026-07-16T08:05:30.5813897Z   inflating: classes_out/com/oculus/snappmanager/CompanionDeviceInitOuterClass$CompanionDeviceSubscriptions.class  
Build & Test Android Companion	Inspect Wearables Class	2026-07-16T08:05:30.5815219Z   inflating: classes_out/com/oculus/snappmanager/CompanionDeviceInitOuterClass.class  
Build & Test Android Companion	Inspect Wearables Class	2026-07-16T08:05:30.5816553Z   inflating: classes_out/com/oculus/snappmanager/CompanionDeviceMessageTypeOuterClass$CompanionDeviceMessageType$1.class  
Build & Test Android Companion	Inspect Wearables Class	2026-07-16T08:05:30.5818424Z   inflating: classes_out/com/oculus/snappmanager/CompanionDeviceMessageTypeOuterClass$CompanionDeviceMessageType$CompanionDeviceMessageTypeVerifier.class  
Build & Test Android Companion	Inspect Wearables Class	2026-07-16T08:05:30.5820304Z   inflating: classes_out/com/oculus/snappmanager/CompanionDeviceMessageTypeOuterClass$CompanionDeviceMessageType.class  
Build & Test Android Companion	Inspect Wearables Class	2026-07-16T08:05:30.5822690Z   inflating: classes_out/com/oculus/snappmanager/CompanionDeviceMessageTypeOuterClass.class  
Build & Test Android Companion	Inspect Wearables Class	2026-07-16T08:05:30.5824064Z   inflating: classes_out/com/oculus/snappmanager/CompanionDeviceSNIntent$1.class  
Build & Test Android Companion	Inspect Wearables Class	2026-07-16T08:05:30.5825369Z   inflating: classes_out/com/oculus/snappmanager/CompanionDeviceSNIntent$SNIntent$Builder.class  
Build & Test Android Companion	Inspect Wearables Class	2026-07-16T08:05:30.5826527Z   inflating: classes_out/com/oculus/snappmanager/CompanionDeviceSNIntent$SNIntent.class  
Build & Test Android Companion	Inspect Wearables Class	2026-07-16T08:05:30.5827699Z   inflating: classes_out/com/oculus/snappmanager/CompanionDeviceSNIntent$SNIntentData$Builder.class  
Build & Test Android Companion	Inspect Wearables Class	2026-07-16T08:05:30.5828979Z   inflating: classes_out/com/oculus/snappmanager/CompanionDeviceSNIntent$SNIntentData$ValueCase.class  
Build & Test Android Companion	Inspect Wearables Class	2026-07-16T08:05:30.5830136Z   inflating: classes_out/com/oculus/snappmanager/CompanionDeviceSNIntent$SNIntentData.class  
Build & Test Android Companion	Inspect Wearables Class	2026-07-16T08:05:30.5831359Z   inflating: classes_out/com/oculus/snappmanager/CompanionDeviceSNIntent$SNIntentDataOrBuilder.class  
Build & Test Android Companion	Inspect Wearables Class	2026-07-16T08:05:30.5832546Z   inflating: classes_out/com/oculus/snappmanager/CompanionDeviceSNIntent$SNIntentOrBuilder.class  
Build & Test Android Companion	Inspect Wearables Class	2026-07-16T08:05:30.5833961Z   inflating: classes_out/com/oculus/snappmanager/CompanionDeviceSNIntent$SNIntentResp$Builder.class  
Build & Test Android Companion	Inspect Wearables Class	2026-07-16T08:05:30.5835270Z   inflating: classes_out/com/oculus/snappmanager/CompanionDeviceSNIntent$SNIntentResp$FailureReason$Builder.class  
Build & Test Android Companion	Inspect Wearables Class	2026-07-16T08:05:30.5836787Z   inflating: classes_out/com/oculus/snappmanager/CompanionDeviceSNIntent$SNIntentResp$FailureReason$ErrorDataCase.class  
Build & Test Android Companion	Inspect Wearables Class	2026-07-16T08:05:30.5838225Z   inflating: classes_out/com/oculus/snappmanager/CompanionDeviceSNIntent$SNIntentResp$FailureReason.class  
Build & Test Android Companion	Inspect Wearables Class	2026-07-16T08:05:30.5839633Z   inflating: classes_out/com/oculus/snappmanager/CompanionDeviceSNIntent$SNIntentResp$FailureReasonOrBuilder.class  
Build & Test Android Companion	Inspect Wearables Class	2026-07-16T08:05:30.5841088Z   inflating: classes_out/com/oculus/snappmanager/CompanionDeviceSNIntent$SNIntentResp$SNIntentStatus$1.class  
Build & Test Android Companion	Inspect Wearables Class	2026-07-16T08:05:30.5842643Z   inflating: classes_out/com/oculus/snappmanager/CompanionDeviceSNIntent$SNIntentResp$SNIntentStatus$SNIntentStatusVerifier.class  
Build & Test Android Companion	Inspect Wearables Class	2026-07-16T08:05:30.5845007Z   inflating: classes_out/com/oculus/snappmanager/CompanionDeviceSNIntent$SNIntentResp$SNIntentStatus.class  
Build & Test Android Companion	Inspect Wearables Class	2026-07-16T08:05:30.5846300Z   inflating: classes_out/com/oculus/snappmanager/CompanionDeviceSNIntent$SNIntentResp.class  
Build & Test Android Companion	Inspect Wearables Class	2026-07-16T08:05:30.5847511Z   inflating: classes_out/com/oculus/snappmanager/CompanionDeviceSNIntent$SNIntentRespOrBuilder.class  
Build & Test Android Companion	Inspect Wearables Class	2026-07-16T08:05:30.5848630Z   inflating: classes_out/com/oculus/snappmanager/CompanionDeviceSNIntent.class  
Build & Test Android Companion	Inspect Wearables Class	2026-07-16T08:05:30.5849603Z   inflating: classes_out/com/oculus/snappmanager/CompanionDeviceStateV2$1.class  
Build & Test Android Companion	Inspect Wearables Class	2026-07-16T08:05:30.5850716Z   inflating: classes_out/com/oculus/snappmanager/CompanionDeviceStateV2$DeviceStateV2$Builder.class  
Build & Test Android Companion	Inspect Wearables Class	2026-07-16T08:05:30.5851876Z   inflating: classes_out/com/oculus/snappmanager/CompanionDeviceStateV2$DeviceStateV2.class  
Build & Test Android Companion	Inspect Wearables Class	2026-07-16T08:05:30.5853123Z   inflating: classes_out/com/oculus/snappmanager/CompanionDeviceStateV2$DeviceStateV2OrBuilder.class  
Build & Test Android Companion	Inspect Wearables Class	2026-07-16T08:05:30.5854490Z   inflating: classes_out/com/oculus/snappmanager/CompanionDeviceStateV2.class  
Build & Test Android Companion	Inspect Wearables Class	2026-07-16T08:05:30.5855670Z   inflating: classes_out/com/oculus/snappmanager/DeviceStateOuterClass$1.class  
Build & Test Android Companion	Inspect Wearables Class	2026-07-16T08:05:30.5856741Z   inflating: classes_out/com/oculus/snappmanager/DeviceStateOuterClass$DebugFlags$Builder.class  
Build & Test Android Companion	Inspect Wearables Class	2026-07-16T08:05:30.5857921Z   inflating: classes_out/com/oculus/snappmanager/DeviceStateOuterClass$DebugFlags$Flags$1.class  
Build & Test Android Companion	Inspect Wearables Class	2026-07-16T08:05:30.5859209Z   inflating: classes_out/com/oculus/snappmanager/DeviceStateOuterClass$DebugFlags$Flags$FlagsVerifier.class  
Build & Test Android Companion	Inspect Wearables Class	2026-07-16T08:05:30.5860454Z   inflating: classes_out/com/oculus/snappmanager/DeviceStateOuterClass$DebugFlags$Flags.class  
Build & Test Android Companion	Inspect Wearables Class	2026-07-16T08:05:30.5861634Z   inflating: classes_out/com/oculus/snappmanager/DeviceStateOuterClass$DebugFlags.class  
Build & Test Android Companion	Inspect Wearables Class	2026-07-16T08:05:30.5862773Z   inflating: classes_out/com/oculus/snappmanager/DeviceStateOuterClass$DebugFlagsOrBuilder.class  
Build & Test Android Companion	Inspect Wearables Class	2026-07-16T08:05:30.5864709Z   inflating: classes_out/com/oculus/snappmanager/DeviceStateOuterClass$DeviceState$ActionButtonState$1.class  
Build & Test Android Companion	Inspect Wearables Class	2026-07-16T08:05:30.5866463Z   inflating: classes_out/com/oculus/snappmanager/DeviceStateOuterClass$DeviceState$ActionButtonState$ActionButtonStateVerifier.class  
Build & Test Android Companion	Inspect Wearables Class	2026-07-16T08:05:30.5868026Z   inflating: classes_out/com/oculus/snappmanager/DeviceStateOuterClass$DeviceState$ActionButtonState.class  
Build & Test Android Companion	Inspect Wearables Class	2026-07-16T08:05:30.5869509Z   inflating: classes_out/com/oculus/snappmanager/DeviceStateOuterClass$DeviceState$AssistantState$AssistantAttentionState$1.class  
Build & Test Android Companion	Inspect Wearables Class	2026-07-16T08:05:30.5871410Z   inflating: classes_out/com/oculus/snappmanager/DeviceStateOuterClass$DeviceState$AssistantState$AssistantAttentionState$AssistantAttentionStateVerifier.class  
Build & Test Android Companion	Inspect Wearables Class	2026-07-16T08:05:30.5873260Z   inflating: classes_out/com/oculus/snappmanager/DeviceStateOuterClass$DeviceState$AssistantState$AssistantAttentionState.class  
Build & Test Android Companion	Inspect Wearables Class	2026-07-16T08:05:30.5875110Z   inflating: classes_out/com/oculus/snappmanager/DeviceStateOuterClass$DeviceState$AssistantState$Builder.class  
Build & Test Android Companion	Inspect Wearables Class	2026-07-16T08:05:30.5876419Z   inflating: classes_out/com/oculus/snappmanager/DeviceStateOuterClass$DeviceState$AssistantState.class  
Build & Test Android Companion	Inspect Wearables Class	2026-07-16T08:05:30.5877824Z   inflating: classes_out/com/oculus/snappmanager/DeviceStateOuterClass$DeviceState$AssistantStateOrBuilder.class  
Build & Test Android Companion	Inspect Wearables Class	2026-07-16T08:05:30.5879254Z   inflating: classes_out/com/oculus/snappmanager/DeviceStateOuterClass$DeviceState$BatteryHealthState$1.class  
Build & Test Android Companion	Inspect Wearables Class	2026-07-16T08:05:30.5880823Z   inflating: classes_out/com/oculus/snappmanager/DeviceStateOuterClass$DeviceState$BatteryHealthState$BatteryHealthStateVerifier.class  
Build & Test Android Companion	Inspect Wearables Class	2026-07-16T08:05:30.5882412Z   inflating: classes_out/com/oculus/snappmanager/DeviceStateOuterClass$DeviceState$BatteryHealthState.class  
Build & Test Android Companion	Inspect Wearables Class	2026-07-16T08:05:30.5884457Z   inflating: classes_out/com/oculus/snappmanager/DeviceStateOuterClass$DeviceState$BatteryState$Builder.class  
Build & Test Android Companion	Inspect Wearables Class	2026-07-16T08:05:30.5885918Z   inflating: classes_out/com/oculus/snappmanager/DeviceStateOuterClass$DeviceState$BatteryState$ChargingState$1.class  
Build & Test Android Companion	Inspect Wearables Class	2026-07-16T08:05:30.5887520Z   inflating: classes_out/com/oculus/snappmanager/DeviceStateOuterClass$DeviceState$BatteryState$ChargingState$ChargingStateVerifier.class  
Build & Test Android Companion	Inspect Wearables Class	2026-07-16T08:05:30.5889410Z   inflating: classes_out/com/oculus/snappmanager/DeviceStateOuterClass$DeviceState$BatteryState$ChargingState.class  
Build & Test Android Companion	Inspect Wearables Class	2026-07-16T08:05:30.5890730Z   inflating: classes_out/com/oculus/snappmanager/DeviceStateOuterClass$DeviceState$BatteryState.class  
Build & Test Android Companion	Inspect Wearables Class	2026-07-16T08:05:30.5892060Z   inflating: classes_out/com/oculus/snappmanager/DeviceStateOuterClass$DeviceState$BatteryStateOrBuilder.class  
Build & Test Android Companion	Inspect Wearables Class	2026-07-16T08:05:30.5893862Z   inflating: classes_out/com/oculus/snappmanager/DeviceStateOuterClass$DeviceState$BluetoothConnectionState$ANCSConnectionState$1.class  
Build & Test Android Companion	Inspect Wearables Class	2026-07-16T08:05:30.5895868Z   inflating: classes_out/com/oculus/snappmanager/DeviceStateOuterClass$DeviceState$BluetoothConnectionState$ANCSConnectionState$ANCSConnectionStateVerifier.class  
Build & Test Android Companion	Inspect Wearables Class	2026-07-16T08:05:30.5897873Z   inflating: classes_out/com/oculus/snappmanager/DeviceStateOuterClass$DeviceState$BluetoothConnectionState$ANCSConnectionState.class  
Build & Test Android Companion	Inspect Wearables Class	2026-07-16T08:05:30.5899799Z   inflating: classes_out/com/oculus/snappmanager/DeviceStateOuterClass$DeviceState$BluetoothConnectionState$BTCConnectionState$1.class  
Build & Test Android Companion	Inspect Wearables Class	2026-07-16T08:05:30.5901746Z   inflating: classes_out/com/oculus/snappmanager/DeviceStateOuterClass$DeviceState$BluetoothConnectionState$BTCConnectionState$BTCConnectionStateVerifier.class  
Build & Test Android Companion	Inspect Wearables Class	2026-07-16T08:05:30.5904455Z   inflating: classes_out/com/oculus/snappmanager/DeviceStateOuterClass$DeviceState$BluetoothConnectionState$BTCConnectionState.class  
Build & Test Android Companion	Inspect Wearables Class	2026-07-16T08:05:30.5906328Z   inflating: classes_out/com/oculus/snappmanager/DeviceStateOuterClass$DeviceState$BluetoothConnectionState$Builder.class  
Build & Test Android Companion	Inspect Wearables Class	2026-07-16T08:05:30.5907960Z   inflating: classes_out/com/oculus/snappmanager/DeviceStateOuterClass$DeviceState$BluetoothConnectionState$MAPConnectionState$1.class  
Build & Test Android Companion	Inspect Wearables Class	2026-07-16T08:05:30.5909916Z   inflating: classes_out/com/oculus/snappmanager/DeviceStateOuterClass$DeviceState$BluetoothConnectionState$MAPConnectionState$MAPConnectionStateVerifier.class  
Build & Test Android Companion	Inspect Wearables Class	2026-07-16T08:05:30.5911996Z   inflating: classes_out/com/oculus/snappmanager/DeviceStateOuterClass$DeviceState$BluetoothConnectionState$MAPConnectionState.class  
Build & Test Android Companion	Inspect Wearables Class	2026-07-16T08:05:30.5914050Z   inflating: classes_out/com/oculus/snappmanager/DeviceStateOuterClass$DeviceState$BluetoothConnectionState$PBAPConnectionState$1.class  
Build & Test Android Companion	Inspect Wearables Class	2026-07-16T08:05:30.5916022Z   inflating: classes_out/com/oculus/snappmanager/DeviceStateOuterClass$DeviceState$BluetoothConnectionState$PBAPConnectionState$PBAPConnectionStateVerifier.class  
Build & Test Android Companion	Inspect Wearables Class	2026-07-16T08:05:30.5917978Z   inflating: classes_out/com/oculus/snappmanager/DeviceStateOuterClass$DeviceState$BluetoothConnectionState$PBAPConnectionState.class  
Build & Test Android Companion	Inspect Wearables Class	2026-07-16T08:05:30.5919613Z   inflating: classes_out/com/oculus/snappmanager/DeviceStateOuterClass$DeviceState$BluetoothConnectionState.class  
Build & Test Android Companion	Inspect Wearables Class	2026-07-16T08:05:30.5921200Z   inflating: classes_out/com/oculus/snappmanager/DeviceStateOuterClass$DeviceState$BluetoothConnectionStateOrBuilder.class  
Build & Test Android Companion	Inspect Wearables Class	2026-07-16T08:05:30.5922681Z   inflating: classes_out/com/oculus/snappmanager/DeviceStateOuterClass$DeviceState$Builder.class  
Build & Test Android Companion	Inspect Wearables Class	2026-07-16T08:05:30.5924686Z   inflating: classes_out/com/oculus/snappmanager/DeviceStateOuterClass$DeviceState$CallState$Builder.class  
Build & Test Android Companion	Inspect Wearables Class	2026-07-16T08:05:30.5926144Z   inflating: classes_out/com/oculus/snappmanager/DeviceStateOuterClass$DeviceState$CallState$CallingPlatform$1.class  
Build & Test Android Companion	Inspect Wearables Class	2026-07-16T08:05:30.5927797Z   inflating: classes_out/com/oculus/snappmanager/DeviceStateOuterClass$DeviceState$CallState$CallingPlatform$CallingPlatformVerifier.class  
Build & Test Android Companion	Inspect Wearables Class	2026-07-16T08:05:30.5929399Z   inflating: classes_out/com/oculus/snappmanager/DeviceStateOuterClass$DeviceState$CallState$CallingPlatform.class  
Build & Test Android Companion	Inspect Wearables Class	2026-07-16T08:05:30.5930872Z   inflating: classes_out/com/oculus/snappmanager/DeviceStateOuterClass$DeviceState$CallState$CallingState$1.class  
Build & Test Android Companion	Inspect Wearables Class	2026-07-16T08:05:30.5932461Z   inflating: classes_out/com/oculus/snappmanager/DeviceStateOuterClass$DeviceState$CallState$CallingState$CallingStateVerifier.class  
Build & Test Android Companion	Inspect Wearables Class	2026-07-16T08:05:30.5934300Z   inflating: classes_out/com/oculus/snappmanager/DeviceStateOuterClass$DeviceState$CallState$CallingState.class  
Build & Test Android Companion	Inspect Wearables Class	2026-07-16T08:05:30.5935735Z   inflating: classes_out/com/oculus/snappmanager/DeviceStateOuterClass$DeviceState$CallState$HFPState$1.class  
Build & Test Android Companion	Inspect Wearables Class	2026-07-16T08:05:30.5937244Z   inflating: classes_out/com/oculus/snappmanager/DeviceStateOuterClass$DeviceState$CallState$HFPState$HFPStateVerifier.class  
Build & Test Android Companion	Inspect Wearables Class	2026-07-16T08:05:30.5938647Z   inflating: classes_out/com/oculus/snappmanager/DeviceStateOuterClass$DeviceState$CallState$HFPState.class  
Build & Test Android Companion	Inspect Wearables Class	2026-07-16T08:05:30.5939962Z   inflating: classes_out/com/oculus/snappmanager/DeviceStateOuterClass$DeviceState$CallState.class  
Build & Test Android Companion	Inspect Wearables Class	2026-07-16T08:05:30.5941280Z   inflating: classes_out/com/oculus/snappmanager/DeviceStateOuterClass$DeviceState$CallStateOrBuilder.class  
Build & Test Android Companion	Inspect Wearables Class	2026-07-16T08:05:30.5942672Z   inflating: classes_out/com/oculus/snappmanager/DeviceStateOuterClass$DeviceState$CameraSensingState$1.class  
Build & Test Android Companion	Inspect Wearables Class	2026-07-16T08:05:30.5945095Z   inflating: classes_out/com/oculus/snappmanager/DeviceStateOuterClass$DeviceState$CameraSensingState$CameraSensingStateVerifier.class  
Build & Test Android Companion	Inspect Wearables Class	2026-07-16T08:05:30.5946710Z   inflating: classes_out/com/oculus/snappmanager/DeviceStateOuterClass$DeviceState$CameraSensingState.class  
Build & Test Android Companion	Inspect Wearables Class	2026-07-16T08:05:30.5948061Z   inflating: classes_out/com/oculus/snappmanager/DeviceStateOuterClass$DeviceState$CameraState$1.class  
Build & Test Android Companion	Inspect Wearables Class	2026-07-16T08:05:30.5949447Z   inflating: classes_out/com/oculus/snappmanager/DeviceStateOuterClass$DeviceState$CameraState$CameraStateVerifier.class  
Build & Test Android Companion	Inspect Wearables Class	2026-07-16T08:05:30.5950850Z   inflating: classes_out/com/oculus/snappmanager/DeviceStateOuterClass$DeviceState$CameraState.class  
Build & Test Android Companion	Inspect Wearables Class	2026-07-16T08:05:30.5952071Z   inflating: classes_out/com/oculus/snappmanager/DeviceStateOuterClass$DeviceState$CaptouchState$1.class  
Build & Test Android Companion	Inspect Wearables Class	2026-07-16T08:05:30.5953767Z   inflating: classes_out/com/oculus/snappmanager/DeviceStateOuterClass$DeviceState$CaptouchState$CaptouchStateVerifier.class  
Build & Test Android Companion	Inspect Wearables Class	2026-07-16T08:05:30.5955240Z   inflating: classes_out/com/oculus/snappmanager/DeviceStateOuterClass$DeviceState$CaptouchState.class  
Build & Test Android Companion	Inspect Wearables Class	2026-07-16T08:05:30.5956765Z   inflating: classes_out/com/oculus/snappmanager/DeviceStateOuterClass$DeviceState$CaptureButtonState$1.class  
Build & Test Android Companion	Inspect Wearables Class	2026-07-16T08:05:30.5958359Z   inflating: classes_out/com/oculus/snappmanager/DeviceStateOuterClass$DeviceState$CaptureButtonState$CaptureButtonStateVerifier.class  
Build & Test Android Companion	Inspect Wearables Class	2026-07-16T08:05:30.5960012Z   inflating: classes_out/com/oculus/snappmanager/DeviceStateOuterClass$DeviceState$CaptureButtonState.class  
Build & Test Android Companion	Inspect Wearables Class	2026-07-16T08:05:30.5961406Z   inflating: classes_out/com/oculus/snappmanager/DeviceStateOuterClass$DeviceState$CaseBatteryState$Builder.class  
Build & Test Android Companion	Inspect Wearables Class	2026-07-16T08:05:30.5962910Z   inflating: classes_out/com/oculus/snappmanager/DeviceStateOuterClass$DeviceState$CaseBatteryState$CasePlatformId$1.class  
Build & Test Android Companion	Inspect Wearables Class	2026-07-16T08:05:30.5965225Z   inflating: classes_out/com/oculus/snappmanager/DeviceStateOuterClass$DeviceState$CaseBatteryState$CasePlatformId$CasePlatformIdVerifier.class  
Build & Test Android Companion	Inspect Wearables Class	2026-07-16T08:05:30.5966916Z   inflating: classes_out/com/oculus/snappmanager/DeviceStateOuterClass$DeviceState$CaseBatteryState$CasePlatformId.class  
Build & Test Android Companion	Inspect Wearables Class	2026-07-16T08:05:30.5968398Z   inflating: classes_out/com/oculus/snappmanager/DeviceStateOuterClass$DeviceState$CaseBatteryState.class  
Build & Test Android Companion	Inspect Wearables Class	2026-07-16T08:05:30.5969829Z   inflating: classes_out/com/oculus/snappmanager/DeviceStateOuterClass$DeviceState$CaseBatteryStateOrBuilder.class  
Build & Test Android Companion	Inspect Wearables Class	2026-07-16T08:05:30.5971289Z   inflating: classes_out/com/oculus/snappmanager/DeviceStateOuterClass$DeviceState$CompanionAppInfo$Builder.class  
Build & Test Android Companion	Inspect Wearables Class	2026-07-16T08:05:30.5972783Z   inflating: classes_out/com/oculus/snappmanager/DeviceStateOuterClass$DeviceState$CompanionAppInfo$CompanionAppState$1.class  
Build & Test Android Companion	Inspect Wearables Class	2026-07-16T08:05:30.5974814Z   inflating: classes_out/com/oculus/snappmanager/DeviceStateOuterClass$DeviceState$CompanionAppInfo$CompanionAppState$CompanionAppStateVerifier.class  
Build & Test Android Companion	Inspect Wearables Class	2026-07-16T08:05:30.5976585Z   inflating: classes_out/com/oculus/snappmanager/DeviceStateOuterClass$DeviceState$CompanionAppInfo$CompanionAppState.class  
Build & Test Android Companion	Inspect Wearables Class	2026-07-16T08:05:30.5978077Z   inflating: classes_out/com/oculus/snappmanager/DeviceStateOuterClass$DeviceState$CompanionAppInfo.class  
Build & Test Android Companion	Inspect Wearables Class	2026-07-16T08:05:30.5979490Z   inflating: classes_out/com/oculus/snappmanager/DeviceStateOuterClass$DeviceState$CompanionAppInfoOrBuilder.class  
Build & Test Android Companion	Inspect Wearables Class	2026-07-16T08:05:30.5980069Z   inflating: classes_out/com/oculus/snappmanager/DeviceStateOuterClass$DeviceState$DeviceLockState$1.class  
Build & Test Android Companion	Inspect Wearables Class	2026-07-16T08:05:30.5980819Z   inflating: classes_out/com/oculus/snappmanager/DeviceStateOuterClass$DeviceState$DeviceLockState$DeviceLockStateVerifier.class  
Build & Test Android Companion	Inspect Wearables Class	2026-07-16T08:05:30.5981352Z   inflating: classes_out/com/oculus/snappmanager/DeviceStateOuterClass$DeviceState$DeviceLockState.class  
Build & Test Android Companion	Inspect Wearables Class	2026-07-16T08:05:30.5981925Z   inflating: classes_out/com/oculus/snappmanager/DeviceStateOuterClass$DeviceState$DeviceOdcState$1.class  
Build & Test Android Companion	Inspect Wearables Class	2026-07-16T08:05:30.5982665Z   inflating: classes_out/com/oculus/snappmanager/DeviceStateOuterClass$DeviceState$DeviceOdcState$DeviceOdcStateVerifier.class  
Build & Test Android Companion	Inspect Wearables Class	2026-07-16T08:05:30.5984193Z   inflating: classes_out/com/oculus/snappmanager/DeviceStateOuterClass$DeviceState$DeviceOdcState.class  
Build & Test Android Companion	Inspect Wearables Class	2026-07-16T08:05:30.5985036Z   inflating: classes_out/com/oculus/snappmanager/DeviceStateOuterClass$DeviceState$EmgBandOrientationState$BandOrientationState$1.class  
Build & Test Android Companion	Inspect Wearables Class	2026-07-16T08:05:30.5986034Z   inflating: classes_out/com/oculus/snappmanager/DeviceStateOuterClass$DeviceState$EmgBandOrientationState$BandOrientationState$BandOrientationStateVerifier.class  
Build & Test Android Companion	Inspect Wearables Class	2026-07-16T08:05:30.5986816Z   inflating: classes_out/com/oculus/snappmanager/DeviceStateOuterClass$DeviceState$EmgBandOrientationState$BandOrientationState.class  
Build & Test Android Companion	Inspect Wearables Class	2026-07-16T08:05:30.5987474Z   inflating: classes_out/com/oculus/snappmanager/DeviceStateOuterClass$DeviceState$EmgBandOrientationState$Builder.class  
Build & Test Android Companion	Inspect Wearables Class	2026-07-16T08:05:30.5988116Z   inflating: classes_out/com/oculus/snappmanager/DeviceStateOuterClass$DeviceState$EmgBandOrientationState.class  
Build & Test Android Companion	Inspect Wearables Class	2026-07-16T08:05:30.5988818Z   inflating: classes_out/com/oculus/snappmanager/DeviceStateOuterClass$DeviceState$EmgBandOrientationStateOrBuilder.class  
Build & Test Android Companion	Inspect Wearables Class	2026-07-16T08:05:30.5989542Z   inflating: classes_out/com/oculus/snappmanager/DeviceStateOuterClass$DeviceState$EmgBandTightness$Builder.class  
Build & Test Android Companion	Inspect Wearables Class	2026-07-16T08:05:30.5990135Z   inflating: classes_out/com/oculus/snappmanager/DeviceStateOuterClass$DeviceState$EmgBandTightness.class  
Build & Test Android Companion	Inspect Wearables Class	2026-07-16T08:05:30.5990781Z   inflating: classes_out/com/oculus/snappmanager/DeviceStateOuterClass$DeviceState$EmgBandTightnessOrBuilder.class  
Build & Test Android Companion	Inspect Wearables Class	2026-07-16T08:05:30.5991556Z   inflating: classes_out/com/oculus/snappmanager/DeviceStateOuterClass$DeviceState$EmgBandTightnessState$BandTightnessState$1.class  
Build & Test Android Companion	Inspect Wearables Class	2026-07-16T08:05:30.5992499Z   inflating: classes_out/com/oculus/snappmanager/DeviceStateOuterClass$DeviceState$EmgBandTightnessState$BandTightnessState$BandTightnessStateVerifier.class  
Build & Test Android Companion	Inspect Wearables Class	2026-07-16T08:05:30.5993255Z   inflating: classes_out/com/oculus/snappmanager/DeviceStateOuterClass$DeviceState$EmgBandTightnessState$BandTightnessState.class  
Build & Test Android Companion	Inspect Wearables Class	2026-07-16T08:05:30.5994184Z   inflating: classes_out/com/oculus/snappmanager/DeviceStateOuterClass$DeviceState$EmgBandTightnessState$Builder.class  
Build & Test Android Companion	Inspect Wearables Class	2026-07-16T08:05:30.5994760Z   inflating: classes_out/com/oculus/snappmanager/DeviceStateOuterClass$DeviceState$EmgBandTightnessState.class  
Build & Test Android Companion	Inspect Wearables Class	2026-07-16T08:05:30.5995469Z   inflating: classes_out/com/oculus/snappmanager/DeviceStateOuterClass$DeviceState$EmgBandTightnessStateOrBuilder.class  
Build & Test Android Companion	Inspect Wearables Class	2026-07-16T08:05:30.5996102Z   inflating: classes_out/com/oculus/snappmanager/DeviceStateOuterClass$DeviceState$EmgBatteryState$Builder.class  
Build & Test Android Companion	Inspect Wearables Class	2026-07-16T08:05:30.5996787Z   inflating: classes_out/com/oculus/snappmanager/DeviceStateOuterClass$DeviceState$EmgBatteryState$ChargingState$1.class  
Build & Test Android Companion	Inspect Wearables Class	2026-07-16T08:05:30.5997621Z   inflating: classes_out/com/oculus/snappmanager/DeviceStateOuterClass$DeviceState$EmgBatteryState$ChargingState$ChargingStateVerifier.class  
Build & Test Android Companion	Inspect Wearables Class	2026-07-16T08:05:30.5998315Z   inflating: classes_out/com/oculus/snappmanager/DeviceStateOuterClass$DeviceState$EmgBatteryState$ChargingState.class  
Build & Test Android Companion	Inspect Wearables Class	2026-07-16T08:05:30.5998918Z   inflating: classes_out/com/oculus/snappmanager/DeviceStateOuterClass$DeviceState$EmgBatteryState.class  
Build & Test Android Companion	Inspect Wearables Class	2026-07-16T08:05:30.5999570Z   inflating: classes_out/com/oculus/snappmanager/DeviceStateOuterClass$DeviceState$EmgBatteryStateOrBuilder.class  
Build & Test Android Companion	Inspect Wearables Class	2026-07-16T08:05:30.6000175Z   inflating: classes_out/com/oculus/snappmanager/DeviceStateOuterClass$DeviceState$HardwareState$Builder.class  
Build & Test Android Companion	Inspect Wearables Class	2026-07-16T08:05:30.6000738Z   inflating: classes_out/com/oculus/snappmanager/DeviceStateOuterClass$DeviceState$HardwareState.class  
Build & Test Android Companion	Inspect Wearables Class	2026-07-16T08:05:30.6001373Z   inflating: classes_out/com/oculus/snappmanager/DeviceStateOuterClass$DeviceState$HardwareStateOrBuilder.class  
Build & Test Android Companion	Inspect Wearables Class	2026-07-16T08:05:30.6002094Z   inflating: classes_out/com/oculus/snappmanager/DeviceStateOuterClass$DeviceState$HigherPriorityAppInterrupt$Builder.class  
Build & Test Android Companion	Inspect Wearables Class	2026-07-16T08:05:30.6002789Z   inflating: classes_out/com/oculus/snappmanager/DeviceStateOuterClass$DeviceState$HigherPriorityAppInterrupt.class  
Build & Test Android Companion	Inspect Wearables Class	2026-07-16T08:05:30.6004357Z   inflating: classes_out/com/oculus/snappmanager/DeviceStateOuterClass$DeviceState$HigherPriorityAppInterruptOrBuilder.class  
Build & Test Android Companion	Inspect Wearables Class	2026-07-16T08:05:30.6004938Z   inflating: classes_out/com/oculus/snappmanager/DeviceStateOuterClass$DeviceState$HingeState$1.class  
Build & Test Android Companion	Inspect Wearables Class	2026-07-16T08:05:30.6005646Z   inflating: classes_out/com/oculus/snappmanager/DeviceStateOuterClass$DeviceState$HingeState$HingeStateVerifier.class  
Build & Test Android Companion	Inspect Wearables Class	2026-07-16T08:05:30.6006182Z   inflating: classes_out/com/oculus/snappmanager/DeviceStateOuterClass$DeviceState$HingeState.class  
Build & Test Android Companion	Inspect Wearables Class	2026-07-16T08:05:30.6006768Z   inflating: classes_out/com/oculus/snappmanager/DeviceStateOuterClass$DeviceState$LEDState$Builder.class  
Build & Test Android Companion	Inspect Wearables Class	2026-07-16T08:05:30.6007261Z   inflating: classes_out/com/oculus/snappmanager/DeviceStateOuterClass$DeviceState$LEDState.class  
Build & Test Android Companion	Inspect Wearables Class	2026-07-16T08:05:30.6007841Z   inflating: classes_out/com/oculus/snappmanager/DeviceStateOuterClass$DeviceState$LEDStateOrBuilder.class  
Build & Test Android Companion	Inspect Wearables Class	2026-07-16T08:05:30.6008559Z   inflating: classes_out/com/oculus/snappmanager/DeviceStateOuterClass$DeviceState$MountState$1.class  
Build & Test Android Companion	Inspect Wearables Class	2026-07-16T08:05:30.6009249Z   inflating: classes_out/com/oculus/snappmanager/DeviceStateOuterClass$DeviceState$MountState$MountStateVerifier.class  
Build & Test Android Companion	Inspect Wearables Class	2026-07-16T08:05:30.6009783Z   inflating: classes_out/com/oculus/snappmanager/DeviceStateOuterClass$DeviceState$MountState.class  
Build & Test Android Companion	Inspect Wearables Class	2026-07-16T08:05:30.6010371Z   inflating: classes_out/com/oculus/snappmanager/DeviceStateOuterClass$DeviceState$PeakPower$Builder.class  
Build & Test Android Companion	Inspect Wearables Class	2026-07-16T08:05:30.6011039Z   inflating: classes_out/com/oculus/snappmanager/DeviceStateOuterClass$DeviceState$PeakPower$PeakPowerState$1.class  
Build & Test Android Companion	Inspect Wearables Class	2026-07-16T08:05:30.6011829Z   inflating: classes_out/com/oculus/snappmanager/DeviceStateOuterClass$DeviceState$PeakPower$PeakPowerState$PeakPowerStateVerifier.class  
Build & Test Android Companion	Inspect Wearables Class	2026-07-16T08:05:30.6012491Z   inflating: classes_out/com/oculus/snappmanager/DeviceStateOuterClass$DeviceState$PeakPower$PeakPowerState.class  
Build & Test Android Companion	Inspect Wearables Class	2026-07-16T08:05:30.6013050Z   inflating: classes_out/com/oculus/snappmanager/DeviceStateOuterClass$DeviceState$PeakPower.class  
Build & Test Android Companion	Inspect Wearables Class	2026-07-16T08:05:30.6013890Z   inflating: classes_out/com/oculus/snappmanager/DeviceStateOuterClass$DeviceState$PeakPowerOrBuilder.class  
Build & Test Android Companion	Inspect Wearables Class	2026-07-16T08:05:30.6014724Z   inflating: classes_out/com/oculus/snappmanager/DeviceStateOuterClass$DeviceState$PeakPowerUserExperienceThrottlingInfo$Builder.class  
Build & Test Android Companion	Inspect Wearables Class	2026-07-16T08:05:30.6015699Z   inflating: classes_out/com/oculus/snappmanager/DeviceStateOuterClass$DeviceState$PeakPowerUserExperienceThrottlingInfo$PeakPowerThrottlingLevel$1.class  
Build & Test Android Companion	Inspect Wearables Class	2026-07-16T08:05:30.6016891Z   inflating: classes_out/com/oculus/snappmanager/DeviceStateOuterClass$DeviceState$PeakPowerUserExperienceThrottlingInfo$PeakPowerThrottlingLevel$PeakPowerThrottlingLevelVerifier.class  
Build & Test Android Companion	Inspect Wearables Class	2026-07-16T08:05:30.6017840Z   inflating: classes_out/com/oculus/snappmanager/DeviceStateOuterClass$DeviceState$PeakPowerUserExperienceThrottlingInfo$PeakPowerThrottlingLevel.class  
Build & Test Android Companion	Inspect Wearables Class	2026-07-16T08:05:30.6018721Z   inflating: classes_out/com/oculus/snappmanager/DeviceStateOuterClass$DeviceState$PeakPowerUserExperienceThrottlingInfo$UserExperienceType$1.class  
Build & Test Android Companion	Inspect Wearables Class	2026-07-16T08:05:30.6019817Z   inflating: classes_out/com/oculus/snappmanager/DeviceStateOuterClass$DeviceState$PeakPowerUserExperienceThrottlingInfo$UserExperienceType$UserExperienceTypeVerifier.class  
Build & Test Android Companion	Inspect Wearables Class	2026-07-16T08:05:30.6020731Z   inflating: classes_out/com/oculus/snappmanager/DeviceStateOuterClass$DeviceState$PeakPowerUserExperienceThrottlingInfo$UserExperienceType.class  
Build & Test Android Companion	Inspect Wearables Class	2026-07-16T08:05:30.6021496Z   inflating: classes_out/com/oculus/snappmanager/DeviceStateOuterClass$DeviceState$PeakPowerUserExperienceThrottlingInfo.class  
Build & Test Android Companion	Inspect Wearables Class	2026-07-16T08:05:30.6022329Z   inflating: classes_out/com/oculus/snappmanager/DeviceStateOuterClass$DeviceState$PeakPowerUserExperienceThrottlingInfoOrBuilder.class  
Build & Test Android Companion	Inspect Wearables Class	2026-07-16T08:05:30.6022928Z   inflating: classes_out/com/oculus/snappmanager/DeviceStateOuterClass$DeviceState$PowerState$Builder.class  
Build & Test Android Companion	Inspect Wearables Class	2026-07-16T08:05:30.6024326Z   inflating: classes_out/com/oculus/snappmanager/DeviceStateOuterClass$DeviceState$PowerState.class  
Build & Test Android Companion	Inspect Wearables Class	2026-07-16T08:05:30.6024948Z   inflating: classes_out/com/oculus/snappmanager/DeviceStateOuterClass$DeviceState$PowerStateOrBuilder.class  
Build & Test Android Companion	Inspect Wearables Class	2026-07-16T08:05:30.6025591Z   inflating: classes_out/com/oculus/snappmanager/DeviceStateOuterClass$DeviceState$RegisteredSNApp$Builder.class  
Build & Test Android Companion	Inspect Wearables Class	2026-07-16T08:05:30.6026200Z   inflating: classes_out/com/oculus/snappmanager/DeviceStateOuterClass$DeviceState$RegisteredSNApp.class  
Build & Test Android Companion	Inspect Wearables Class	2026-07-16T08:05:30.6026859Z   inflating: classes_out/com/oculus/snappmanager/DeviceStateOuterClass$DeviceState$RegisteredSNAppOrBuilder.class  
Build & Test Android Companion	Inspect Wearables Class	2026-07-16T08:05:30.6027655Z   inflating: classes_out/com/oculus/snappmanager/DeviceStateOuterClass$DeviceState$SpeechTranslationExperienceState$Builder.class  
Build & Test Android Companion	Inspect Wearables Class	2026-07-16T08:05:30.6028513Z   inflating: classes_out/com/oculus/snappmanager/DeviceStateOuterClass$DeviceState$SpeechTranslationExperienceState$SpeechTranslationState$1.class  
Build & Test Android Companion	Inspect Wearables Class	2026-07-16T08:05:30.6029827Z   inflating: classes_out/com/oculus/snappmanager/DeviceStateOuterClass$DeviceState$SpeechTranslationExperienceState$SpeechTranslationState$SpeechTranslationStateVerifier.class  
Build & Test Android Companion	Inspect Wearables Class	2026-07-16T08:05:30.6030718Z   inflating: classes_out/com/oculus/snappmanager/DeviceStateOuterClass$DeviceState$SpeechTranslationExperienceState$SpeechTranslationState.class  
Build & Test Android Companion	Inspect Wearables Class	2026-07-16T08:05:30.6031441Z   inflating: classes_out/com/oculus/snappmanager/DeviceStateOuterClass$DeviceState$SpeechTranslationExperienceState.class  
Build & Test Android Companion	Inspect Wearables Class	2026-07-16T08:05:30.6032250Z   inflating: classes_out/com/oculus/snappmanager/DeviceStateOuterClass$DeviceState$SpeechTranslationExperienceStateOrBuilder.class  
Build & Test Android Companion	Inspect Wearables Class	2026-07-16T08:05:30.6032796Z   inflating: classes_out/com/oculus/snappmanager/DeviceStateOuterClass$DeviceState$StorageState$1.class  
Build & Test Android Companion	Inspect Wearables Class	2026-07-16T08:05:30.6033747Z   inflating: classes_out/com/oculus/snappmanager/DeviceStateOuterClass$DeviceState$StorageState$StorageStateVerifier.class  
Build & Test Android Companion	Inspect Wearables Class	2026-07-16T08:05:30.6034326Z   inflating: classes_out/com/oculus/snappmanager/DeviceStateOuterClass$DeviceState$StorageState.class  
Build & Test Android Companion	Inspect Wearables Class	2026-07-16T08:05:30.6035017Z   inflating: classes_out/com/oculus/snappmanager/DeviceStateOuterClass$DeviceState$StorageStateDetails$Builder.class  
Build & Test Android Companion	Inspect Wearables Class	2026-07-16T08:05:30.6035644Z   inflating: classes_out/com/oculus/snappmanager/DeviceStateOuterClass$DeviceState$StorageStateDetails.class  
Build & Test Android Companion	Inspect Wearables Class	2026-07-16T08:05:30.6036320Z   inflating: classes_out/com/oculus/snappmanager/DeviceStateOuterClass$DeviceState$StorageStateDetailsOrBuilder.class  
Build & Test Android Companion	Inspect Wearables Class	2026-07-16T08:05:30.6036947Z   inflating: classes_out/com/oculus/snappmanager/DeviceStateOuterClass$DeviceState$TamperingState$Builder.class  
Build & Test Android Companion	Inspect Wearables Class	2026-07-16T08:05:30.6037463Z   inflating: classes_out/com/oculus/snappmanager/DeviceStateOuterClass$DeviceState$TamperingState.class  
Build & Test Android Companion	Inspect Wearables Class	2026-07-16T08:05:30.6038096Z   inflating: classes_out/com/oculus/snappmanager/DeviceStateOuterClass$DeviceState$TamperingStateOrBuilder.class  
Build & Test Android Companion	Inspect Wearables Class	2026-07-16T08:05:30.6038700Z   inflating: classes_out/com/oculus/snappmanager/DeviceStateOuterClass$DeviceState$ThermalState$Builder.class  
Build & Test Android Companion	Inspect Wearables Class	2026-07-16T08:05:30.6039422Z   inflating: classes_out/com/oculus/snappmanager/DeviceStateOuterClass$DeviceState$ThermalState$ThermalHealthState$1.class  
Build & Test Android Companion	Inspect Wearables Class	2026-07-16T08:05:30.6040304Z   inflating: classes_out/com/oculus/snappmanager/DeviceStateOuterClass$DeviceState$ThermalState$ThermalHealthState$ThermalHealthStateVerifier.class  
Build & Test Android Companion	Inspect Wearables Class	2026-07-16T08:05:30.6041006Z   inflating: classes_out/com/oculus/snappmanager/DeviceStateOuterClass$DeviceState$ThermalState$ThermalHealthState.class  
Build & Test Android Companion	Inspect Wearables Class	2026-07-16T08:05:30.6041689Z   inflating: classes_out/com/oculus/snappmanager/DeviceStateOuterClass$DeviceState$ThermalState$ThrottleReason$1.class  
Build & Test Android Companion	Inspect Wearables Class	2026-07-16T08:05:30.6042489Z   inflating: classes_out/com/oculus/snappmanager/DeviceStateOuterClass$DeviceState$ThermalState$ThrottleReason$ThrottleReasonVerifier.class  
Build & Test Android Companion	Inspect Wearables Class	2026-07-16T08:05:30.6043154Z   inflating: classes_out/com/oculus/snappmanager/DeviceStateOuterClass$DeviceState$ThermalState$ThrottleReason.class  
Build & Test Android Companion	Inspect Wearables Class	2026-07-16T08:05:30.6044563Z   inflating: classes_out/com/oculus/snappmanager/DeviceStateOuterClass$DeviceState$ThermalState.class  
Build & Test Android Companion	Inspect Wearables Class	2026-07-16T08:05:30.6045212Z   inflating: classes_out/com/oculus/snappmanager/DeviceStateOuterClass$DeviceState$ThermalStateOrBuilder.class  
Build & Test Android Companion	Inspect Wearables Class	2026-07-16T08:05:30.6045886Z   inflating: classes_out/com/oculus/snappmanager/DeviceStateOuterClass$DeviceState$VerifiedSessionInfo$Builder.class  
Build & Test Android Companion	Inspect Wearables Class	2026-07-16T08:05:30.6046471Z   inflating: classes_out/com/oculus/snappmanager/DeviceStateOuterClass$DeviceState$VerifiedSessionInfo.class  
Build & Test Android Companion	Inspect Wearables Class	2026-07-16T08:05:30.6047161Z   inflating: classes_out/com/oculus/snappmanager/DeviceStateOuterClass$DeviceState$VerifiedSessionInfoOrBuilder.class  
Build & Test Android Companion	Inspect Wearables Class	2026-07-16T08:05:30.6047772Z   inflating: classes_out/com/oculus/snappmanager/DeviceStateOuterClass$DeviceState$VolumeState$Builder.class  
Build & Test Android Companion	Inspect Wearables Class	2026-07-16T08:05:30.6048424Z   inflating: classes_out/com/oculus/snappmanager/DeviceStateOuterClass$DeviceState$VolumeState$VolumeStream$1.class  
Build & Test Android Companion	Inspect Wearables Class	2026-07-16T08:05:30.6049227Z   inflating: classes_out/com/oculus/snappmanager/DeviceStateOuterClass$DeviceState$VolumeState$VolumeStream$VolumeStreamVerifier.class  
Build & Test Android Companion	Inspect Wearables Class	2026-07-16T08:05:30.6050038Z   inflating: classes_out/com/oculus/snappmanager/DeviceStateOuterClass$DeviceState$VolumeState$VolumeStream.class  
Build & Test Android Companion	Inspect Wearables Class	2026-07-16T08:05:30.6050598Z   inflating: classes_out/com/oculus/snappmanager/DeviceStateOuterClass$DeviceState$VolumeState.class  
Build & Test Android Companion	Inspect Wearables Class	2026-07-16T08:05:30.6051190Z   inflating: classes_out/com/oculus/snappmanager/DeviceStateOuterClass$DeviceState$VolumeStateOrBuilder.class  
Build & Test Android Companion	Inspect Wearables Class	2026-07-16T08:05:30.6051795Z   inflating: classes_out/com/oculus/snappmanager/DeviceStateOuterClass$DeviceState$WaterDetectState$1.class  
Build & Test Android Companion	Inspect Wearables Class	2026-07-16T08:05:30.6052580Z   inflating: classes_out/com/oculus/snappmanager/DeviceStateOuterClass$DeviceState$WaterDetectState$WaterDetectStateVerifier.class  
Build & Test Android Companion	Inspect Wearables Class	2026-07-16T08:05:30.6053173Z   inflating: classes_out/com/oculus/snappmanager/DeviceStateOuterClass$DeviceState$WaterDetectState.class  
Build & Test Android Companion	Inspect Wearables Class	2026-07-16T08:05:30.6053882Z   inflating: classes_out/com/oculus/snappmanager/DeviceStateOuterClass$DeviceState.class  
Build & Test Android Companion	Inspect Wearables Class	2026-07-16T08:05:30.6054444Z   inflating: classes_out/com/oculus/snappmanager/DeviceStateOuterClass$DeviceStateOrBuilder.class  
Build & Test Android Companion	Inspect Wearables Class	2026-07-16T08:05:30.6054829Z   inflating: classes_out/com/oculus/snappmanager/DeviceStateOuterClass.class  
Build & Test Android Companion	Inspect Wearables Class	2026-07-16T08:05:30.6055253Z   inflating: classes_out/com/oculus/snappmanager/HNDeviceStateOuterClass$1.class  
Build & Test Android Companion	Inspect Wearables Class	2026-07-16T08:05:30.6055786Z   inflating: classes_out/com/oculus/snappmanager/HNDeviceStateOuterClass$HNDeviceState$Builder.class  
Build & Test Android Companion	Inspect Wearables Class	2026-07-16T08:05:30.6057240Z   inflating: classes_out/com/oculus/snappmanager/HNDeviceStateOuterClass$HNDeviceState$DeviceLockState$1.class  
Build & Test Android Companion	Inspect Wearables Class	2026-07-16T08:05:30.6058076Z   inflating: classes_out/com/oculus/snappmanager/HNDeviceStateOuterClass$HNDeviceState$DeviceLockState$DeviceLockStateVerifier.class  
Build & Test Android Companion	Inspect Wearables Class	2026-07-16T08:05:30.6058696Z   inflating: classes_out/com/oculus/snappmanager/HNDeviceStateOuterClass$HNDeviceState$DeviceLockState.class  
Build & Test Android Companion	Inspect Wearables Class	2026-07-16T08:05:30.6059216Z   inflating: classes_out/com/oculus/snappmanager/HNDeviceStateOuterClass$HNDeviceState.class  
Build & Test Android Companion	Inspect Wearables Class	2026-07-16T08:05:30.6059745Z   inflating: classes_out/com/oculus/snappmanager/HNDeviceStateOuterClass$HNDeviceStateOrBuilder.class  
Build & Test Android Companion	Inspect Wearables Class	2026-07-16T08:05:30.6060152Z   inflating: classes_out/com/oculus/snappmanager/HNDeviceStateOuterClass.class  
Build & Test Android Companion	Inspect Wearables Class	2026-07-16T08:05:30.6060605Z   inflating: classes_out/com/oculus/snappmanager/WearableDeviceStateOuterClass$1.class  
Build & Test Android Companion	Inspect Wearables Class	2026-07-16T08:05:30.6065019Z   inflating: classes_out/com/oculus/snappmanager/WearableDeviceStateOuterClass$WearableDeviceState$Builder.class  
Build & Test Android Companion	Inspect Wearables Class	2026-07-16T08:05:30.6065767Z   inflating: classes_out/com/oculus/snappmanager/WearableDeviceStateOuterClass$WearableDeviceState$DeviceLockState$1.class  
Build & Test Android Companion	Inspect Wearables Class	2026-07-16T08:05:30.6066631Z   inflating: classes_out/com/oculus/snappmanager/WearableDeviceStateOuterClass$WearableDeviceState$DeviceLockState$DeviceLockStateVerifier.class  
Build & Test Android Companion	Inspect Wearables Class	2026-07-16T08:05:30.6067341Z   inflating: classes_out/com/oculus/snappmanager/WearableDeviceStateOuterClass$WearableDeviceState$DeviceLockState.class  
Build & Test Android Companion	Inspect Wearables Class	2026-07-16T08:05:30.6069254Z   inflating: classes_out/com/oculus/snappmanager/WearableDeviceStateOuterClass$WearableDeviceState$WornState$1.class  
Build & Test Android Companion	Inspect Wearables Class	2026-07-16T08:05:30.6070079Z   inflating: classes_out/com/oculus/snappmanager/WearableDeviceStateOuterClass$WearableDeviceState$WornState$WornStateVerifier.class  
Build & Test Android Companion	Inspect Wearables Class	2026-07-16T08:05:30.6070682Z   inflating: classes_out/com/oculus/snappmanager/WearableDeviceStateOuterClass$WearableDeviceState$WornState.class  
Build & Test Android Companion	Inspect Wearables Class	2026-07-16T08:05:30.6071287Z   inflating: classes_out/com/oculus/snappmanager/WearableDeviceStateOuterClass$WearableDeviceState.class  
Build & Test Android Companion	Inspect Wearables Class	2026-07-16T08:05:30.6071953Z   inflating: classes_out/com/oculus/snappmanager/WearableDeviceStateOuterClass$WearableDeviceStateOrBuilder.class  
Build & Test Android Companion	Inspect Wearables Class	2026-07-16T08:05:30.6072413Z   inflating: classes_out/com/oculus/snappmanager/WearableDeviceStateOuterClass.class  
Build & Test Android Companion	Inspect Wearables Class	2026-07-16T08:05:30.6073574Z Archive:  /home/runner/.gradle/caches/modules-2/files-2.1/com.meta.wearable/mwdat-display/0.8.0/50b6d2fd108166d8f16deca738793982809b3442/mwdat-display-0.8.0.aar
Build & Test Android Companion	Inspect Wearables Class	2026-07-16T08:05:30.6073943Z   inflating: classes.jar             
Build & Test Android Companion	Inspect Wearables Class	2026-07-16T08:05:30.6074066Z Archive:  classes.jar
Build & Test Android Companion	Inspect Wearables Class	2026-07-16T08:05:30.6074305Z   inflating: classes_out/META-INF/MANIFEST.MF  
Build & Test Android Companion	Inspect Wearables Class	2026-07-16T08:05:30.6074465Z   inflating: classes_out/META-INF/LICENSE  
Build & Test Android Companion	Inspect Wearables Class	2026-07-16T08:05:30.6074653Z   inflating: classes_out/META-INF/NOTICE  
Build & Test Android Companion	Inspect Wearables Class	2026-07-16T08:05:30.6075256Z   inflating: classes_out/META-INF/fbandroid.java.com.meta.wearable.dat.display.display.kotlin_module  
Build & Test Android Companion	Inspect Wearables Class	2026-07-16T08:05:30.6075595Z   inflating: classes_out/com/meta/wearable/dat/display/Display.class  
Build & Test Android Companion	Inspect Wearables Class	2026-07-16T08:05:30.6076064Z   inflating: classes_out/com/meta/wearable/dat/display/SessionDisplayExtensionsKt.class  
Build & Test Android Companion	Inspect Wearables Class	2026-07-16T08:05:30.6076595Z   inflating: classes_out/com/meta/wearable/dat/display/internal/DisplayContentResponse$Error.class  
Build & Test Android Companion	Inspect Wearables Class	2026-07-16T08:05:30.6077145Z   inflating: classes_out/com/meta/wearable/dat/display/internal/DisplayContentResponse$Success.class  
Build & Test Android Companion	Inspect Wearables Class	2026-07-16T08:05:30.6077648Z   inflating: classes_out/com/meta/wearable/dat/display/internal/DisplayContentResponse.class  
Build & Test Android Companion	Inspect Wearables Class	2026-07-16T08:05:30.6078204Z   inflating: classes_out/com/meta/wearable/dat/display/internal/DisplayEventCoordinator$Companion.class  
Build & Test Android Companion	Inspect Wearables Class	2026-07-16T08:05:30.6087104Z   inflating: classes_out/com/meta/wearable/dat/display/internal/DisplayEventCoordinator$handleChannelError$followUp$1$1.class  
Build & Test Android Companion	Inspect Wearables Class	2026-07-16T08:05:30.6087907Z   inflating: classes_out/com/meta/wearable/dat/display/internal/DisplayEventCoordinator$handleChannelError$followUp$1$2.class  
Build & Test Android Companion	Inspect Wearables Class	2026-07-16T08:05:30.6088663Z   inflating: classes_out/com/meta/wearable/dat/display/internal/DisplayEventCoordinator$registerSharedChannelCallbacks$1.class  
Build & Test Android Companion	Inspect Wearables Class	2026-07-16T08:05:30.6089440Z   inflating: classes_out/com/meta/wearable/dat/display/internal/DisplayEventCoordinator$registerSharedChannelCallbacks$2.class  
Build & Test Android Companion	Inspect Wearables Class	2026-07-16T08:05:30.6090220Z   inflating: classes_out/com/meta/wearable/dat/display/internal/DisplayEventCoordinator$registerSharedChannelCallbacks$3.class  
Build & Test Android Companion	Inspect Wearables Class	2026-07-16T08:05:30.6090989Z   inflating: classes_out/com/meta/wearable/dat/display/internal/DisplayEventCoordinator$registerSharedChannelCallbacks$4.class  
Build & Test Android Companion	Inspect Wearables Class	2026-07-16T08:05:30.6091676Z   inflating: classes_out/com/meta/wearable/dat/display/internal/DisplayEventCoordinator$scheduleBootstrapRetry$1$2.class  
Build & Test Android Companion	Inspect Wearables Class	2026-07-16T08:05:30.6092669Z   inflating: classes_out/com/meta/wearable/dat/display/internal/DisplayEventCoordinator$scheduleBootstrapRetry$lambda$3$$inlined$CoroutineExceptionHandler$1.class  
Build & Test Android Companion	Inspect Wearables Class	2026-07-16T08:05:30.6093179Z   inflating: classes_out/com/meta/wearable/dat/display/internal/DisplayEventCoordinator.class  
Build & Test Android Companion	Inspect Wearables Class	2026-07-16T08:05:30.6094205Z   inflating: classes_out/com/meta/wearable/dat/display/internal/DisplayFactory.class  
Build & Test Android Companion	Inspect Wearables Class	2026-07-16T08:05:30.6094765Z   inflating: classes_out/com/meta/wearable/dat/display/internal/DisplayImpl$clearDisplay$1.class  
Build & Test Android Companion	Inspect Wearables Class	2026-07-16T08:05:30.6095304Z   inflating: classes_out/com/meta/wearable/dat/display/internal/DisplayImpl$sendContent$1.class  
Build & Test Android Companion	Inspect Wearables Class	2026-07-16T08:05:30.6096011Z   inflating: classes_out/com/meta/wearable/dat/display/internal/DisplayImpl.class  
Build & Test Android Companion	Inspect Wearables Class	2026-07-16T08:05:30.6096479Z   inflating: classes_out/com/meta/wearable/dat/display/internal/DisplaySession.class  
Build & Test Android Companion	Inspect Wearables Class	2026-07-16T08:05:30.6097042Z   inflating: classes_out/com/meta/wearable/dat/display/internal/DisplaySessionImpl$Companion.class  
Build & Test Android Companion	Inspect Wearables Class	2026-07-16T08:05:30.6097632Z   inflating: classes_out/com/meta/wearable/dat/display/internal/DisplaySessionImpl$WhenMappings.class  
Build & Test Android Companion	Inspect Wearables Class	2026-07-16T08:05:30.6098185Z   inflating: classes_out/com/meta/wearable/dat/display/internal/DisplaySessionImpl$clearDisplay$1.class  
Build & Test Android Companion	Inspect Wearables Class	2026-07-16T08:05:30.6098758Z   inflating: classes_out/com/meta/wearable/dat/display/internal/DisplaySessionImpl$clearDisplay$2.class  
Build & Test Android Companion	Inspect Wearables Class	2026-07-16T08:05:30.6099320Z   inflating: classes_out/com/meta/wearable/dat/display/internal/DisplaySessionImpl$clearDisplay$3.class  
Build & Test Android Companion	Inspect Wearables Class	2026-07-16T08:05:30.6100465Z   inflating: classes_out/com/meta/wearable/dat/display/internal/DisplaySessionImpl$connectActiveDevice$1$1.class  
Build & Test Android Companion	Inspect Wearables Class	2026-07-16T08:05:30.6101668Z   inflating: classes_out/com/meta/wearable/dat/display/internal/DisplaySessionImpl$connectActiveDevice$1$2$WhenMappings.class  
Build & Test Android Companion	Inspect Wearables Class	2026-07-16T08:05:30.6102337Z   inflating: classes_out/com/meta/wearable/dat/display/internal/DisplaySessionImpl$connectActiveDevice$1$2.class  
Build & Test Android Companion	Inspect Wearables Class	2026-07-16T08:05:30.6102946Z   inflating: classes_out/com/meta/wearable/dat/display/internal/DisplaySessionImpl$connectActiveDevice$1$3.class  
Build & Test Android Companion	Inspect Wearables Class	2026-07-16T08:05:30.6103827Z   inflating: classes_out/com/meta/wearable/dat/display/internal/DisplaySessionImpl$connectActiveDevice$1$4.class  
Build & Test Android Companion	Inspect Wearables Class	2026-07-16T08:05:30.6104450Z   inflating: classes_out/com/meta/wearable/dat/display/internal/DisplaySessionImpl$connectActiveDevice$1$5.class  
Build & Test Android Companion	Inspect Wearables Class	2026-07-16T08:05:30.6105000Z   inflating: classes_out/com/meta/wearable/dat/display/internal/DisplaySessionImpl$connectActiveDevice$1$6.class  
Build & Test Android Companion	Inspect Wearables Class	2026-07-16T08:05:30.6105631Z   inflating: classes_out/com/meta/wearable/dat/display/internal/DisplaySessionImpl$connectActiveDevice$1$7.class  
Build & Test Android Companion	Inspect Wearables Class	2026-07-16T08:05:30.6106248Z   inflating: classes_out/com/meta/wearable/dat/display/internal/DisplaySessionImpl$coordinatorFactory$1.class  
Build & Test Android Companion	Inspect Wearables Class	2026-07-16T08:05:30.6106819Z   inflating: classes_out/com/meta/wearable/dat/display/internal/DisplaySessionImpl$displayView$1.class  
Build & Test Android Companion	Inspect Wearables Class	2026-07-16T08:05:30.6107436Z   inflating: classes_out/com/meta/wearable/dat/display/internal/DisplaySessionImpl$displayViewComponent$1.class  
Build & Test Android Companion	Inspect Wearables Class	2026-07-16T08:05:30.6108053Z   inflating: classes_out/com/meta/wearable/dat/display/internal/DisplaySessionImpl$sendDisplayOperation$1.class  
Build & Test Android Companion	Inspect Wearables Class	2026-07-16T08:05:30.6108647Z   inflating: classes_out/com/meta/wearable/dat/display/internal/DisplaySessionImpl$sendDisplayRequest$1.class  
Build & Test Android Companion	Inspect Wearables Class	2026-07-16T08:05:30.6109248Z   inflating: classes_out/com/meta/wearable/dat/display/internal/DisplaySessionImpl$sendDisplayRequest$2.class  
Build & Test Android Companion	Inspect Wearables Class	2026-07-16T08:05:30.6109853Z   inflating: classes_out/com/meta/wearable/dat/display/internal/DisplaySessionImpl$sendDisplayRequest$3.class  
Build & Test Android Companion	Inspect Wearables Class	2026-07-16T08:05:30.6110454Z   inflating: classes_out/com/meta/wearable/dat/display/internal/DisplaySessionImpl$sendVideoStream$1.class  
Build & Test Android Companion	Inspect Wearables Class	2026-07-16T08:05:30.6111046Z   inflating: classes_out/com/meta/wearable/dat/display/internal/DisplaySessionImpl$sendVideoStream$2.class  
Build & Test Android Companion	Inspect Wearables Class	2026-07-16T08:05:30.6111667Z   inflating: classes_out/com/meta/wearable/dat/display/internal/DisplaySessionImpl$sendVideoStream$3$emit$1.class  
Build & Test Android Companion	Inspect Wearables Class	2026-07-16T08:05:30.6112240Z   inflating: classes_out/com/meta/wearable/dat/display/internal/DisplaySessionImpl$sendVideoStream$3.class  
Build & Test Android Companion	Inspect Wearables Class	2026-07-16T08:05:30.6112709Z   inflating: classes_out/com/meta/wearable/dat/display/internal/DisplaySessionImpl$start$1.class  
Build & Test Android Companion	Inspect Wearables Class	2026-07-16T08:05:30.6113973Z   inflating: classes_out/com/meta/wearable/dat/display/internal/DisplaySessionImpl$waitForCredit$1.class  
Build & Test Android Companion	Inspect Wearables Class	2026-07-16T08:05:30.6114606Z   inflating: classes_out/com/meta/wearable/dat/display/internal/DisplaySessionImpl$waitForCredit$2$1$1.class  
Build & Test Android Companion	Inspect Wearables Class	2026-07-16T08:05:30.6115282Z   inflating: classes_out/com/meta/wearable/dat/display/internal/DisplaySessionImpl$waitForCredit$2.class  
Build & Test Android Companion	Inspect Wearables Class	2026-07-16T08:05:30.6116165Z   inflating: classes_out/com/meta/wearable/dat/display/internal/DisplaySessionImpl$waitForDisplayResponse$1.class  
Build & Test Android Companion	Inspect Wearables Class	2026-07-16T08:05:30.6116845Z   inflating: classes_out/com/meta/wearable/dat/display/internal/DisplaySessionImpl$waitForDisplayResponse$2$1$1.class  
Build & Test Android Companion	Inspect Wearables Class	2026-07-16T08:05:30.6117485Z   inflating: classes_out/com/meta/wearable/dat/display/internal/DisplaySessionImpl$waitForDisplayResponse$2.class  
Build & Test Android Companion	Inspect Wearables Class	2026-07-16T08:05:30.6118069Z   inflating: classes_out/com/meta/wearable/dat/display/internal/DisplaySessionImpl$waitForStreamAck$1.class  
Build & Test Android Companion	Inspect Wearables Class	2026-07-16T08:05:30.6118680Z   inflating: classes_out/com/meta/wearable/dat/display/internal/DisplaySessionImpl$waitForStreamAck$2$1$1.class  
Build & Test Android Companion	Inspect Wearables Class	2026-07-16T08:05:30.6119246Z   inflating: classes_out/com/meta/wearable/dat/display/internal/DisplaySessionImpl$waitForStreamAck$2.class  
Build & Test Android Companion	Inspect Wearables Class	2026-07-16T08:05:30.6119701Z   inflating: classes_out/com/meta/wearable/dat/display/internal/DisplaySessionImpl.class  
Build & Test Android Companion	Inspect Wearables Class	2026-07-16T08:05:30.6120401Z   inflating: classes_out/com/meta/wearable/dat/display/internal/VideoPlayerDelegate.class  
Build & Test Android Companion	Inspect Wearables Class	2026-07-16T08:05:30.6120953Z   inflating: classes_out/com/meta/wearable/dat/display/internal/VideoPlayerDelegateImpl$Companion.class  
Build & Test Android Companion	Inspect Wearables Class	2026-07-16T08:05:30.6122134Z   inflating: classes_out/com/meta/wearable/dat/display/internal/VideoPlayerDelegateImpl$launchWithExceptionHandler$$inlined$CoroutineExceptionHandler$1.class  
Build & Test Android Companion	Inspect Wearables Class	2026-07-16T08:05:30.6122833Z   inflating: classes_out/com/meta/wearable/dat/display/internal/VideoPlayerDelegateImpl$launchWithExceptionHandler$1.class  
Build & Test Android Companion	Inspect Wearables Class	2026-07-16T08:05:30.6123744Z   inflating: classes_out/com/meta/wearable/dat/display/internal/VideoPlayerDelegateImpl$play$1$1$WhenMappings.class  
Build & Test Android Companion	Inspect Wearables Class	2026-07-16T08:05:30.6124355Z   inflating: classes_out/com/meta/wearable/dat/display/internal/VideoPlayerDelegateImpl$play$1$1.class  
Build & Test Android Companion	Inspect Wearables Class	2026-07-16T08:05:30.6124942Z   inflating: classes_out/com/meta/wearable/dat/display/internal/VideoPlayerDelegateImpl$play$1.class  
Build & Test Android Companion	Inspect Wearables Class	2026-07-16T08:05:30.6125537Z   inflating: classes_out/com/meta/wearable/dat/display/internal/VideoPlayerDelegateImpl$play$2.class  
Build & Test Android Companion	Inspect Wearables Class	2026-07-16T08:05:30.6126332Z   inflating: classes_out/com/meta/wearable/dat/display/internal/VideoPlayerDelegateImpl.class  
Build & Test Android Companion	Inspect Wearables Class	2026-07-16T08:05:30.6127008Z   inflating: classes_out/com/meta/wearable/dat/display/internal/VideoSourceDispatchKt$dispatchVideoSource$1.class  
Build & Test Android Companion	Inspect Wearables Class	2026-07-16T08:05:30.6127501Z   inflating: classes_out/com/meta/wearable/dat/display/internal/VideoSourceDispatchKt.class  
Build & Test Android Companion	Inspect Wearables Class	2026-07-16T08:05:30.6128049Z   inflating: classes_out/com/meta/wearable/dat/display/internal/types/DisplayEvent$ClickEvent.class  
Build & Test Android Companion	Inspect Wearables Class	2026-07-16T08:05:30.6128599Z   inflating: classes_out/com/meta/wearable/dat/display/internal/types/DisplayEvent$ErrorEvent.class  
Build & Test Android Companion	Inspect Wearables Class	2026-07-16T08:05:30.6129072Z   inflating: classes_out/com/meta/wearable/dat/display/internal/types/DisplayEvent.class  
Build & Test Android Companion	Inspect Wearables Class	2026-07-16T08:05:30.6129530Z   inflating: classes_out/com/meta/wearable/dat/display/internal/types/VideoErrorType.class  
Build & Test Android Companion	Inspect Wearables Class	2026-07-16T08:05:30.6130037Z   inflating: classes_out/com/meta/wearable/dat/display/internal/types/VideoPlaybackEvent.class  
Build & Test Android Companion	Inspect Wearables Class	2026-07-16T08:05:30.6130562Z   inflating: classes_out/com/meta/wearable/dat/display/internal/types/VideoPlaybackEventType.class  
Build & Test Android Companion	Inspect Wearables Class	2026-07-16T08:05:30.6131028Z   inflating: classes_out/com/meta/wearable/dat/display/internal/types/VideoStreamAck.class  
Build & Test Android Companion	Inspect Wearables Class	2026-07-16T08:05:30.6131545Z   inflating: classes_out/com/meta/wearable/dat/display/internal/types/VideoStreamAckStatus.class  
Build & Test Android Companion	Inspect Wearables Class	2026-07-16T08:05:30.6132020Z   inflating: classes_out/com/meta/wearable/dat/display/internal/view/DButton$Companion.class  
Build & Test Android Companion	Inspect Wearables Class	2026-07-16T08:05:30.6132608Z   inflating: classes_out/com/meta/wearable/dat/display/internal/view/DButton$getDisplayEventHandlers$1.class  
Build & Test Android Companion	Inspect Wearables Class	2026-07-16T08:05:30.6132998Z   inflating: classes_out/com/meta/wearable/dat/display/internal/view/DButton.class  
Build & Test Android Companion	Inspect Wearables Class	2026-07-16T08:05:30.6134032Z   inflating: classes_out/com/meta/wearable/dat/display/internal/view/DButtonGroup.class  
Build & Test Android Companion	Inspect Wearables Class	2026-07-16T08:05:30.6134839Z   inflating: classes_out/com/meta/wearable/dat/display/internal/view/DFlexBox$getDisplayEventHandlers$1.class  
Build & Test Android Companion	Inspect Wearables Class	2026-07-16T08:05:30.6135232Z   inflating: classes_out/com/meta/wearable/dat/display/internal/view/DFlexBox.class  
Build & Test Android Companion	Inspect Wearables Class	2026-07-16T08:05:30.6135548Z   inflating: classes_out/com/meta/wearable/dat/display/internal/view/DIcon.class  
Build & Test Android Companion	Inspect Wearables Class	2026-07-16T08:05:30.6135869Z   inflating: classes_out/com/meta/wearable/dat/display/internal/view/DImage.class  
Build & Test Android Companion	Inspect Wearables Class	2026-07-16T08:05:30.6136202Z   inflating: classes_out/com/meta/wearable/dat/display/internal/view/DSpacing.class  
Build & Test Android Companion	Inspect Wearables Class	2026-07-16T08:05:30.6136518Z   inflating: classes_out/com/meta/wearable/dat/display/internal/view/DText.class  
Build & Test Android Companion	Inspect Wearables Class	2026-07-16T08:05:30.6136893Z   inflating: classes_out/com/meta/wearable/dat/display/internal/view/DView$Companion.class  
Build & Test Android Companion	Inspect Wearables Class	2026-07-16T08:05:30.6137275Z   inflating: classes_out/com/meta/wearable/dat/display/internal/view/DView.class  
Build & Test Android Companion	Inspect Wearables Class	2026-07-16T08:05:30.6137839Z   inflating: classes_out/com/meta/wearable/dat/display/internal/view/DisplayComponentSerializerKt.class  
Build & Test Android Companion	Inspect Wearables Class	2026-07-16T08:05:30.6138511Z   inflating: classes_out/com/meta/wearable/dat/display/internal/view/DisplayContentBuilderKt.class  
Build & Test Android Companion	Inspect Wearables Class	2026-07-16T08:05:30.6138970Z   inflating: classes_out/com/meta/wearable/dat/display/internal/view/FlexChildWrapper.class  
Build & Test Android Companion	Inspect Wearables Class	2026-07-16T08:05:30.6139530Z   inflating: classes_out/com/meta/wearable/dat/display/internal/view/ProtoConvertersKt$WhenMappings.class  
Build & Test Android Companion	Inspect Wearables Class	2026-07-16T08:05:30.6140000Z   inflating: classes_out/com/meta/wearable/dat/display/internal/view/ProtoConvertersKt.class  
Build & Test Android Companion	Inspect Wearables Class	2026-07-16T08:05:30.6140394Z   inflating: classes_out/com/meta/wearable/dat/display/internal/view/VideoComponent.class  
Build & Test Android Companion	Inspect Wearables Class	2026-07-16T08:05:30.6140771Z   inflating: classes_out/com/meta/wearable/dat/display/internal/view/ViewComponentDsl.class  
Build & Test Android Companion	Inspect Wearables Class	2026-07-16T08:05:30.6141132Z   inflating: classes_out/com/meta/wearable/dat/display/types/DisplayConfiguration.class  
Build & Test Android Companion	Inspect Wearables Class	2026-07-16T08:05:30.6141440Z   inflating: classes_out/com/meta/wearable/dat/display/types/DisplayError.class  
Build & Test Android Companion	Inspect Wearables Class	2026-07-16T08:05:30.6141760Z   inflating: classes_out/com/meta/wearable/dat/display/types/DisplayState.class  
Build & Test Android Companion	Inspect Wearables Class	2026-07-16T08:05:30.6142105Z   inflating: classes_out/com/meta/wearable/dat/display/types/VideoCodec.class  
Build & Test Android Companion	Inspect Wearables Class	2026-07-16T08:05:30.6142519Z   inflating: classes_out/com/meta/wearable/dat/display/types/VideoPlayerError.class  
Build & Test Android Companion	Inspect Wearables Class	2026-07-16T08:05:30.6142923Z   inflating: classes_out/com/meta/wearable/dat/display/types/VideoPlayerState.class  
Build & Test Android Companion	Inspect Wearables Class	2026-07-16T08:05:30.6143600Z   inflating: classes_out/com/meta/wearable/dat/display/types/VideoSource$Url.class  
Build & Test Android Companion	Inspect Wearables Class	2026-07-16T08:05:30.6143991Z   inflating: classes_out/com/meta/wearable/dat/display/types/VideoSource.class  
Build & Test Android Companion	Inspect Wearables Class	2026-07-16T08:05:30.6144363Z   inflating: classes_out/com/meta/wearable/dat/display/views/Alignment.class  
Build & Test Android Companion	Inspect Wearables Class	2026-07-16T08:05:30.6144729Z   inflating: classes_out/com/meta/wearable/dat/display/views/ButtonStyle.class  
Build & Test Android Companion	Inspect Wearables Class	2026-07-16T08:05:30.6145173Z   inflating: classes_out/com/meta/wearable/dat/display/views/ContentScope$Companion.class  
Build & Test Android Companion	Inspect Wearables Class	2026-07-16T08:05:30.6145607Z   inflating: classes_out/com/meta/wearable/dat/display/views/ContentScope$video$1.class  
Build & Test Android Companion	Inspect Wearables Class	2026-07-16T08:05:30.6145935Z   inflating: classes_out/com/meta/wearable/dat/display/views/ContentScope.class  
Build & Test Android Companion	Inspect Wearables Class	2026-07-16T08:05:30.6146244Z   inflating: classes_out/com/meta/wearable/dat/display/views/CornerRadius.class  
Build & Test Android Companion	Inspect Wearables Class	2026-07-16T08:05:30.6146534Z   inflating: classes_out/com/meta/wearable/dat/display/views/Direction.class  
Build & Test Android Companion	Inspect Wearables Class	2026-07-16T08:05:30.6146868Z   inflating: classes_out/com/meta/wearable/dat/display/views/DisplayComponent.class  
Build & Test Android Companion	Inspect Wearables Class	2026-07-16T08:05:30.6147209Z   inflating: classes_out/com/meta/wearable/dat/display/views/FlexBoxBackground.class  
Build & Test Android Companion	Inspect Wearables Class	2026-07-16T08:05:30.6147551Z   inflating: classes_out/com/meta/wearable/dat/display/views/FlexBoxScope.class  
Build & Test Android Companion	Inspect Wearables Class	2026-07-16T08:05:30.6147904Z   inflating: classes_out/com/meta/wearable/dat/display/views/IconName.class  
Build & Test Android Companion	Inspect Wearables Class	2026-07-16T08:05:30.6148265Z   inflating: classes_out/com/meta/wearable/dat/display/views/IconStyle.class  
Build & Test Android Companion	Inspect Wearables Class	2026-07-16T08:05:30.6148780Z   inflating: classes_out/com/meta/wearable/dat/display/views/ImageSize.class  
Build & Test Android Companion	Inspect Wearables Class	2026-07-16T08:05:30.6149133Z   inflating: classes_out/com/meta/wearable/dat/display/views/TextColor.class  
Build & Test Android Companion	Inspect Wearables Class	2026-07-16T08:05:30.6149476Z   inflating: classes_out/com/meta/wearable/dat/display/views/TextStyle.class  
Build & Test Android Companion	Inspect Wearables Class	2026-07-16T08:05:30.6149847Z   inflating: classes_out/com/meta/wearable/dat/display/views/VideoPlayer.class  
Build & Test Android Companion	Inspect Wearables Class	2026-07-16T08:05:30.6150212Z   inflating: classes_out/com/meta/wearable/dat/display/views/VideoScope.class  
Build & Test Android Companion	Inspect Wearables Class	2026-07-16T08:05:30.6150710Z   inflating: classes_out/com/meta/wearable/dat/dwa/capability/display/internal/protos/Alignment$1.class  
Build & Test Android Companion	Inspect Wearables Class	2026-07-16T08:05:30.6151254Z   inflating: classes_out/com/meta/wearable/dat/dwa/capability/display/internal/protos/Alignment$AlignmentVerifier.class  
Build & Test Android Companion	Inspect Wearables Class	2026-07-16T08:05:30.6151686Z   inflating: classes_out/com/meta/wearable/dat/dwa/capability/display/internal/protos/Alignment.class  
Build & Test Android Companion	Inspect Wearables Class	2026-07-16T08:05:30.6152124Z   inflating: classes_out/com/meta/wearable/dat/dwa/capability/display/internal/protos/BackEvent$1.class  
Build & Test Android Companion	Inspect Wearables Class	2026-07-16T08:05:30.6152860Z   inflating: classes_out/com/meta/wearable/dat/dwa/capability/display/internal/protos/BackEvent$Builder.class  
Build & Test Android Companion	Inspect Wearables Class	2026-07-16T08:05:30.6154063Z   inflating: classes_out/com/meta/wearable/dat/dwa/capability/display/internal/protos/BackEvent.class  
Build & Test Android Companion	Inspect Wearables Class	2026-07-16T08:05:30.6154675Z   inflating: classes_out/com/meta/wearable/dat/dwa/capability/display/internal/protos/BackEventOrBuilder.class  
Build & Test Android Companion	Inspect Wearables Class	2026-07-16T08:05:30.6155254Z   inflating: classes_out/com/meta/wearable/dat/dwa/capability/display/internal/protos/BackgroundCard$1.class  
Build & Test Android Companion	Inspect Wearables Class	2026-07-16T08:05:30.6155842Z   inflating: classes_out/com/meta/wearable/dat/dwa/capability/display/internal/protos/BackgroundCard$Builder.class  
Build & Test Android Companion	Inspect Wearables Class	2026-07-16T08:05:30.6156305Z   inflating: classes_out/com/meta/wearable/dat/dwa/capability/display/internal/protos/BackgroundCard.class  
Build & Test Android Companion	Inspect Wearables Class	2026-07-16T08:05:30.6156828Z   inflating: classes_out/com/meta/wearable/dat/dwa/capability/display/internal/protos/BackgroundCardOrBuilder.class  
Build & Test Android Companion	Inspect Wearables Class	2026-07-16T08:05:30.6157302Z   inflating: classes_out/com/meta/wearable/dat/dwa/capability/display/internal/protos/BackgroundNone$1.class  
Build & Test Android Companion	Inspect Wearables Class	2026-07-16T08:05:30.6157904Z   inflating: classes_out/com/meta/wearable/dat/dwa/capability/display/internal/protos/BackgroundNone$Builder.class  
Build & Test Android Companion	Inspect Wearables Class	2026-07-16T08:05:30.6158467Z   inflating: classes_out/com/meta/wearable/dat/dwa/capability/display/internal/protos/BackgroundNone.class  
Build & Test Android Companion	Inspect Wearables Class	2026-07-16T08:05:30.6159098Z   inflating: classes_out/com/meta/wearable/dat/dwa/capability/display/internal/protos/BackgroundNoneOrBuilder.class  
Build & Test Android Companion	Inspect Wearables Class	2026-07-16T08:05:30.6159641Z   inflating: classes_out/com/meta/wearable/dat/dwa/capability/display/internal/protos/ButtonGroup$1.class  
Build & Test Android Companion	Inspect Wearables Class	2026-07-16T08:05:30.6160235Z   inflating: classes_out/com/meta/wearable/dat/dwa/capability/display/internal/protos/ButtonGroup$Builder.class  
Build & Test Android Companion	Inspect Wearables Class	2026-07-16T08:05:30.6160742Z   inflating: classes_out/com/meta/wearable/dat/dwa/capability/display/internal/protos/ButtonGroup.class  
Build & Test Android Companion	Inspect Wearables Class	2026-07-16T08:05:30.6161250Z   inflating: classes_out/com/meta/wearable/dat/dwa/capability/display/internal/protos/ButtonGroupOrBuilder.class  
Build & Test Android Companion	Inspect Wearables Class	2026-07-16T08:05:30.6161701Z   inflating: classes_out/com/meta/wearable/dat/dwa/capability/display/internal/protos/ButtonStyle$1.class  
Build & Test Android Companion	Inspect Wearables Class	2026-07-16T08:05:30.6162261Z   inflating: classes_out/com/meta/wearable/dat/dwa/capability/display/internal/protos/ButtonStyle$ButtonStyleVerifier.class  
Build & Test Android Companion	Inspect Wearables Class	2026-07-16T08:05:30.6162794Z   inflating: classes_out/com/meta/wearable/dat/dwa/capability/display/internal/protos/ButtonStyle.class  
Build & Test Android Companion	Inspect Wearables Class	2026-07-16T08:05:30.6163587Z   inflating: classes_out/com/meta/wearable/dat/dwa/capability/display/internal/protos/ClickEvent$1.class  
Build & Test Android Companion	Inspect Wearables Class	2026-07-16T08:05:30.6164190Z   inflating: classes_out/com/meta/wearable/dat/dwa/capability/display/internal/protos/ClickEvent$Builder.class  
Build & Test Android Companion	Inspect Wearables Class	2026-07-16T08:05:30.6164718Z   inflating: classes_out/com/meta/wearable/dat/dwa/capability/display/internal/protos/ClickEvent.class  
Build & Test Android Companion	Inspect Wearables Class	2026-07-16T08:05:30.6165315Z   inflating: classes_out/com/meta/wearable/dat/dwa/capability/display/internal/protos/ClickEventOrBuilder.class  
Build & Test Android Companion	Inspect Wearables Class	2026-07-16T08:05:30.6166040Z   inflating: classes_out/com/meta/wearable/dat/dwa/capability/display/internal/protos/Container$1.class  
Build & Test Android Companion	Inspect Wearables Class	2026-07-16T08:05:30.6166515Z   inflating: classes_out/com/meta/wearable/dat/dwa/capability/display/internal/protos/Container$Builder.class  
Build & Test Android Companion	Inspect Wearables Class	2026-07-16T08:05:30.6166948Z   inflating: classes_out/com/meta/wearable/dat/dwa/capability/display/internal/protos/Container.class  
Build & Test Android Companion	Inspect Wearables Class	2026-07-16T08:05:30.6167460Z   inflating: classes_out/com/meta/wearable/dat/dwa/capability/display/internal/protos/ContainerOrBuilder.class  
Build & Test Android Companion	Inspect Wearables Class	2026-07-16T08:05:30.6167963Z   inflating: classes_out/com/meta/wearable/dat/dwa/capability/display/internal/protos/CornerRadius$1.class  
Build & Test Android Companion	Inspect Wearables Class	2026-07-16T08:05:30.6168672Z   inflating: classes_out/com/meta/wearable/dat/dwa/capability/display/internal/protos/CornerRadius$CornerRadiusVerifier.class  
Build & Test Android Companion	Inspect Wearables Class	2026-07-16T08:05:30.6169223Z   inflating: classes_out/com/meta/wearable/dat/dwa/capability/display/internal/protos/CornerRadius.class  
Build & Test Android Companion	Inspect Wearables Class	2026-07-16T08:05:30.6169905Z   inflating: classes_out/com/meta/wearable/dat/dwa/capability/display/internal/protos/Direction$1.class  
Build & Test Android Companion	Inspect Wearables Class	2026-07-16T08:05:30.6170557Z   inflating: classes_out/com/meta/wearable/dat/dwa/capability/display/internal/protos/Direction$DirectionVerifier.class  
Build & Test Android Companion	Inspect Wearables Class	2026-07-16T08:05:30.6171072Z   inflating: classes_out/com/meta/wearable/dat/dwa/capability/display/internal/protos/Direction.class  
Build & Test Android Companion	Inspect Wearables Class	2026-07-16T08:05:30.6171489Z   inflating: classes_out/com/meta/wearable/dat/dwa/capability/display/internal/protos/Display.class  
Build & Test Android Companion	Inspect Wearables Class	2026-07-16T08:05:30.6171994Z   inflating: classes_out/com/meta/wearable/dat/dwa/capability/display/internal/protos/DisplayClearRequest$1.class  
Build & Test Android Companion	Inspect Wearables Class	2026-07-16T08:05:30.6172527Z   inflating: classes_out/com/meta/wearable/dat/dwa/capability/display/internal/protos/DisplayClearRequest$Builder.class  
Build & Test Android Companion	Inspect Wearables Class	2026-07-16T08:05:30.6173097Z   inflating: classes_out/com/meta/wearable/dat/dwa/capability/display/internal/protos/DisplayClearRequest.class  
Build & Test Android Companion	Inspect Wearables Class	2026-07-16T08:05:30.6174329Z   inflating: classes_out/com/meta/wearable/dat/dwa/capability/display/internal/protos/DisplayClearRequestOrBuilder.class  
Build & Test Android Companion	Inspect Wearables Class	2026-07-16T08:05:30.6174956Z   inflating: classes_out/com/meta/wearable/dat/dwa/capability/display/internal/protos/DisplayClearResponse$1.class  
Build & Test Android Companion	Inspect Wearables Class	2026-07-16T08:05:30.6175613Z   inflating: classes_out/com/meta/wearable/dat/dwa/capability/display/internal/protos/DisplayClearResponse$Builder.class  
Build & Test Android Companion	Inspect Wearables Class	2026-07-16T08:05:30.6176198Z   inflating: classes_out/com/meta/wearable/dat/dwa/capability/display/internal/protos/DisplayClearResponse.class  
Build & Test Android Companion	Inspect Wearables Class	2026-07-16T08:05:30.6176767Z   inflating: classes_out/com/meta/wearable/dat/dwa/capability/display/internal/protos/DisplayClearResponseOrBuilder.class  
Build & Test Android Companion	Inspect Wearables Class	2026-07-16T08:05:30.6177246Z   inflating: classes_out/com/meta/wearable/dat/dwa/capability/display/internal/protos/DisplayErrorCode$1.class  
Build & Test Android Companion	Inspect Wearables Class	2026-07-16T08:05:30.6177903Z   inflating: classes_out/com/meta/wearable/dat/dwa/capability/display/internal/protos/DisplayErrorCode$DisplayErrorCodeVerifier.class  
Build & Test Android Companion	Inspect Wearables Class	2026-07-16T08:05:30.6178491Z   inflating: classes_out/com/meta/wearable/dat/dwa/capability/display/internal/protos/DisplayErrorCode.class  
Build & Test Android Companion	Inspect Wearables Class	2026-07-16T08:05:30.6179084Z   inflating: classes_out/com/meta/wearable/dat/dwa/capability/display/internal/protos/DisplayErrorEvent$1.class  
Build & Test Android Companion	Inspect Wearables Class	2026-07-16T08:05:30.6179715Z   inflating: classes_out/com/meta/wearable/dat/dwa/capability/display/internal/protos/DisplayErrorEvent$Builder.class  
Build & Test Android Companion	Inspect Wearables Class	2026-07-16T08:05:30.6180301Z   inflating: classes_out/com/meta/wearable/dat/dwa/capability/display/internal/protos/DisplayErrorEvent.class  
Build & Test Android Companion	Inspect Wearables Class	2026-07-16T08:05:30.6180936Z   inflating: classes_out/com/meta/wearable/dat/dwa/capability/display/internal/protos/DisplayErrorEventOrBuilder.class  
Build & Test Android Companion	Inspect Wearables Class	2026-07-16T08:05:30.6181391Z   inflating: classes_out/com/meta/wearable/dat/dwa/capability/display/internal/protos/DisplayEvent$1.class  
Build & Test Android Companion	Inspect Wearables Class	2026-07-16T08:05:30.6181889Z   inflating: classes_out/com/meta/wearable/dat/dwa/capability/display/internal/protos/DisplayEvent$Builder.class  
Build & Test Android Companion	Inspect Wearables Class	2026-07-16T08:05:30.6182624Z   inflating: classes_out/com/meta/wearable/dat/dwa/capability/display/internal/protos/DisplayEvent$DisplayEventCase.class  
Build & Test Android Companion	Inspect Wearables Class	2026-07-16T08:05:30.6183177Z   inflating: classes_out/com/meta/wearable/dat/dwa/capability/display/internal/protos/DisplayEvent.class  
Build & Test Android Companion	Inspect Wearables Class	2026-07-16T08:05:30.6184070Z   inflating: classes_out/com/meta/wearable/dat/dwa/capability/display/internal/protos/DisplayEventOrBuilder.class  
Build & Test Android Companion	Inspect Wearables Class	2026-07-16T08:05:30.6184696Z   inflating: classes_out/com/meta/wearable/dat/dwa/capability/display/internal/protos/DisplayEventPayload$1.class  
Build & Test Android Companion	Inspect Wearables Class	2026-07-16T08:05:30.6185358Z   inflating: classes_out/com/meta/wearable/dat/dwa/capability/display/internal/protos/DisplayEventPayload$Builder.class  
Build & Test Android Companion	Inspect Wearables Class	2026-07-16T08:05:30.6186059Z   inflating: classes_out/com/meta/wearable/dat/dwa/capability/display/internal/protos/DisplayEventPayload$EventTypeCase.class  
Build & Test Android Companion	Inspect Wearables Class	2026-07-16T08:05:30.6186609Z   inflating: classes_out/com/meta/wearable/dat/dwa/capability/display/internal/protos/DisplayEventPayload.class  
Build & Test Android Companion	Inspect Wearables Class	2026-07-16T08:05:30.6187337Z   inflating: classes_out/com/meta/wearable/dat/dwa/capability/display/internal/protos/DisplayEventPayloadOrBuilder.class  
Build & Test Android Companion	Inspect Wearables Class	2026-07-16T08:05:30.6187814Z   inflating: classes_out/com/meta/wearable/dat/dwa/capability/display/internal/protos/DisplayRequest$1.class  
Build & Test Android Companion	Inspect Wearables Class	2026-07-16T08:05:30.6188373Z   inflating: classes_out/com/meta/wearable/dat/dwa/capability/display/internal/protos/DisplayRequest$Builder.class  
Build & Test Android Companion	Inspect Wearables Class	2026-07-16T08:05:30.6188938Z   inflating: classes_out/com/meta/wearable/dat/dwa/capability/display/internal/protos/DisplayRequest.class  
Build & Test Android Companion	Inspect Wearables Class	2026-07-16T08:05:30.6189566Z   inflating: classes_out/com/meta/wearable/dat/dwa/capability/display/internal/protos/DisplayRequestOrBuilder.class  
Build & Test Android Companion	Inspect Wearables Class	2026-07-16T08:05:30.6190187Z   inflating: classes_out/com/meta/wearable/dat/dwa/capability/display/internal/protos/DisplayRequestPayload$1.class  
Build & Test Android Companion	Inspect Wearables Class	2026-07-16T08:05:30.6190850Z   inflating: classes_out/com/meta/wearable/dat/dwa/capability/display/internal/protos/DisplayRequestPayload$Builder.class  
Build & Test Android Companion	Inspect Wearables Class	2026-07-16T08:05:30.6191515Z   inflating: classes_out/com/meta/wearable/dat/dwa/capability/display/internal/protos/DisplayRequestPayload$RequestTypeCase.class  
Build & Test Android Companion	Inspect Wearables Class	2026-07-16T08:05:30.6192026Z   inflating: classes_out/com/meta/wearable/dat/dwa/capability/display/internal/protos/DisplayRequestPayload.class  
Build & Test Android Companion	Inspect Wearables Class	2026-07-16T08:05:30.6192590Z   inflating: classes_out/com/meta/wearable/dat/dwa/capability/display/internal/protos/DisplayRequestPayloadOrBuilder.class  
Build & Test Android Companion	Inspect Wearables Class	2026-07-16T08:05:30.6193110Z   inflating: classes_out/com/meta/wearable/dat/dwa/capability/display/internal/protos/DisplayResponse$1.class  
Build & Test Android Companion	Inspect Wearables Class	2026-07-16T08:05:30.6194307Z   inflating: classes_out/com/meta/wearable/dat/dwa/capability/display/internal/protos/DisplayResponse$Builder.class  
Build & Test Android Companion	Inspect Wearables Class	2026-07-16T08:05:30.6194892Z   inflating: classes_out/com/meta/wearable/dat/dwa/capability/display/internal/protos/DisplayResponse.class  
Build & Test Android Companion	Inspect Wearables Class	2026-07-16T08:05:30.6195538Z   inflating: classes_out/com/meta/wearable/dat/dwa/capability/display/internal/protos/DisplayResponseOrBuilder.class  
Build & Test Android Companion	Inspect Wearables Class	2026-07-16T08:05:30.6196179Z   inflating: classes_out/com/meta/wearable/dat/dwa/capability/display/internal/protos/DisplayResponsePayload$1.class  
Build & Test Android Companion	Inspect Wearables Class	2026-07-16T08:05:30.6196734Z   inflating: classes_out/com/meta/wearable/dat/dwa/capability/display/internal/protos/DisplayResponsePayload$Builder.class  
Build & Test Android Companion	Inspect Wearables Class	2026-07-16T08:05:30.6197349Z   inflating: classes_out/com/meta/wearable/dat/dwa/capability/display/internal/protos/DisplayResponsePayload$ResponseTypeCase.class  
Build & Test Android Companion	Inspect Wearables Class	2026-07-16T08:05:30.6197877Z   inflating: classes_out/com/meta/wearable/dat/dwa/capability/display/internal/protos/DisplayResponsePayload.class  
Build & Test Android Companion	Inspect Wearables Class	2026-07-16T08:05:30.6198579Z   inflating: classes_out/com/meta/wearable/dat/dwa/capability/display/internal/protos/DisplayResponsePayloadOrBuilder.class  
Build & Test Android Companion	Inspect Wearables Class	2026-07-16T08:05:30.6199194Z   inflating: classes_out/com/meta/wearable/dat/dwa/capability/display/internal/protos/DisplayStartRequest$1.class  
Build & Test Android Companion	Inspect Wearables Class	2026-07-16T08:05:30.6199841Z   inflating: classes_out/com/meta/wearable/dat/dwa/capability/display/internal/protos/DisplayStartRequest$Builder.class  
Build & Test Android Companion	Inspect Wearables Class	2026-07-16T08:05:30.6200602Z   inflating: classes_out/com/meta/wearable/dat/dwa/capability/display/internal/protos/DisplayStartRequest.class  
Build & Test Android Companion	Inspect Wearables Class	2026-07-16T08:05:30.6201231Z   inflating: classes_out/com/meta/wearable/dat/dwa/capability/display/internal/protos/DisplayStartRequestOrBuilder.class  
Build & Test Android Companion	Inspect Wearables Class	2026-07-16T08:05:30.6201741Z   inflating: classes_out/com/meta/wearable/dat/dwa/capability/display/internal/protos/DisplayStartResponse$1.class  
Build & Test Android Companion	Inspect Wearables Class	2026-07-16T08:05:30.6202284Z   inflating: classes_out/com/meta/wearable/dat/dwa/capability/display/internal/protos/DisplayStartResponse$Builder.class  
Build & Test Android Companion	Inspect Wearables Class	2026-07-16T08:05:30.6202791Z   inflating: classes_out/com/meta/wearable/dat/dwa/capability/display/internal/protos/DisplayStartResponse.class  
Build & Test Android Companion	Inspect Wearables Class	2026-07-16T08:05:30.6203663Z   inflating: classes_out/com/meta/wearable/dat/dwa/capability/display/internal/protos/DisplayStartResponseOrBuilder.class  
Build & Test Android Companion	Inspect Wearables Class	2026-07-16T08:05:30.6204271Z   inflating: classes_out/com/meta/wearable/dat/dwa/capability/display/internal/protos/DisplayStopRequest$1.class  
Build & Test Android Companion	Inspect Wearables Class	2026-07-16T08:05:30.6205094Z   inflating: classes_out/com/meta/wearable/dat/dwa/capability/display/internal/protos/DisplayStopRequest$Builder.class  
Build & Test Android Companion	Inspect Wearables Class	2026-07-16T08:05:30.6205684Z   inflating: classes_out/com/meta/wearable/dat/dwa/capability/display/internal/protos/DisplayStopRequest.class  
Build & Test Android Companion	Inspect Wearables Class	2026-07-16T08:05:30.6206351Z   inflating: classes_out/com/meta/wearable/dat/dwa/capability/display/internal/protos/DisplayStopRequestOrBuilder.class  
Build & Test Android Companion	Inspect Wearables Class	2026-07-16T08:05:30.6206850Z   inflating: classes_out/com/meta/wearable/dat/dwa/capability/display/internal/protos/DisplayStopResponse$1.class  
Build & Test Android Companion	Inspect Wearables Class	2026-07-16T08:05:30.6207388Z   inflating: classes_out/com/meta/wearable/dat/dwa/capability/display/internal/protos/DisplayStopResponse$Builder.class  
Build & Test Android Companion	Inspect Wearables Class	2026-07-16T08:05:30.6207881Z   inflating: classes_out/com/meta/wearable/dat/dwa/capability/display/internal/protos/DisplayStopResponse.class  
Build & Test Android Companion	Inspect Wearables Class	2026-07-16T08:05:30.6208514Z   inflating: classes_out/com/meta/wearable/dat/dwa/capability/display/internal/protos/DisplayStopResponseOrBuilder.class  
Build & Test Android Companion	Inspect Wearables Class	2026-07-16T08:05:30.6209117Z   inflating: classes_out/com/meta/wearable/dat/dwa/capability/display/internal/protos/DisplayTransition$1.class  
Build & Test Android Companion	Inspect Wearables Class	2026-07-16T08:05:30.6209888Z   inflating: classes_out/com/meta/wearable/dat/dwa/capability/display/internal/protos/DisplayTransition$DisplayTransitionVerifier.class  
Build & Test Android Companion	Inspect Wearables Class	2026-07-16T08:05:30.6210471Z   inflating: classes_out/com/meta/wearable/dat/dwa/capability/display/internal/protos/DisplayTransition.class  
Build & Test Android Companion	Inspect Wearables Class	2026-07-16T08:05:30.6211052Z   inflating: classes_out/com/meta/wearable/dat/dwa/capability/display/internal/protos/DisplayableObject$1.class  
Build & Test Android Companion	Inspect Wearables Class	2026-07-16T08:05:30.6211597Z   inflating: classes_out/com/meta/wearable/dat/dwa/capability/display/internal/protos/DisplayableObject$Builder.class  
Build & Test Android Companion	Inspect Wearables Class	2026-07-16T08:05:30.6212210Z   inflating: classes_out/com/meta/wearable/dat/dwa/capability/display/internal/protos/DisplayableObject$DisplayableObjectCase.class  
Build & Test Android Companion	Inspect Wearables Class	2026-07-16T08:05:30.6212696Z   inflating: classes_out/com/meta/wearable/dat/dwa/capability/display/internal/protos/DisplayableObject.class  
Build & Test Android Companion	Inspect Wearables Class	2026-07-16T08:05:30.6213833Z   inflating: classes_out/com/meta/wearable/dat/dwa/capability/display/internal/protos/DisplayableObjectOrBuilder.class  
Build & Test Android Companion	Inspect Wearables Class	2026-07-16T08:05:30.6214368Z   inflating: classes_out/com/meta/wearable/dat/dwa/capability/display/internal/protos/FlexBox$1.class  
Build & Test Android Companion	Inspect Wearables Class	2026-07-16T08:05:30.6214986Z   inflating: classes_out/com/meta/wearable/dat/dwa/capability/display/internal/protos/FlexBox$BackgroundCase.class  
Build & Test Android Companion	Inspect Wearables Class	2026-07-16T08:05:30.6215553Z   inflating: classes_out/com/meta/wearable/dat/dwa/capability/display/internal/protos/FlexBox$Builder.class  
Build & Test Android Companion	Inspect Wearables Class	2026-07-16T08:05:30.6216071Z   inflating: classes_out/com/meta/wearable/dat/dwa/capability/display/internal/protos/FlexBox.class  
Build & Test Android Companion	Inspect Wearables Class	2026-07-16T08:05:30.6216566Z   inflating: classes_out/com/meta/wearable/dat/dwa/capability/display/internal/protos/FlexBoxOrBuilder.class  
Build & Test Android Companion	Inspect Wearables Class	2026-07-16T08:05:30.6216983Z   inflating: classes_out/com/meta/wearable/dat/dwa/capability/display/internal/protos/Icon$1.class  
Build & Test Android Companion	Inspect Wearables Class	2026-07-16T08:05:30.6217596Z   inflating: classes_out/com/meta/wearable/dat/dwa/capability/display/internal/protos/Icon$Builder.class  
Build & Test Android Companion	Inspect Wearables Class	2026-07-16T08:05:30.6218021Z   inflating: classes_out/com/meta/wearable/dat/dwa/capability/display/internal/protos/Icon.class  
Build & Test Android Companion	Inspect Wearables Class	2026-07-16T08:05:30.6218582Z   inflating: classes_out/com/meta/wearable/dat/dwa/capability/display/internal/protos/IconOrBuilder.class  
Build & Test Android Companion	Inspect Wearables Class	2026-07-16T08:05:30.6219113Z   inflating: classes_out/com/meta/wearable/dat/dwa/capability/display/internal/protos/IconStyle$1.class  
Build & Test Android Companion	Inspect Wearables Class	2026-07-16T08:05:30.6219758Z   inflating: classes_out/com/meta/wearable/dat/dwa/capability/display/internal/protos/IconStyle$IconStyleVerifier.class  
Build & Test Android Companion	Inspect Wearables Class	2026-07-16T08:05:30.6220289Z   inflating: classes_out/com/meta/wearable/dat/dwa/capability/display/internal/protos/IconStyle.class  
Build & Test Android Companion	Inspect Wearables Class	2026-07-16T08:05:30.6220816Z   inflating: classes_out/com/meta/wearable/dat/dwa/capability/display/internal/protos/ImageSize$1.class  
Build & Test Android Companion	Inspect Wearables Class	2026-07-16T08:05:30.6221513Z   inflating: classes_out/com/meta/wearable/dat/dwa/capability/display/internal/protos/ImageSize$ImageSizeVerifier.class  
Build & Test Android Companion	Inspect Wearables Class	2026-07-16T08:05:30.6221946Z   inflating: classes_out/com/meta/wearable/dat/dwa/capability/display/internal/protos/ImageSize.class  
Build & Test Android Companion	Inspect Wearables Class	2026-07-16T08:05:30.6222370Z   inflating: classes_out/com/meta/wearable/dat/dwa/capability/display/internal/protos/Spacing$1.class  
Build & Test Android Companion	Inspect Wearables Class	2026-07-16T08:05:30.6222866Z   inflating: classes_out/com/meta/wearable/dat/dwa/capability/display/internal/protos/Spacing$Builder.class  
Build & Test Android Companion	Inspect Wearables Class	2026-07-16T08:05:30.6223595Z   inflating: classes_out/com/meta/wearable/dat/dwa/capability/display/internal/protos/Spacing.class  
Build & Test Android Companion	Inspect Wearables Class	2026-07-16T08:05:30.6224193Z   inflating: classes_out/com/meta/wearable/dat/dwa/capability/display/internal/protos/SpacingOrBuilder.class  
Build & Test Android Companion	Inspect Wearables Class	2026-07-16T08:05:30.6224730Z   inflating: classes_out/com/meta/wearable/dat/dwa/capability/display/internal/protos/TextColor$1.class  
Build & Test Android Companion	Inspect Wearables Class	2026-07-16T08:05:30.6225393Z   inflating: classes_out/com/meta/wearable/dat/dwa/capability/display/internal/protos/TextColor$TextColorVerifier.class  
Build & Test Android Companion	Inspect Wearables Class	2026-07-16T08:05:30.6225932Z   inflating: classes_out/com/meta/wearable/dat/dwa/capability/display/internal/protos/TextColor.class  
Build & Test Android Companion	Inspect Wearables Class	2026-07-16T08:05:30.6226444Z   inflating: classes_out/com/meta/wearable/dat/dwa/capability/display/internal/protos/TextStyle$1.class  
Build & Test Android Companion	Inspect Wearables Class	2026-07-16T08:05:30.6226983Z   inflating: classes_out/com/meta/wearable/dat/dwa/capability/display/internal/protos/TextStyle$TextStyleVerifier.class  
Build & Test Android Companion	Inspect Wearables Class	2026-07-16T08:05:30.6227411Z   inflating: classes_out/com/meta/wearable/dat/dwa/capability/display/internal/protos/TextStyle.class  
Build & Test Android Companion	Inspect Wearables Class	2026-07-16T08:05:30.6227828Z   inflating: classes_out/com/meta/wearable/dat/dwa/capability/display/internal/protos/Video$1.class  
Build & Test Android Companion	Inspect Wearables Class	2026-07-16T08:05:30.6228324Z   inflating: classes_out/com/meta/wearable/dat/dwa/capability/display/internal/protos/Video$Builder.class  
Build & Test Android Companion	Inspect Wearables Class	2026-07-16T08:05:30.6228827Z   inflating: classes_out/com/meta/wearable/dat/dwa/capability/display/internal/protos/Video.class  
Build & Test Android Companion	Inspect Wearables Class	2026-07-16T08:05:30.6229373Z   inflating: classes_out/com/meta/wearable/dat/dwa/capability/display/internal/protos/VideoCodec$1.class  
Build & Test Android Companion	Inspect Wearables Class	2026-07-16T08:05:30.6230047Z   inflating: classes_out/com/meta/wearable/dat/dwa/capability/display/internal/protos/VideoCodec$VideoCodecVerifier.class  
Build & Test Android Companion	Inspect Wearables Class	2026-07-16T08:05:30.6230578Z   inflating: classes_out/com/meta/wearable/dat/dwa/capability/display/internal/protos/VideoCodec.class  
Build & Test Android Companion	Inspect Wearables Class	2026-07-16T08:05:30.6231143Z   inflating: classes_out/com/meta/wearable/dat/dwa/capability/display/internal/protos/VideoDataChunk$1.class  
Build & Test Android Companion	Inspect Wearables Class	2026-07-16T08:05:30.6231655Z   inflating: classes_out/com/meta/wearable/dat/dwa/capability/display/internal/protos/VideoDataChunk$Builder.class  
Build & Test Android Companion	Inspect Wearables Class	2026-07-16T08:05:30.6232118Z   inflating: classes_out/com/meta/wearable/dat/dwa/capability/display/internal/protos/VideoDataChunk.class  
Build & Test Android Companion	Inspect Wearables Class	2026-07-16T08:05:30.6232639Z   inflating: classes_out/com/meta/wearable/dat/dwa/capability/display/internal/protos/VideoDataChunkOrBuilder.class  
Build & Test Android Companion	Inspect Wearables Class	2026-07-16T08:05:30.6233852Z   inflating: classes_out/com/meta/wearable/dat/dwa/capability/display/internal/protos/VideoErrorType$1.class  
Build & Test Android Companion	Inspect Wearables Class	2026-07-16T08:05:30.6234603Z   inflating: classes_out/com/meta/wearable/dat/dwa/capability/display/internal/protos/VideoErrorType$VideoErrorTypeVerifier.class  
Build & Test Android Companion	Inspect Wearables Class	2026-07-16T08:05:30.6235160Z   inflating: classes_out/com/meta/wearable/dat/dwa/capability/display/internal/protos/VideoErrorType.class  
Build & Test Android Companion	Inspect Wearables Class	2026-07-16T08:05:30.6235731Z   inflating: classes_out/com/meta/wearable/dat/dwa/capability/display/internal/protos/VideoOrBuilder.class  
Build & Test Android Companion	Inspect Wearables Class	2026-07-16T08:05:30.6236309Z   inflating: classes_out/com/meta/wearable/dat/dwa/capability/display/internal/protos/VideoPlaybackEvent$1.class  
Build & Test Android Companion	Inspect Wearables Class	2026-07-16T08:05:30.6236841Z   inflating: classes_out/com/meta/wearable/dat/dwa/capability/display/internal/protos/VideoPlaybackEvent$Builder.class  
Build & Test Android Companion	Inspect Wearables Class	2026-07-16T08:05:30.6237334Z   inflating: classes_out/com/meta/wearable/dat/dwa/capability/display/internal/protos/VideoPlaybackEvent.class  
Build & Test Android Companion	Inspect Wearables Class	2026-07-16T08:05:30.6237891Z   inflating: classes_out/com/meta/wearable/dat/dwa/capability/display/internal/protos/VideoPlaybackEventOrBuilder.class  
Build & Test Android Companion	Inspect Wearables Class	2026-07-16T08:05:30.6238682Z   inflating: classes_out/com/meta/wearable/dat/dwa/capability/display/internal/protos/VideoPlaybackEventType$1.class  
Build & Test Android Companion	Inspect Wearables Class	2026-07-16T08:05:30.6239538Z   inflating: classes_out/com/meta/wearable/dat/dwa/capability/display/internal/protos/VideoPlaybackEventType$VideoPlaybackEventTypeVerifier.class  
Build & Test Android Companion	Inspect Wearables Class	2026-07-16T08:05:30.6240163Z   inflating: classes_out/com/meta/wearable/dat/dwa/capability/display/internal/protos/VideoPlaybackEventType.class  
Build & Test Android Companion	Inspect Wearables Class	2026-07-16T08:05:30.6240739Z   inflating: classes_out/com/meta/wearable/dat/dwa/capability/display/internal/protos/VideoStopRequest$1.class  
Build & Test Android Companion	Inspect Wearables Class	2026-07-16T08:05:30.6241291Z   inflating: classes_out/com/meta/wearable/dat/dwa/capability/display/internal/protos/VideoStopRequest$Builder.class  
Build & Test Android Companion	Inspect Wearables Class	2026-07-16T08:05:30.6241767Z   inflating: classes_out/com/meta/wearable/dat/dwa/capability/display/internal/protos/VideoStopRequest.class  
Build & Test Android Companion	Inspect Wearables Class	2026-07-16T08:05:30.6242303Z   inflating: classes_out/com/meta/wearable/dat/dwa/capability/display/internal/protos/VideoStopRequestOrBuilder.class  
Build & Test Android Companion	Inspect Wearables Class	2026-07-16T08:05:30.6242803Z   inflating: classes_out/com/meta/wearable/dat/dwa/capability/display/internal/protos/VideoStreamAck$1.class  
Build & Test Android Companion	Inspect Wearables Class	2026-07-16T08:05:30.6243590Z   inflating: classes_out/com/meta/wearable/dat/dwa/capability/display/internal/protos/VideoStreamAck$Builder.class  
Build & Test Android Companion	Inspect Wearables Class	2026-07-16T08:05:30.6244160Z   inflating: classes_out/com/meta/wearable/dat/dwa/capability/display/internal/protos/VideoStreamAck.class  
Build & Test Android Companion	Inspect Wearables Class	2026-07-16T08:05:30.6244789Z   inflating: classes_out/com/meta/wearable/dat/dwa/capability/display/internal/protos/VideoStreamAckOrBuilder.class  
Build & Test Android Companion	Inspect Wearables Class	2026-07-16T08:05:30.6245408Z   inflating: classes_out/com/meta/wearable/dat/dwa/capability/display/internal/protos/VideoStreamAckStatus$1.class  
Build & Test Android Companion	Inspect Wearables Class	2026-07-16T08:05:30.6246234Z   inflating: classes_out/com/meta/wearable/dat/dwa/capability/display/internal/protos/VideoStreamAckStatus$VideoStreamAckStatusVerifier.class  
Build & Test Android Companion	Inspect Wearables Class	2026-07-16T08:05:30.6246750Z   inflating: classes_out/com/meta/wearable/dat/dwa/capability/display/internal/protos/VideoStreamAckStatus.class  
Build & Test Android Companion	Inspect Wearables Class	2026-07-16T08:05:30.6247277Z   inflating: classes_out/com/meta/wearable/dat/dwa/capability/display/internal/protos/VideoStreamStartRequest$1.class  
Build & Test Android Companion	Inspect Wearables Class	2026-07-16T08:05:30.6247838Z   inflating: classes_out/com/meta/wearable/dat/dwa/capability/display/internal/protos/VideoStreamStartRequest$Builder.class  
Build & Test Android Companion	Inspect Wearables Class	2026-07-16T08:05:30.6248435Z   inflating: classes_out/com/meta/wearable/dat/dwa/capability/display/internal/protos/VideoStreamStartRequest.class  
Build & Test Android Companion	Inspect Wearables Class	2026-07-16T08:05:30.6249136Z   inflating: classes_out/com/meta/wearable/dat/dwa/capability/display/internal/protos/VideoStreamStartRequestOrBuilder.class  
Build & Test Android Companion	Inspect Wearables Class	2026-07-16T08:05:30.6249680Z   inflating: classes_out/com/meta/wearable/dat/dwa/capability/display/internal/protos/ViewButton$1.class  
Build & Test Android Companion	Inspect Wearables Class	2026-07-16T08:05:30.6250288Z   inflating: classes_out/com/meta/wearable/dat/dwa/capability/display/internal/protos/ViewButton$Builder.class  
Build & Test Android Companion	Inspect Wearables Class	2026-07-16T08:05:30.6251021Z   inflating: classes_out/com/meta/wearable/dat/dwa/capability/display/internal/protos/ViewButton.class  
Build & Test Android Companion	Inspect Wearables Class	2026-07-16T08:05:30.6251591Z   inflating: classes_out/com/meta/wearable/dat/dwa/capability/display/internal/protos/ViewButtonOrBuilder.class  
Build & Test Android Companion	Inspect Wearables Class	2026-07-16T08:05:30.6252061Z   inflating: classes_out/com/meta/wearable/dat/dwa/capability/display/internal/protos/ViewComponent$1.class  
Build & Test Android Companion	Inspect Wearables Class	2026-07-16T08:05:30.6252567Z   inflating: classes_out/com/meta/wearable/dat/dwa/capability/display/internal/protos/ViewComponent$Builder.class  
Build & Test Android Companion	Inspect Wearables Class	2026-07-16T08:05:30.6253150Z   inflating: classes_out/com/meta/wearable/dat/dwa/capability/display/internal/protos/ViewComponent$ComponentCase.class  
Build & Test Android Companion	Inspect Wearables Class	2026-07-16T08:05:30.6254285Z   inflating: classes_out/com/meta/wearable/dat/dwa/capability/display/internal/protos/ViewComponent.class  
Build & Test Android Companion	Inspect Wearables Class	2026-07-16T08:05:30.6254909Z   inflating: classes_out/com/meta/wearable/dat/dwa/capability/display/internal/protos/ViewComponentOrBuilder.class  
Build & Test Android Companion	Inspect Wearables Class	2026-07-16T08:05:30.6255610Z   inflating: classes_out/com/meta/wearable/dat/dwa/capability/display/internal/protos/ViewIcon$1.class  
Build & Test Android Companion	Inspect Wearables Class	2026-07-16T08:05:30.6256172Z   inflating: classes_out/com/meta/wearable/dat/dwa/capability/display/internal/protos/ViewIcon$Builder.class  
Build & Test Android Companion	Inspect Wearables Class	2026-07-16T08:05:30.6256599Z   inflating: classes_out/com/meta/wearable/dat/dwa/capability/display/internal/protos/ViewIcon.class  
Build & Test Android Companion	Inspect Wearables Class	2026-07-16T08:05:30.6257081Z   inflating: classes_out/com/meta/wearable/dat/dwa/capability/display/internal/protos/ViewIconOrBuilder.class  
Build & Test Android Companion	Inspect Wearables Class	2026-07-16T08:05:30.6257514Z   inflating: classes_out/com/meta/wearable/dat/dwa/capability/display/internal/protos/ViewImage$1.class  
Build & Test Android Companion	Inspect Wearables Class	2026-07-16T08:05:30.6258036Z   inflating: classes_out/com/meta/wearable/dat/dwa/capability/display/internal/protos/ViewImage$Builder.class  
Build & Test Android Companion	Inspect Wearables Class	2026-07-16T08:05:30.6258557Z   inflating: classes_out/com/meta/wearable/dat/dwa/capability/display/internal/protos/ViewImage.class  
Build & Test Android Companion	Inspect Wearables Class	2026-07-16T08:05:30.6259148Z   inflating: classes_out/com/meta/wearable/dat/dwa/capability/display/internal/protos/ViewImageOrBuilder.class  
Build & Test Android Companion	Inspect Wearables Class	2026-07-16T08:05:30.6259697Z   inflating: classes_out/com/meta/wearable/dat/dwa/capability/display/internal/protos/ViewRequest$1.class  
Build & Test Android Companion	Inspect Wearables Class	2026-07-16T08:05:30.6260289Z   inflating: classes_out/com/meta/wearable/dat/dwa/capability/display/internal/protos/ViewRequest$Builder.class  
Build & Test Android Companion	Inspect Wearables Class	2026-07-16T08:05:30.6260824Z   inflating: classes_out/com/meta/wearable/dat/dwa/capability/display/internal/protos/ViewRequest.class  
Build & Test Android Companion	Inspect Wearables Class	2026-07-16T08:05:30.6261345Z   inflating: classes_out/com/meta/wearable/dat/dwa/capability/display/internal/protos/ViewRequestOrBuilder.class  
Build & Test Android Companion	Inspect Wearables Class	2026-07-16T08:05:30.6261775Z   inflating: classes_out/com/meta/wearable/dat/dwa/capability/display/internal/protos/ViewText$1.class  
Build & Test Android Companion	Inspect Wearables Class	2026-07-16T08:05:30.6262240Z   inflating: classes_out/com/meta/wearable/dat/dwa/capability/display/internal/protos/ViewText$Builder.class  
Build & Test Android Companion	Inspect Wearables Class	2026-07-16T08:05:30.6262670Z   inflating: classes_out/com/meta/wearable/dat/dwa/capability/display/internal/protos/ViewText.class  
Build & Test Android Companion	Inspect Wearables Class	2026-07-16T08:05:30.6263435Z   inflating: classes_out/com/meta/wearable/dat/dwa/capability/display/internal/protos/ViewTextOrBuilder.class  
Build & Test Android Companion	Inspect Wearables Class	2026-07-16T08:05:30.6264275Z Archive:  /home/runner/.gradle/caches/modules-2/files-2.1/com.meta.wearable/mwdat-core/0.8.0/4f1c9a7864f2e3d0d6053131ae2565f7f824a59/mwdat-core-0.8.0.aar
Build & Test Android Companion	Inspect Wearables Class	2026-07-16T08:05:30.6348178Z   inflating: classes.jar             
Build & Test Android Companion	Inspect Wearables Class	2026-07-16T08:05:30.6362537Z Archive:  classes.jar
Build & Test Android Companion	Inspect Wearables Class	2026-07-16T08:05:30.6396434Z   inflating: classes_out/META-INF/MANIFEST.MF  
Build & Test Android Companion	Inspect Wearables Class	2026-07-16T08:05:30.6397405Z   inflating: classes_out/META-INF/LICENSE  
Build & Test Android Companion	Inspect Wearables Class	2026-07-16T08:05:30.6402157Z   inflating: classes_out/META-INF/NOTICE  
Build & Test Android Companion	Inspect Wearables Class	2026-07-16T08:05:30.6414690Z   inflating: classes_out/META-INF/fbandroid.java.com.meta.wearable.dat.core.buildinfo.kotlin_module  
Build & Test Android Companion	Inspect Wearables Class	2026-07-16T08:05:30.6434866Z   inflating: classes_out/META-INF/fbandroid.java.com.meta.wearable.dat.core.core.kotlin_module  
Build & Test Android Companion	Inspect Wearables Class	2026-07-16T08:05:30.6435814Z   inflating: classes_out/META-INF/fbandroid.java.com.meta.wearable.dat.core.message_types.kotlin_module  
Build & Test Android Companion	Inspect Wearables Class	2026-07-16T08:05:30.6437280Z   inflating: classes_out/_STRIPPED_RESOURCES/metagen/com/facebook/soloader/annotation/SoLoaderLibrary/SoLoaderLibrary_com.facebook.wearable.airbridge.JniLoader.json  
Build & Test Android Companion	Inspect Wearables Class	2026-07-16T08:05:30.6438536Z   inflating: classes_out/_STRIPPED_RESOURCES/metagen/com/facebook/soloader/annotation/SoLoaderLibrary/SoLoaderLibrary_com.facebook.wearable.airshield.JniLoader.json  
Build & Test Android Companion	Inspect Wearables Class	2026-07-16T08:05:30.6439771Z   inflating: classes_out/_STRIPPED_RESOURCES/metagen/com/facebook/soloader/annotation/SoLoaderLibrary/SoLoaderLibrary_com.facebook.wearable.datax.JniLoader.json  
Build & Test Android Companion	Inspect Wearables Class	2026-07-16T08:05:30.6441017Z   inflating: classes_out/_STRIPPED_RESOURCES/metagen/com/facebook/soloader/annotation/SoLoaderLibrary/SoLoaderLibrary_com.facebook.wearable.manifest.JniLoader.json  
Build & Test Android Companion	Inspect Wearables Class	2026-07-16T08:05:30.6442276Z   inflating: classes_out/_STRIPPED_RESOURCES/metagen/com/facebook/soloader/annotation/SoLoaderLibrary/SoLoaderLibrary_com.meta.wearable.qpl3p.IQPLLoggerImpl.json  
Build & Test Android Companion	Inspect Wearables Class	2026-07-16T08:05:30.6443981Z   inflating: classes_out/_STRIPPED_RESOURCES/metagen/com/facebook/soloader/annotation/SoLoaderLibrary/SoLoaderLibrary_com.meta.wearable.qpl3p.QPL3PLogger.json  
Build & Test Android Companion	Inspect Wearables Class	2026-07-16T08:05:30.6444655Z   inflating: classes_out/com/facebook/acra/info/ExternalProcessInfo.class  
Build & Test Android Companion	Inspect Wearables Class	2026-07-16T08:05:30.6445451Z   inflating: classes_out/com/facebook/analytics/structuredlogger/base/SemanticTypeConverter.class  
Build & Test Android Companion	Inspect Wearables Class	2026-07-16T08:05:30.6446220Z   inflating: classes_out/com/facebook/common/blockingresult/ConditionVariableWithResult.class  
Build & Test Android Companion	Inspect Wearables Class	2026-07-16T08:05:30.6447073Z   inflating: classes_out/com/facebook/common/collectlite/BalancedIntKeyObjectTree$1.class  
Build & Test Android Companion	Inspect Wearables Class	2026-07-16T08:05:30.6447893Z   inflating: classes_out/com/facebook/common/collectlite/BalancedIntKeyObjectTree$IntKeyExtractor.class  
Build & Test Android Companion	Inspect Wearables Class	2026-07-16T08:05:30.6448684Z   inflating: classes_out/com/facebook/common/collectlite/BalancedIntKeyObjectTree$TreeNode.class  
Build & Test Android Companion	Inspect Wearables Class	2026-07-16T08:05:30.6449394Z   inflating: classes_out/com/facebook/common/collectlite/BalancedIntKeyObjectTree.class  
Build & Test Android Companion	Inspect Wearables Class	2026-07-16T08:05:30.6449985Z   inflating: classes_out/com/facebook/common/collectlite/CopyOnWriteArray.class  
Build & Test Android Companion	Inspect Wearables Class	2026-07-16T08:05:30.6450630Z   inflating: classes_out/com/facebook/common/collectlite/DirectHashSet$1.class  
Build & Test Android Companion	Inspect Wearables Class	2026-07-16T08:05:30.6451420Z   inflating: classes_out/com/facebook/common/collectlite/DirectHashSet$DirectHashSetIterator.class  
Build & Test Android Companion	Inspect Wearables Class	2026-07-16T08:05:30.6452067Z   inflating: classes_out/com/facebook/common/collectlite/DirectHashSet.class  
Build & Test Android Companion	Inspect Wearables Class	2026-07-16T08:05:30.6452645Z   inflating: classes_out/com/facebook/common/collectlite/IntStack.class  
Build & Test Android Companion	Inspect Wearables Class	2026-07-16T08:05:30.6453260Z   inflating: classes_out/com/facebook/common/collectlite/LeanHashMap$1.class  
Build & Test Android Companion	Inspect Wearables Class	2026-07-16T08:05:30.6454222Z   inflating: classes_out/com/facebook/common/collectlite/LeanHashMap$BaseMapIterator.class  
Build & Test Android Companion	Inspect Wearables Class	2026-07-16T08:05:30.6454926Z   inflating: classes_out/com/facebook/common/collectlite/LeanHashMap$EntryIterator.class  
Build & Test Android Companion	Inspect Wearables Class	2026-07-16T08:05:30.6455596Z   inflating: classes_out/com/facebook/common/collectlite/LeanHashMap$EntrySet.class  
Build & Test Android Companion	Inspect Wearables Class	2026-07-16T08:05:30.6456317Z   inflating: classes_out/com/facebook/common/collectlite/LeanHashMap$KeyIterator.class  
Build & Test Android Companion	Inspect Wearables Class	2026-07-16T08:05:30.6456989Z   inflating: classes_out/com/facebook/common/collectlite/LeanHashMap$KeySet.class  
Build & Test Android Companion	Inspect Wearables Class	2026-07-16T08:05:30.6457671Z   inflating: classes_out/com/facebook/common/collectlite/LeanHashMap$ValueIterator.class  
Build & Test Android Companion	Inspect Wearables Class	2026-07-16T08:05:30.6458310Z   inflating: classes_out/com/facebook/common/collectlite/LeanHashMap$Values.class  
Build & Test Android Companion	Inspect Wearables Class	2026-07-16T08:05:30.6458910Z   inflating: classes_out/com/facebook/common/collectlite/LeanHashMap.class  
Build & Test Android Companion	Inspect Wearables Class	2026-07-16T08:05:30.6459552Z   inflating: classes_out/com/facebook/common/collectlite/ManagedIntArray.class  
Build & Test Android Companion	Inspect Wearables Class	2026-07-16T08:05:30.6460176Z   inflating: classes_out/com/facebook/common/collectlite/ManagedLongArray.class  
Build & Test Android Companion	Inspect Wearables Class	2026-07-16T08:05:30.6460766Z   inflating: classes_out/com/facebook/common/collectlite/RingBuffer.class  
Build & Test Android Companion	Inspect Wearables Class	2026-07-16T08:05:30.6461455Z   inflating: classes_out/com/facebook/common/errorreporting/ErrorReport$Impact.class  
Build & Test Android Companion	Inspect Wearables Class	2026-07-16T08:05:30.6462223Z   inflating: classes_out/com/facebook/common/errorreporting/ErrorReport.class  
Build & Test Android Companion	Inspect Wearables Class	2026-07-16T08:05:30.6462928Z   inflating: classes_out/com/facebook/common/errorreporting/ErrorReporterQplBridge.class  
Build & Test Android Companion	Inspect Wearables Class	2026-07-16T08:05:30.6463886Z   inflating: classes_out/com/facebook/common/errorreporting/ErrorReportingGkReader.class  
Build & Test Android Companion	Inspect Wearables Class	2026-07-16T08:05:30.6464670Z   inflating: classes_out/com/facebook/common/errorreporting/FbCustomReportDataSupplier.class  
Build & Test Android Companion	Inspect Wearables Class	2026-07-16T08:05:30.6465347Z   inflating: classes_out/com/facebook/common/errorreporting/FbErrorReporter.class  
Build & Test Android Companion	Inspect Wearables Class	2026-07-16T08:05:30.6466000Z   inflating: classes_out/com/facebook/common/errorreporting/SecureReporter.class  
Build & Test Android Companion	Inspect Wearables Class	2026-07-16T08:05:30.6466687Z   inflating: classes_out/com/facebook/common/errorreporting/SoftError$LazySupplier.class  
Build & Test Android Companion	Inspect Wearables Class	2026-07-16T08:05:30.6467355Z   inflating: classes_out/com/facebook/common/errorreporting/SoftError$Supplier.class  
Build & Test Android Companion	Inspect Wearables Class	2026-07-16T08:05:30.6467902Z   inflating: classes_out/com/facebook/common/errorreporting/SoftError.class  
Build & Test Android Companion	Inspect Wearables Class	2026-07-16T08:05:30.6468822Z   inflating: classes_out/com/facebook/common/errorreporting/SoftErrorAllowedCategory.class  
Build & Test Android Companion	Inspect Wearables Class	2026-07-16T08:05:30.6469490Z   inflating: classes_out/com/facebook/common/errorreporting/SoftErrorBuilder.class  
Build & Test Android Companion	Inspect Wearables Class	2026-07-16T08:05:30.6470246Z   inflating: classes_out/com/facebook/common/errorreporting/SoftErrorReportingFrequency.class  
Build & Test Android Companion	Inspect Wearables Class	2026-07-16T08:05:30.6470909Z   inflating: classes_out/com/facebook/common/phantomdestructors/Destructor.class  
Build & Test Android Companion	Inspect Wearables Class	2026-07-16T08:05:30.6471611Z   inflating: classes_out/com/facebook/common/phantomdestructors/DestructorManager.class  
Build & Test Android Companion	Inspect Wearables Class	2026-07-16T08:05:30.6472367Z   inflating: classes_out/com/facebook/common/phantomdestructors/DestructorManagerImpl$1.class  
Build & Test Android Companion	Inspect Wearables Class	2026-07-16T08:05:30.6473075Z   inflating: classes_out/com/facebook/common/phantomdestructors/DestructorManagerImpl.class  
Build & Test Android Companion	Inspect Wearables Class	2026-07-16T08:05:30.6474072Z   inflating: classes_out/com/facebook/common/phantomdestructors/DestructorReference.class  
Build & Test Android Companion	Inspect Wearables Class	2026-07-16T08:05:30.6474762Z   inflating: classes_out/com/facebook/common/preconditions/Preconditions.class  
Build & Test Android Companion	Inspect Wearables Class	2026-07-16T08:05:30.6475451Z   inflating: classes_out/com/facebook/common/stringformat/StringFormatUtil.class  
Build & Test Android Companion	Inspect Wearables Class	2026-07-16T08:05:30.6476169Z   inflating: classes_out/com/facebook/crudolib/prefs/CommitOnMainThreadPolicy$Companion.class  
Build & Test Android Companion	Inspect Wearables Class	2026-07-16T08:05:30.6476751Z   inflating: classes_out/com/facebook/crudolib/prefs/CommitOnMainThreadPolicy.class  
Build & Test Android Companion	Inspect Wearables Class	2026-07-16T08:05:30.6477362Z   inflating: classes_out/com/facebook/crudolib/prefs/DumperLspfBridgeForTool.class  
Build & Test Android Companion	Inspect Wearables Class	2026-07-16T08:05:30.6478067Z   inflating: classes_out/com/facebook/crudolib/prefs/LightSharedPreferences$Editor.class  
Build & Test Android Companion	Inspect Wearables Class	2026-07-16T08:05:30.6478928Z   inflating: classes_out/com/facebook/crudolib/prefs/LightSharedPreferences$OnSharedPreferenceChangeListener.class  
Build & Test Android Companion	Inspect Wearables Class	2026-07-16T08:05:30.6479830Z   inflating: classes_out/com/facebook/crudolib/prefs/LightSharedPreferences$OnSharedPreferenceWaitListener.class  
Build & Test Android Companion	Inspect Wearables Class	2026-07-16T08:05:30.6480437Z   inflating: classes_out/com/facebook/crudolib/prefs/LightSharedPreferences.class  
Build & Test Android Companion	Inspect Wearables Class	2026-07-16T08:05:30.6481297Z   inflating: classes_out/com/facebook/crudolib/prefs/LightSharedPreferencesFactory$Builder$Companion.class  
Build & Test Android Companion	Inspect Wearables Class	2026-07-16T08:05:30.6482148Z   inflating: classes_out/com/facebook/crudolib/prefs/LightSharedPreferencesFactory$Builder$build$1.class  
Build & Test Android Companion	Inspect Wearables Class	2026-07-16T08:05:30.6483230Z   inflating: classes_out/com/facebook/crudolib/prefs/LightSharedPreferencesFactory$Builder$defaultToMainDirectoryForProcesses$1.class  
Build & Test Android Companion	Inspect Wearables Class	2026-07-16T08:05:30.6484449Z   inflating: classes_out/com/facebook/crudolib/prefs/LightSharedPreferencesFactory$Builder$experimentalPrivateDir$1.class  
Build & Test Android Companion	Inspect Wearables Class	2026-07-16T08:05:30.6485237Z   inflating: classes_out/com/facebook/crudolib/prefs/LightSharedPreferencesFactory$Builder.class  
Build & Test Android Companion	Inspect Wearables Class	2026-07-16T08:05:30.6486038Z   inflating: classes_out/com/facebook/crudolib/prefs/LightSharedPreferencesFactory$Companion.class  
Build & Test Android Companion	Inspect Wearables Class	2026-07-16T08:05:30.6486933Z   inflating: classes_out/com/facebook/crudolib/prefs/LightSharedPreferencesFactory$getSharedPreferences$1.class  
Build & Test Android Companion	Inspect Wearables Class	2026-07-16T08:05:30.6488038Z   inflating: classes_out/com/facebook/crudolib/prefs/LightSharedPreferencesFactory$getSharedPrefsProvider$1.class  
Build & Test Android Companion	Inspect Wearables Class	2026-07-16T08:05:30.6488997Z   inflating: classes_out/com/facebook/crudolib/prefs/LightSharedPreferencesFactory$registerFileObserver$1$fileObserver$1.class  
Build & Test Android Companion	Inspect Wearables Class	2026-07-16T08:05:30.6489752Z   inflating: classes_out/com/facebook/crudolib/prefs/LightSharedPreferencesFactory.class  
Build & Test Android Companion	Inspect Wearables Class	2026-07-16T08:05:30.6490551Z   inflating: classes_out/com/facebook/crudolib/prefs/LightSharedPreferencesFactoryListener.class  
Build & Test Android Companion	Inspect Wearables Class	2026-07-16T08:05:30.6491248Z   inflating: classes_out/com/facebook/crudolib/prefs/LightSharedPreferencesImpl$1.class  
Build & Test Android Companion	Inspect Wearables Class	2026-07-16T08:05:30.6491934Z   inflating: classes_out/com/facebook/crudolib/prefs/LightSharedPreferencesImpl$Companion.class  
Build & Test Android Companion	Inspect Wearables Class	2026-07-16T08:05:30.6492771Z   inflating: classes_out/com/facebook/crudolib/prefs/LightSharedPreferencesImpl$EditorImpl$apply$1.class  
Build & Test Android Companion	Inspect Wearables Class	2026-07-16T08:05:30.6493788Z   inflating: classes_out/com/facebook/crudolib/prefs/LightSharedPreferencesImpl$EditorImpl.class  
Build & Test Android Companion	Inspect Wearables Class	2026-07-16T08:05:30.6494860Z   inflating: classes_out/com/facebook/crudolib/prefs/LightSharedPreferencesImpl$notifyListeners$1.class  
Build & Test Android Companion	Inspect Wearables Class	2026-07-16T08:05:30.6495547Z   inflating: classes_out/com/facebook/crudolib/prefs/LightSharedPreferencesImpl.class  
Build & Test Android Companion	Inspect Wearables Class	2026-07-16T08:05:30.6496345Z   inflating: classes_out/com/facebook/crudolib/prefs/LightSharedPreferencesStorage$Companion.class  
Build & Test Android Companion	Inspect Wearables Class	2026-07-16T08:05:30.6497086Z   inflating: classes_out/com/facebook/crudolib/prefs/LightSharedPreferencesStorage.class  
Build & Test Android Companion	Inspect Wearables Class	2026-07-16T08:05:30.6497734Z   inflating: classes_out/com/facebook/crudolib/prefs/LspfBridgeForInfra.class  
Build & Test Android Companion	Inspect Wearables Class	2026-07-16T08:05:30.6498263Z   inflating: classes_out/com/facebook/crudolib/prefs/SC.class  
Build & Test Android Companion	Inspect Wearables Class	2026-07-16T08:05:30.6498987Z   inflating: classes_out/com/facebook/crudolib/prefs/SharedPrefsWriteMode$Companion.class  
Build & Test Android Companion	Inspect Wearables Class	2026-07-16T08:05:30.6499659Z   inflating: classes_out/com/facebook/crudolib/prefs/SharedPrefsWriteMode.class  
Build & Test Android Companion	Inspect Wearables Class	2026-07-16T08:05:30.6500261Z   inflating: classes_out/com/facebook/crudolib/prefs/ThreadProvider.class  
Build & Test Android Companion	Inspect Wearables Class	2026-07-16T08:05:30.6500935Z   inflating: classes_out/com/facebook/crudolib/prefs/UnknownVersionException.class  
Build & Test Android Companion	Inspect Wearables Class	2026-07-16T08:05:30.6501478Z   inflating: classes_out/com/facebook/crudolib/prefs/ValueType.class  
Build & Test Android Companion	Inspect Wearables Class	2026-07-16T08:05:30.6502172Z   inflating: classes_out/com/facebook/crudolib/processname/ProcessNameHelper.class  
Build & Test Android Companion	Inspect Wearables Class	2026-07-16T08:05:30.6502817Z   inflating: classes_out/com/facebook/debug/log/AbstractLoggingDelegate.class  
Build & Test Android Companion	Inspect Wearables Class	2026-07-16T08:05:30.6503551Z   inflating: classes_out/com/facebook/debug/log/BLog.class  
Build & Test Android Companion	Inspect Wearables Class	2026-07-16T08:05:30.6504177Z   inflating: classes_out/com/facebook/debug/log/BLogLevelCallback.class  
Build & Test Android Companion	Inspect Wearables Class	2026-07-16T08:05:30.6504808Z   inflating: classes_out/com/facebook/debug/log/DefaultLoggingDelegate.class  
Build & Test Android Companion	Inspect Wearables Class	2026-07-16T08:05:30.6505399Z   inflating: classes_out/com/facebook/debug/log/LogPrefixer.class  
Build & Test Android Companion	Inspect Wearables Class	2026-07-16T08:05:30.6506005Z   inflating: classes_out/com/facebook/debug/log/LoggingPreprocessor.class  
Build & Test Android Companion	Inspect Wearables Class	2026-07-16T08:05:30.6506556Z   inflating: classes_out/com/facebook/debug/log/LoggingUtil.class  
Build & Test Android Companion	Inspect Wearables Class	2026-07-16T08:05:30.6507072Z   inflating: classes_out/com/facebook/jni/Countable.class  
Build & Test Android Companion	Inspect Wearables Class	2026-07-16T08:05:30.6507637Z   inflating: classes_out/com/facebook/jni/CpuCapabilitiesJni.class  
Build & Test Android Companion	Inspect Wearables Class	2026-07-16T08:05:30.6508199Z   inflating: classes_out/com/facebook/jni/JniTerminateHandler.class  
Build & Test Android Companion	Inspect Wearables Class	2026-07-16T08:05:30.6508824Z   inflating: classes_out/com/facebook/jni/NativeSoftErrorReporterProxy$1.class  
Build & Test Android Companion	Inspect Wearables Class	2026-07-16T08:05:30.6509479Z   inflating: classes_out/com/facebook/jni/NativeSoftErrorReporterProxy.class  
Build & Test Android Companion	Inspect Wearables Class	2026-07-16T08:05:30.6510043Z   inflating: classes_out/com/facebook/jni/kotlin/NativeFunction0.class  
Build & Test Android Companion	Inspect Wearables Class	2026-07-16T08:05:30.6510607Z   inflating: classes_out/com/facebook/jni/kotlin/NativeFunction1.class  
Build & Test Android Companion	Inspect Wearables Class	2026-07-16T08:05:30.6511194Z   inflating: classes_out/com/facebook/jni/kotlin/NativeFunction2.class  
Build & Test Android Companion	Inspect Wearables Class	2026-07-16T08:05:30.6511796Z   inflating: classes_out/com/facebook/jni/kotlin/NativeFunction3.class  
Build & Test Android Companion	Inspect Wearables Class	2026-07-16T08:05:30.6512364Z   inflating: classes_out/com/facebook/jni/kotlin/NativeFunction4.class  
Build & Test Android Companion	Inspect Wearables Class	2026-07-16T08:05:30.6513123Z   inflating: classes_out/com/facebook/jni/kotlin/NativeFunction5.class  
Build & Test Android Companion	Inspect Wearables Class	2026-07-16T08:05:30.6513939Z   inflating: classes_out/com/facebook/jni/kotlin/NativeFunction6.class  
Build & Test Android Companion	Inspect Wearables Class	2026-07-16T08:05:30.6514531Z   inflating: classes_out/com/facebook/jni/kotlin/NativeFunction7.class  
Build & Test Android Companion	Inspect Wearables Class	2026-07-16T08:05:30.6515104Z   inflating: classes_out/com/facebook/jni/kotlin/NativeFunction8.class  
Build & Test Android Companion	Inspect Wearables Class	2026-07-16T08:05:30.6515687Z   inflating: classes_out/com/facebook/jni/kotlin/NativeFunction9.class  
Build & Test Android Companion	Inspect Wearables Class	2026-07-16T08:05:30.6516365Z   inflating: classes_out/com/facebook/jni/kotlin/NativeFunctionBase$Companion.class  
Build & Test Android Companion	Inspect Wearables Class	2026-07-16T08:05:30.6516984Z   inflating: classes_out/com/facebook/jni/kotlin/NativeFunctionBase.class  
Build & Test Android Companion	Inspect Wearables Class	2026-07-16T08:05:30.6517882Z   inflating: classes_out/com/facebook/kotlin/compilerplugins/dataclassgenerate/annotation/DataClassGenerate.class  
Build & Test Android Companion	Inspect Wearables Class	2026-07-16T08:05:30.6518728Z   inflating: classes_out/com/facebook/kotlin/compilerplugins/dataclassgenerate/annotation/Mode.class  
Build & Test Android Companion	Inspect Wearables Class	2026-07-16T08:05:30.6519785Z   inflating: classes_out/com/facebook/kotlin/compilerplugins/dataclassgenerate/superclass/DataClassSuper.class  
Build & Test Android Companion	Inspect Wearables Class	2026-07-16T08:05:30.6520452Z   inflating: classes_out/com/facebook/metagen/AddToMasterTemplate.class  
Build & Test Android Companion	Inspect Wearables Class	2026-07-16T08:05:30.6521158Z   inflating: classes_out/com/facebook/metagen/CodeGeneratorMetadataAnnotation.class  
Build & Test Android Companion	Inspect Wearables Class	2026-07-16T08:05:30.6521759Z   inflating: classes_out/com/facebook/metagen/CustomTemplate.class  
Build & Test Android Companion	Inspect Wearables Class	2026-07-16T08:05:30.6522319Z   inflating: classes_out/com/facebook/metagen/GlobalTemplate.class  
Build & Test Android Companion	Inspect Wearables Class	2026-07-16T08:05:30.6522901Z   inflating: classes_out/com/facebook/metagen/LocalTemplate.class  
Build & Test Android Companion	Inspect Wearables Class	2026-07-16T08:05:30.6523789Z   inflating: classes_out/com/facebook/metagen/MetadataAnnotationTarget.class  
Build & Test Android Companion	Inspect Wearables Class	2026-07-16T08:05:30.6524494Z   inflating: classes_out/com/facebook/metagen/RequireParentAnnotation.class  
Build & Test Android Companion	Inspect Wearables Class	2026-07-16T08:05:30.6525153Z   inflating: classes_out/com/facebook/metagen/RunGlobalCodeGeneration.class  
Build & Test Android Companion	Inspect Wearables Class	2026-07-16T08:05:30.6525797Z   inflating: classes_out/com/facebook/metagen/TemplateMetadata.class  
Build & Test Android Companion	Inspect Wearables Class	2026-07-16T08:05:30.6527004Z   inflating: classes_out/com/facebook/quality/designexcuses/Excuse.class  
Build & Test Android Companion	Inspect Wearables Class	2026-07-16T08:05:30.6528263Z   inflating: classes_out/com/facebook/quality/designexcuses/ExcusesForDesignViolations.class  
Build & Test Android Companion	Inspect Wearables Class	2026-07-16T08:05:30.6529885Z   inflating: classes_out/com/facebook/redex/annotations/ForceInline.class  
Build & Test Android Companion	Inspect Wearables Class	2026-07-16T08:05:30.6531041Z   inflating: classes_out/com/facebook/redex/annotations/GenerateStaticInitBatch.class  
Build & Test Android Companion	Inspect Wearables Class	2026-07-16T08:05:30.6532075Z   inflating: classes_out/com/facebook/redex/annotations/GraphQLTypeTagSwitch.class  
Build & Test Android Companion	Inspect Wearables Class	2026-07-16T08:05:30.6533078Z   inflating: classes_out/com/facebook/redex/annotations/IgnoreStringLiterals.class  
Build & Test Android Companion	Inspect Wearables Class	2026-07-16T08:05:30.6534355Z   inflating: classes_out/com/facebook/redex/annotations/ImmutableGetter.class  
Build & Test Android Companion	Inspect Wearables Class	2026-07-16T08:05:30.6535422Z   inflating: classes_out/com/facebook/redex/annotations/InterfaceDispatch.class  
Build & Test Android Companion	Inspect Wearables Class	2026-07-16T08:05:30.6536397Z   inflating: classes_out/com/facebook/redex/annotations/MethodMeta.class  
Build & Test Android Companion	Inspect Wearables Class	2026-07-16T08:05:30.6537456Z   inflating: classes_out/com/facebook/redex/annotations/ModelIdentity.class  
Build & Test Android Companion	Inspect Wearables Class	2026-07-16T08:05:30.6538516Z   inflating: classes_out/com/facebook/redex/annotations/Obfuscate.class  
Build & Test Android Companion	Inspect Wearables Class	2026-07-16T08:05:30.6539582Z   inflating: classes_out/com/facebook/redex/annotations/ObfuscatorType.class  
Build & Test Android Companion	Inspect Wearables Class	2026-07-16T08:05:30.6540625Z   inflating: classes_out/com/facebook/redex/annotations/ParserClass.class  
Build & Test Android Companion	Inspect Wearables Class	2026-07-16T08:05:30.6541778Z   inflating: classes_out/com/facebook/redex/annotations/RedexPermitUnoptimized.class  
Build & Test Android Companion	Inspect Wearables Class	2026-07-16T08:05:30.6542710Z   inflating: classes_out/com/facebook/redex/annotations/SafeIntDef.class  
Build & Test Android Companion	Inspect Wearables Class	2026-07-16T08:05:30.6547742Z   inflating: classes_out/com/facebook/redex/annotations/SafeStringDef.class  
Build & Test Android Companion	Inspect Wearables Class	2026-07-16T08:05:30.6548285Z   inflating: classes_out/com/facebook/redex/annotations/UsesAppModule.class  
Build & Test Android Companion	Inspect Wearables Class	2026-07-16T08:05:30.6548853Z   inflating: classes_out/com/facebook/redex/annotations/UsesNames.class  
Build & Test Android Companion	Inspect Wearables Class	2026-07-16T08:05:30.6549669Z   inflating: classes_out/com/facebook/redex/annotations/UsesNamesTransitive.class  
Build & Test Android Companion	Inspect Wearables Class	2026-07-16T08:05:30.6550228Z   inflating: classes_out/com/facebook/secure/aidl/AccessScope.class  
Build & Test Android Companion	Inspect Wearables Class	2026-07-16T08:05:30.6550902Z   inflating: classes_out/com/facebook/secure/aidl/GlobalSecureAIDLTrustedCallerMap.class  
Build & Test Android Companion	Inspect Wearables Class	2026-07-16T08:05:30.6551527Z   inflating: classes_out/com/facebook/secure/aidl/ISecureAIDLTrustedCallerMap.class  
Build & Test Android Companion	Inspect Wearables Class	2026-07-16T08:05:30.6552284Z   inflating: classes_out/com/facebook/secure/aidl/exception/InterfaceNotInGlobalMapException.class  
Build & Test Android Companion	Inspect Wearables Class	2026-07-16T08:05:30.6552995Z   inflating: classes_out/com/facebook/secure/aidl/exception/InvalidAccessScopeException.class  
Build & Test Android Companion	Inspect Wearables Class	2026-07-16T08:05:30.6553928Z   inflating: classes_out/com/facebook/secure/aidl/exception/SecureAIDLException.class  
Build & Test Android Companion	Inspect Wearables Class	2026-07-16T08:05:30.6554615Z   inflating: classes_out/com/facebook/secure/aidl/exception/StubGlobalMapException.class  
Build & Test Android Companion	Inspect Wearables Class	2026-07-16T08:05:30.6555246Z   inflating: classes_out/com/facebook/secure/config/ContentProviderConfig.class  
Build & Test Android Companion	Inspect Wearables Class	2026-07-16T08:05:30.6556064Z   inflating: classes_out/com/facebook/secure/config/ContentProviderConfigImpl.class  
Build & Test Android Companion	Inspect Wearables Class	2026-07-16T08:05:30.6556770Z   inflating: classes_out/com/facebook/secure/config/DefaultSecureContextHelperConfig.class  
Build & Test Android Companion	Inspect Wearables Class	2026-07-16T08:05:30.6557653Z   inflating: classes_out/com/facebook/secure/config/EmptyRevokedCertificatesProvider.class  
Build & Test Android Companion	Inspect Wearables Class	2026-07-16T08:05:30.6559036Z   inflating: classes_out/com/facebook/secure/config/MetaConfigRevokedCertificatesProvider.class  
Build & Test Android Companion	Inspect Wearables Class	2026-07-16T08:05:30.6559992Z   inflating: classes_out/com/facebook/secure/config/SecureContextHelperConfig.class  
Build & Test Android Companion	Inspect Wearables Class	2026-07-16T08:05:30.6560978Z   inflating: classes_out/com/facebook/secure/config/SecurityConfigs.class  
Build & Test Android Companion	Inspect Wearables Class	2026-07-16T08:05:30.6562069Z   inflating: classes_out/com/facebook/secure/config/SecurityConfigsHolder.class  
Build & Test Android Companion	Inspect Wearables Class	2026-07-16T08:05:30.6563083Z   inflating: classes_out/com/facebook/secure/config/SecurityConfigsImpl.class  
Build & Test Android Companion	Inspect Wearables Class	2026-07-16T08:05:30.6564417Z   inflating: classes_out/com/facebook/secure/config/TrustBoundaryConfig.class  
Build & Test Android Companion	Inspect Wearables Class	2026-07-16T08:05:30.6565525Z   inflating: classes_out/com/facebook/secure/config/TrustBoundaryConfigImpl.class  
Build & Test Android Companion	Inspect Wearables Class	2026-07-16T08:05:30.6566561Z   inflating: classes_out/com/facebook/secure/config/TrustedAppConfig.class  
Build & Test Android Companion	Inspect Wearables Class	2026-07-16T08:05:30.6567740Z   inflating: classes_out/com/facebook/secure/config/TrustedAppConfigImpl.class  
Build & Test Android Companion	Inspect Wearables Class	2026-07-16T08:05:30.6569326Z   inflating: classes_out/com/facebook/secure/config/WhatsAppExpectedAppIdentityUpdater.class  
Build & Test Android Companion	Inspect Wearables Class	2026-07-16T08:05:30.6570815Z   inflating: classes_out/com/facebook/secure/config/libs/TrustBoundaryConfigHolder.class  
Build & Test Android Companion	Inspect Wearables Class	2026-07-16T08:05:30.6571815Z   inflating: classes_out/com/facebook/secure/config/libs/TrustedAppConfigHolder.class  
Build & Test Android Companion	Inspect Wearables Class	2026-07-16T08:05:30.6573882Z   inflating: classes_out/com/facebook/secure/intent/cryptor/AndroidIntentCryptor$Companion.class  
Build & Test Android Companion	Inspect Wearables Class	2026-07-16T08:05:30.6575586Z   inflating: classes_out/com/facebook/secure/intent/cryptor/AndroidIntentCryptor.class  
Build & Test Android Companion	Inspect Wearables Class	2026-07-16T08:05:30.6576678Z   inflating: classes_out/com/facebook/secure/intent/cryptor/DecryptionException.class  
Build & Test Android Companion	Inspect Wearables Class	2026-07-16T08:05:30.6577944Z   inflating: classes_out/com/facebook/secure/intent/cryptor/EncryptedData.class  
Build & Test Android Companion	Inspect Wearables Class	2026-07-16T08:05:30.6579083Z   inflating: classes_out/com/facebook/secure/intent/cryptor/EncryptionException.class  
Build & Test Android Companion	Inspect Wearables Class	2026-07-16T08:05:30.6580124Z   inflating: classes_out/com/facebook/secure/intent/cryptor/IntentCryptor.class  
Build & Test Android Companion	Inspect Wearables Class	2026-07-16T08:05:30.6582064Z   inflating: classes_out/com/facebook/secure/intent/cryptor/IntentEncryptionHelper.class  
Build & Test Android Companion	Inspect Wearables Class	2026-07-16T08:05:30.6583739Z   inflating: classes_out/com/facebook/secure/intent/plugins/IntentLaunchObservingPlugin.class  
Build & Test Android Companion	Inspect Wearables Class	2026-07-16T08:05:30.6584917Z   inflating: classes_out/com/facebook/secure/intent/plugins/IntentLaunchObservingPluginHolder.class  
Build & Test Android Companion	Inspect Wearables Class	2026-07-16T08:05:30.6585973Z   inflating: classes_out/com/facebook/secure/intent/plugins/IntentLaunchingPlugin.class  
Build & Test Android Companion	Inspect Wearables Class	2026-07-16T08:05:30.6587093Z   inflating: classes_out/com/facebook/secure/intent/plugins/IntentLaunchingPluginHolder.class  
Build & Test Android Companion	Inspect Wearables Class	2026-07-16T08:05:30.6588282Z   inflating: classes_out/com/facebook/secure/intent/plugins/IntentMetadata.class  
Build & Test Android Companion	Inspect Wearables Class	2026-07-16T08:05:30.6594505Z   inflating: classes_out/com/facebook/secure/intent/plugins/IntentScope$ScopeType.class  
Build & Test Android Companion	Inspect Wearables Class	2026-07-16T08:05:30.6595078Z   inflating: classes_out/com/facebook/secure/intent/plugins/IntentScope.class  
Build & Test Android Companion	Inspect Wearables Class	2026-07-16T08:05:30.6595762Z   inflating: classes_out/com/facebook/secure/intentparser/FieldFilterConfig$Matcher.class  
Build & Test Android Companion	Inspect Wearables Class	2026-07-16T08:05:30.6596392Z   inflating: classes_out/com/facebook/secure/intentparser/FieldFilterConfig.class  
Build & Test Android Companion	Inspect Wearables Class	2026-07-16T08:05:30.6597041Z   inflating: classes_out/com/facebook/secure/intentparser/IntentParser$ParsedIntent.class  
Build & Test Android Companion	Inspect Wearables Class	2026-07-16T08:05:30.6597645Z   inflating: classes_out/com/facebook/secure/intentparser/IntentParser.class  
Build & Test Android Companion	Inspect Wearables Class	2026-07-16T08:05:30.6598379Z   inflating: classes_out/com/facebook/secure/ktx/service/FbPermissionsBaseLifecycleService.class  
Build & Test Android Companion	Inspect Wearables Class	2026-07-16T08:05:30.6599158Z   inflating: classes_out/com/facebook/secure/ktx/service/FbPermissionsBindableLifecycleService.class  
Build & Test Android Companion	Inspect Wearables Class	2026-07-16T08:05:30.6600016Z   inflating: classes_out/com/facebook/secure/ktx/service/FbPermissionsLifecycleService.class  
Build & Test Android Companion	Inspect Wearables Class	2026-07-16T08:05:30.6600731Z   inflating: classes_out/com/facebook/secure/ktx/service/IdentityCheckingBinder$Companion.class  
Build & Test Android Companion	Inspect Wearables Class	2026-07-16T08:05:30.6601402Z   inflating: classes_out/com/facebook/secure/ktx/service/IdentityCheckingBinder.class  
Build & Test Android Companion	Inspect Wearables Class	2026-07-16T08:05:30.6602196Z   inflating: classes_out/com/facebook/secure/ktx/service/PublicBaseLifecycleServiceWithSwitchOff.class  
Build & Test Android Companion	Inspect Wearables Class	2026-07-16T08:05:30.6603038Z   inflating: classes_out/com/facebook/secure/ktx/service/PublicBindableLifecycleServiceWithSwitchOff.class  
Build & Test Android Companion	Inspect Wearables Class	2026-07-16T08:05:30.6604048Z   inflating: classes_out/com/facebook/secure/ktx/service/PublicLifecycleServiceWithSwitchOff.class  
Build & Test Android Companion	Inspect Wearables Class	2026-07-16T08:05:30.6604935Z   inflating: classes_out/com/facebook/secure/ktx/service/SecureBaseLifecycleServiceWithSwitchOff$Companion.class  
Build & Test Android Companion	Inspect Wearables Class	2026-07-16T08:05:30.6605776Z   inflating: classes_out/com/facebook/secure/ktx/service/SecureBaseLifecycleServiceWithSwitchOff$onBind$1.class  
Build & Test Android Companion	Inspect Wearables Class	2026-07-16T08:05:30.6606924Z   inflating: classes_out/com/facebook/secure/ktx/service/SecureBaseLifecycleServiceWithSwitchOff.class  
Build & Test Android Companion	Inspect Wearables Class	2026-07-16T08:05:30.6608145Z   inflating: classes_out/com/facebook/secure/ktx/service/SecureBindableLifecycleServiceWithSwitchOff.class  
Build & Test Android Companion	Inspect Wearables Class	2026-07-16T08:05:30.6609188Z   inflating: classes_out/com/facebook/secure/ktx/service/SecureLifecycleServiceWithSwitchOff.class  
Build & Test Android Companion	Inspect Wearables Class	2026-07-16T08:05:30.6610591Z   inflating: classes_out/com/facebook/secure/logger/CompositeContentProviderLogger.class  
Build & Test Android Companion	Inspect Wearables Class	2026-07-16T08:05:30.6611621Z   inflating: classes_out/com/facebook/secure/logger/CompositeIntentLogger.class  
Build & Test Android Companion	Inspect Wearables Class	2026-07-16T08:05:30.6612674Z   inflating: classes_out/com/facebook/secure/logger/ContentProviderLogger.class  
Build & Test Android Companion	Inspect Wearables Class	2026-07-16T08:05:30.6613953Z   inflating: classes_out/com/facebook/secure/logger/ContentProviderLoggerHelper.class  
Build & Test Android Companion	Inspect Wearables Class	2026-07-16T08:05:30.6614913Z   inflating: classes_out/com/facebook/secure/logger/FailOpenProvider.class  
Build & Test Android Companion	Inspect Wearables Class	2026-07-16T08:05:30.6616009Z   inflating: classes_out/com/facebook/secure/logger/FailOpenProviderHelper.class  
Build & Test Android Companion	Inspect Wearables Class	2026-07-16T08:05:30.6616944Z   inflating: classes_out/com/facebook/secure/logger/IntentLogger$Status.class  
Build & Test Android Companion	Inspect Wearables Class	2026-07-16T08:05:30.6617946Z   inflating: classes_out/com/facebook/secure/logger/IntentLogger.class  
Build & Test Android Companion	Inspect Wearables Class	2026-07-16T08:05:30.6619059Z   inflating: classes_out/com/facebook/secure/logger/IntentLoggerBase.class  
Build & Test Android Companion	Inspect Wearables Class	2026-07-16T08:05:30.6620168Z   inflating: classes_out/com/facebook/secure/logger/IntentLoggerHelper.class  
Build & Test Android Companion	Inspect Wearables Class	2026-07-16T08:05:30.6621177Z   inflating: classes_out/com/facebook/secure/logger/LocalReporter.class  
Build & Test Android Companion	Inspect Wearables Class	2026-07-16T08:05:30.6622428Z   inflating: classes_out/com/facebook/secure/logger/LoggingConfiguration$LoggingLevel.class  
Build & Test Android Companion	Inspect Wearables Class	2026-07-16T08:05:30.6623633Z   inflating: classes_out/com/facebook/secure/logger/LoggingConfiguration.class  
Build & Test Android Companion	Inspect Wearables Class	2026-07-16T08:05:30.6624593Z   inflating: classes_out/com/facebook/secure/logger/Reporter.class  
Build & Test Android Companion	Inspect Wearables Class	2026-07-16T08:05:30.6626422Z   inflating: classes_out/com/facebook/secure/packagemanager/PackageInfoCompat.class  
Build & Test Android Companion	Inspect Wearables Class	2026-07-16T08:05:30.6628728Z   inflating: classes_out/com/facebook/secure/packagemanager/PackageManagerCompat.class  
Build & Test Android Companion	Inspect Wearables Class	2026-07-16T08:05:30.6630009Z   inflating: classes_out/com/facebook/secure/packagemanager/SigningInfoCompat.class  
Build & Test Android Companion	Inspect Wearables Class	2026-07-16T08:05:30.6634796Z   inflating: classes_out/com/facebook/secure/pendingintent/SecurePendingIntentBase$Builder.class  
Build & Test Android Companion	Inspect Wearables Class	2026-07-16T08:05:30.6635534Z   inflating: classes_out/com/facebook/secure/pendingintent/SecurePendingIntentBase$EnforceMode.class  
Build & Test Android Companion	Inspect Wearables Class	2026-07-16T08:05:30.6636230Z   inflating: classes_out/com/facebook/secure/pendingintent/SecurePendingIntentBase.class  
Build & Test Android Companion	Inspect Wearables Class	2026-07-16T08:05:30.6636826Z   inflating: classes_out/com/facebook/secure/sanitizer/SanitizedURI$1.class  
Build & Test Android Companion	Inspect Wearables Class	2026-07-16T08:05:30.6637426Z   inflating: classes_out/com/facebook/secure/sanitizer/SanitizedURI$Builder.class  
Build & Test Android Companion	Inspect Wearables Class	2026-07-16T08:05:30.6638014Z   inflating: classes_out/com/facebook/secure/sanitizer/SanitizedURI.class  
Build & Test Android Companion	Inspect Wearables Class	2026-07-16T08:05:30.6638788Z   inflating: classes_out/com/facebook/secure/sanitizer/SanitizerConfig$1.class  
Build & Test Android Companion	Inspect Wearables Class	2026-07-16T08:05:30.6639391Z   inflating: classes_out/com/facebook/secure/sanitizer/SanitizerConfig$Builder.class  
Build & Test Android Companion	Inspect Wearables Class	2026-07-16T08:05:30.6639976Z   inflating: classes_out/com/facebook/secure/sanitizer/SanitizerConfig.class  
Build & Test Android Companion	Inspect Wearables Class	2026-07-16T08:05:30.6641030Z   inflating: classes_out/com/facebook/secure/sanitizer/SensitiveDataSanitizer$SanitizedIntent.class  
Build & Test Android Companion	Inspect Wearables Class	2026-07-16T08:05:30.6643134Z   inflating: classes_out/com/facebook/secure/sanitizer/SensitiveDataSanitizer.class  
Build & Test Android Companion	Inspect Wearables Class	2026-07-16T08:05:30.6644820Z   inflating: classes_out/com/facebook/secure/sanitizer/intf/DataSanitizer.class  
Build & Test Android Companion	Inspect Wearables Class	2026-07-16T08:05:30.6646381Z   inflating: classes_out/com/facebook/secure/switchoff/DeeplinkConfig$WhitelistStatus.class  
Build & Test Android Companion	Inspect Wearables Class	2026-07-16T08:05:30.6647585Z   inflating: classes_out/com/facebook/secure/switchoff/DeeplinkConfig.class  
Build & Test Android Companion	Inspect Wearables Class	2026-07-16T08:05:30.6648655Z   inflating: classes_out/com/facebook/secure/switchoff/DefaultSwitchOffs$1.class  
Build & Test Android Companion	Inspect Wearables Class	2026-07-16T08:05:30.6649677Z   inflating: classes_out/com/facebook/secure/switchoff/DefaultSwitchOffs$2.class  
Build & Test Android Companion	Inspect Wearables Class	2026-07-16T08:05:30.6650736Z   inflating: classes_out/com/facebook/secure/switchoff/DefaultSwitchOffs$3.class  
Build & Test Android Companion	Inspect Wearables Class	2026-07-16T08:05:30.6651993Z   inflating: classes_out/com/facebook/secure/switchoff/DefaultSwitchOffs$LoadingIntentSwitchOff.class  
Build & Test Android Companion	Inspect Wearables Class	2026-07-16T08:05:30.6653720Z   inflating: classes_out/com/facebook/secure/switchoff/DefaultSwitchOffs.class  
Build & Test Android Companion	Inspect Wearables Class	2026-07-16T08:05:30.6655182Z   inflating: classes_out/com/facebook/secure/switchoff/IntentCriteria.class  
Build & Test Android Companion	Inspect Wearables Class	2026-07-16T08:05:30.6656791Z   inflating: classes_out/com/facebook/secure/switchoff/IntentFieldMatcher.class  
Build & Test Android Companion	Inspect Wearables Class	2026-07-16T08:05:30.6658315Z   inflating: classes_out/com/facebook/secure/switchoff/IntentMatcher.class  
Build & Test Android Companion	Inspect Wearables Class	2026-07-16T08:05:30.6659434Z   inflating: classes_out/com/facebook/secure/switchoff/IntentSwitchOff$Config.class  
Build & Test Android Companion	Inspect Wearables Class	2026-07-16T08:05:30.6660508Z   inflating: classes_out/com/facebook/secure/switchoff/IntentSwitchOff.class  
Build & Test Android Companion	Inspect Wearables Class	2026-07-16T08:05:30.6661703Z   inflating: classes_out/com/facebook/secure/switchoff/IntentSwitchOffBaseConfig.class  
Build & Test Android Companion	Inspect Wearables Class	2026-07-16T08:05:30.6662761Z   inflating: classes_out/com/facebook/secure/switchoff/RegexWithNegation.class  
Build & Test Android Companion	Inspect Wearables Class	2026-07-16T08:05:30.6664287Z   inflating: classes_out/com/facebook/secure/switchoff/UriMatcher.class  
Build & Test Android Companion	Inspect Wearables Class	2026-07-16T08:05:30.6666343Z   inflating: classes_out/com/facebook/secure/trustboundary/DebugExpectedAppIdentityUpdater.class  
Build & Test Android Companion	Inspect Wearables Class	2026-07-16T08:05:30.6667511Z   inflating: classes_out/com/facebook/secure/trustboundary/ExpectedAppCertificateHash$Companion.class  
Build & Test Android Companion	Inspect Wearables Class	2026-07-16T08:05:30.6668697Z   inflating: classes_out/com/facebook/secure/trustboundary/ExpectedAppCertificateHash.class  
Build & Test Android Companion	Inspect Wearables Class	2026-07-16T08:05:30.6670052Z   inflating: classes_out/com/facebook/secure/trustboundary/ExpectedAppIdentity$certificateHashesBase64$2.class  
Build & Test Android Companion	Inspect Wearables Class	2026-07-16T08:05:30.6671326Z   inflating: classes_out/com/facebook/secure/trustboundary/ExpectedAppIdentity.class  
Build & Test Android Companion	Inspect Wearables Class	2026-07-16T08:05:30.6672907Z   inflating: classes_out/com/facebook/secure/trustboundary/ExpectedAppIdentityTrustBoundary.class  
Build & Test Android Companion	Inspect Wearables Class	2026-07-16T08:05:30.6678002Z   inflating: classes_out/com/facebook/secure/trustboundary/ExpectedAppIdentityUpdater$DefaultImpls.class  
Build & Test Android Companion	Inspect Wearables Class	2026-07-16T08:05:30.6678653Z   inflating: classes_out/com/facebook/secure/trustboundary/ExpectedAppIdentityUpdater.class  
Build & Test Android Companion	Inspect Wearables Class	2026-07-16T08:05:30.6679272Z   inflating: classes_out/com/facebook/secure/trustboundary/TrustBoundaries.class  
Build & Test Android Companion	Inspect Wearables Class	2026-07-16T08:05:30.6680166Z   inflating: classes_out/com/facebook/secure/trustboundary/TrustBoundariesBuilder$debugExpectedAppIdentityUpdater$2.class  
Build & Test Android Companion	Inspect Wearables Class	2026-07-16T08:05:30.6680860Z   inflating: classes_out/com/facebook/secure/trustboundary/TrustBoundariesBuilder.class  
Build & Test Android Companion	Inspect Wearables Class	2026-07-16T08:05:30.6681523Z   inflating: classes_out/com/facebook/secure/trustboundary/TrustBoundariesException.class  
Build & Test Android Companion	Inspect Wearables Class	2026-07-16T08:05:30.6682106Z   inflating: classes_out/com/facebook/secure/trustboundary/TrustBoundary.class  
Build & Test Android Companion	Inspect Wearables Class	2026-07-16T08:05:30.6682665Z   inflating: classes_out/com/facebook/secure/trustboundary/TrustBoundaryResult.class  
Build & Test Android Companion	Inspect Wearables Class	2026-07-16T08:05:30.6683566Z   inflating: classes_out/com/facebook/secure/a/a.class  
Build & Test Android Companion	Inspect Wearables Class	2026-07-16T08:05:30.6684044Z   inflating: classes_out/com/facebook/secure/a/b.class  
Build & Test Android Companion	Inspect Wearables Class	2026-07-16T08:05:30.6684682Z   inflating: classes_out/com/facebook/secure/a/c$a.class  
Build & Test Android Companion	Inspect Wearables Class	2026-07-16T08:05:30.6685347Z   inflating: classes_out/com/facebook/secure/a/c.class  
Build & Test Android Companion	Inspect Wearables Class	2026-07-16T08:05:30.6687368Z   inflating: classes_out/com/facebook/secure/a/d.class  
Build & Test Android Companion	Inspect Wearables Class	2026-07-16T08:05:30.6688437Z   inflating: classes_out/com/facebook/secure/a/e.class  
Build & Test Android Companion	Inspect Wearables Class	2026-07-16T08:05:30.6689656Z   inflating: classes_out/com/facebook/secure/a/f.class  
Build & Test Android Companion	Inspect Wearables Class	2026-07-16T08:05:30.6691380Z   inflating: classes_out/com/facebook/secure/a/g.class  
Build & Test Android Companion	Inspect Wearables Class	2026-07-16T08:05:30.6692640Z   inflating: classes_out/com/facebook/secure/a/h.class  
Build & Test Android Companion	Inspect Wearables Class	2026-07-16T08:05:30.6693847Z   inflating: classes_out/com/facebook/secure/a/i$a.class  
Build & Test Android Companion	Inspect Wearables Class	2026-07-16T08:05:30.6715778Z   inflating: classes_out/com/facebook/secure/a/i.class  
Build & Test Android Companion	Inspect Wearables Class	2026-07-16T08:05:30.6716058Z   inflating: classes_out/com/facebook/secure/a/j.class  
Build & Test Android Companion	Inspect Wearables Class	2026-07-16T08:05:30.6716331Z   inflating: classes_out/com/facebook/secure/a/k.class  
Build & Test Android Companion	Inspect Wearables Class	2026-07-16T08:05:30.6716550Z   inflating: classes_out/com/facebook/secure/a/l.class  
Build & Test Android Companion	Inspect Wearables Class	2026-07-16T08:05:30.6716772Z   inflating: classes_out/com/facebook/secure/a/m.class  
Build & Test Android Companion	Inspect Wearables Class	2026-07-16T08:05:30.6716995Z   inflating: classes_out/com/facebook/secure/a/n.class  
Build & Test Android Companion	Inspect Wearables Class	2026-07-16T08:05:30.6717204Z   inflating: classes_out/com/facebook/secure/a/o.class  
Build & Test Android Companion	Inspect Wearables Class	2026-07-16T08:05:30.6717365Z   inflating: classes_out/com/facebook/secure/a/p.class  
Build & Test Android Companion	Inspect Wearables Class	2026-07-16T08:05:30.6717510Z   inflating: classes_out/com/facebook/secure/a/q.class  
Build & Test Android Companion	Inspect Wearables Class	2026-07-16T08:05:30.6717656Z   inflating: classes_out/com/facebook/secure/a/r$a.class  
Build & Test Android Companion	Inspect Wearables Class	2026-07-16T08:05:30.6717794Z   inflating: classes_out/com/facebook/secure/a/r.class  
Build & Test Android Companion	Inspect Wearables Class	2026-07-16T08:05:30.6717931Z   inflating: classes_out/com/facebook/secure/a/a/a.class  
Build & Test Android Companion	Inspect Wearables Class	2026-07-16T08:05:30.6718069Z   inflating: classes_out/com/facebook/secure/a/b/a.class  
Build & Test Android Companion	Inspect Wearables Class	2026-07-16T08:05:30.6718208Z   inflating: classes_out/com/facebook/secure/a/c/a.class  
Build & Test Android Companion	Inspect Wearables Class	2026-07-16T08:05:30.6718346Z   inflating: classes_out/com/facebook/secure/a/c/b.class  
Build & Test Android Companion	Inspect Wearables Class	2026-07-16T08:05:30.6718489Z   inflating: classes_out/com/facebook/secure/a/c/c$1.class  
Build & Test Android Companion	Inspect Wearables Class	2026-07-16T08:05:30.6718635Z   inflating: classes_out/com/facebook/secure/a/c/c$2.class  
Build & Test Android Companion	Inspect Wearables Class	2026-07-16T08:05:30.6718772Z   inflating: classes_out/com/facebook/secure/a/c/c$3.class  
Build & Test Android Companion	Inspect Wearables Class	2026-07-16T08:05:30.6718911Z   inflating: classes_out/com/facebook/secure/a/c/c.class  
Build & Test Android Companion	Inspect Wearables Class	2026-07-16T08:05:30.6719050Z   inflating: classes_out/com/facebook/secure/a/c/d.class  
Build & Test Android Companion	Inspect Wearables Class	2026-07-16T08:05:30.6719179Z   inflating: classes_out/com/facebook/secure/a/c/e.class  
Build & Test Android Companion	Inspect Wearables Class	2026-07-16T08:05:30.6720080Z   inflating: classes_out/com/facebook/secure/a/d/a.class  
Build & Test Android Companion	Inspect Wearables Class	2026-07-16T08:05:30.6720396Z   inflating: classes_out/com/facebook/secure/a/d/b.class  
Build & Test Android Companion	Inspect Wearables Class	2026-07-16T08:05:30.6720671Z   inflating: classes_out/com/facebook/secure/a/d/c.class  
Build & Test Android Companion	Inspect Wearables Class	2026-07-16T08:05:30.6720921Z   inflating: classes_out/com/facebook/secure/a/d/d.class  
Build & Test Android Companion	Inspect Wearables Class	2026-07-16T08:05:30.6722732Z   inflating: classes_out/com/facebook/secure/a/d/e.class  
Build & Test Android Companion	Inspect Wearables Class	2026-07-16T08:05:30.6723063Z   inflating: classes_out/com/facebook/secure/a/d/f.class  
Build & Test Android Companion	Inspect Wearables Class	2026-07-16T08:05:30.6728833Z   inflating: classes_out/com/facebook/secure/a/e/a$a.class  
Build & Test Android Companion	Inspect Wearables Class	2026-07-16T08:05:30.6735973Z   inflating: classes_out/com/facebook/secure/a/e/a.class  
Build & Test Android Companion	Inspect Wearables Class	2026-07-16T08:05:30.6741998Z   inflating: classes_out/com/facebook/secure/a/e/b$a.class  
Build & Test Android Companion	Inspect Wearables Class	2026-07-16T08:05:30.6743887Z   inflating: classes_out/com/facebook/secure/a/e/b.class  
Build & Test Android Companion	Inspect Wearables Class	2026-07-16T08:05:30.6764179Z   inflating: classes_out/com/facebook/secure/a/f/a.class  
Build & Test Android Companion	Inspect Wearables Class	2026-07-16T08:05:30.6784367Z   inflating: classes_out/com/facebook/secure/a/g/a.class  
Build & Test Android Companion	Inspect Wearables Class	2026-07-16T08:05:30.6784785Z   inflating: classes_out/com/facebook/secure/a/g/b.class  
Build & Test Android Companion	Inspect Wearables Class	2026-07-16T08:05:30.6785377Z   inflating: classes_out/com/facebook/secure/urifilter/AndUriFilter.class  
Build & Test Android Companion	Inspect Wearables Class	2026-07-16T08:05:30.6786004Z   inflating: classes_out/com/facebook/secure/urifilter/BasicUriFilter$ListType.class  
Build & Test Android Companion	Inspect Wearables Class	2026-07-16T08:05:30.6786753Z   inflating: classes_out/com/facebook/secure/urifilter/BasicUriFilter.class  
Build & Test Android Companion	Inspect Wearables Class	2026-07-16T08:05:30.6787302Z   inflating: classes_out/com/facebook/secure/urifilter/ContextFilter.class  
Build & Test Android Companion	Inspect Wearables Class	2026-07-16T08:05:30.6787847Z   inflating: classes_out/com/facebook/secure/urifilter/NotUriFilter.class  
Build & Test Android Companion	Inspect Wearables Class	2026-07-16T08:05:30.6788406Z   inflating: classes_out/com/facebook/secure/urifilter/PathUriFilter.class  
Build & Test Android Companion	Inspect Wearables Class	2026-07-16T08:05:30.6788923Z   inflating: classes_out/com/facebook/secure/urifilter/UriFilter.class  
Build & Test Android Companion	Inspect Wearables Class	2026-07-16T08:05:30.6789457Z   inflating: classes_out/com/facebook/secure/urifilter/UriFilters$1.class  
Build & Test Android Companion	Inspect Wearables Class	2026-07-16T08:05:30.6790073Z   inflating: classes_out/com/facebook/secure/urifilter/UriFilters$BasicBuilder.class  
Build & Test Android Companion	Inspect Wearables Class	2026-07-16T08:05:30.6790679Z   inflating: classes_out/com/facebook/secure/urifilter/UriFilters$HostFilter.class  
Build & Test Android Companion	Inspect Wearables Class	2026-07-16T08:05:30.6791227Z   inflating: classes_out/com/facebook/secure/urifilter/UriFilters$NoHostFilter.class  
Build & Test Android Companion	Inspect Wearables Class	2026-07-16T08:05:30.6791932Z   inflating: classes_out/com/facebook/secure/urifilter/UriFilters$StringParameterUriFilter.class  
Build & Test Android Companion	Inspect Wearables Class	2026-07-16T08:05:30.6792646Z   inflating: classes_out/com/facebook/secure/urifilter/UriFilters$UriParameterUriFilter.class  
Build & Test Android Companion	Inspect Wearables Class	2026-07-16T08:05:30.6793194Z   inflating: classes_out/com/facebook/secure/urifilter/UriFilters.class  
Build & Test Android Companion	Inspect Wearables Class	2026-07-16T08:05:30.6794086Z   inflating: classes_out/com/facebook/secure/uriparser/InvalidURIDataSanitizer.class  
Build & Test Android Companion	Inspect Wearables Class	2026-07-16T08:05:30.6794623Z   inflating: classes_out/com/facebook/secure/uriparser/RFC3986Utils.class  
Build & Test Android Companion	Inspect Wearables Class	2026-07-16T08:05:30.6795249Z   inflating: classes_out/com/facebook/secure/uriparser/SecureUriParser$ValidationCache.class  
Build & Test Android Companion	Inspect Wearables Class	2026-07-16T08:05:30.6795824Z   inflating: classes_out/com/facebook/secure/uriparser/SecureUriParser.class  
Build & Test Android Companion	Inspect Wearables Class	2026-07-16T08:05:30.6796365Z   inflating: classes_out/com/facebook/secure/uriparser/ValidatingUri$1.class  
Build & Test Android Companion	Inspect Wearables Class	2026-07-16T08:05:30.6797011Z   inflating: classes_out/com/facebook/secure/uriparser/ValidatingUri$EncodedString.class  
Build & Test Android Companion	Inspect Wearables Class	2026-07-16T08:05:30.6797673Z   inflating: classes_out/com/facebook/secure/uriparser/ValidatingUri$ParsingResult.class  
Build & Test Android Companion	Inspect Wearables Class	2026-07-16T08:05:30.6798252Z   inflating: classes_out/com/facebook/secure/uriparser/ValidatingUri.class  
Build & Test Android Companion	Inspect Wearables Class	2026-07-16T08:05:30.6798873Z   inflating: classes_out/com/facebook/secure/uriparser/ValidatingUriAuthority.class  
Build & Test Android Companion	Inspect Wearables Class	2026-07-16T08:05:30.6799583Z   inflating: classes_out/com/facebook/secure/uriparser/ValidatingUriAuthorityException.class  
Build & Test Android Companion	Inspect Wearables Class	2026-07-16T08:05:30.6800185Z   inflating: classes_out/com/facebook/secure/uriparser/ValidatingUriException.class  
Build & Test Android Companion	Inspect Wearables Class	2026-07-16T08:05:30.6800783Z   inflating: classes_out/com/facebook/secure/uriparser/ValidatingUriFlags.class  
Build & Test Android Companion	Inspect Wearables Class	2026-07-16T08:05:30.6801345Z   inflating: classes_out/com/facebook/storage/attribution/BadStorageUse.class  
Build & Test Android Companion	Inspect Wearables Class	2026-07-16T08:05:30.6801863Z   inflating: classes_out/com/facebook/storage/attribution/Infra.class  
Build & Test Android Companion	Inspect Wearables Class	2026-07-16T08:05:30.6802398Z   inflating: classes_out/com/facebook/storage/attribution/Location.class  
Build & Test Android Companion	Inspect Wearables Class	2026-07-16T08:05:30.6802901Z   inflating: classes_out/com/facebook/storage/attribution/Path.class  
Build & Test Android Companion	Inspect Wearables Class	2026-07-16T08:05:30.6803831Z   inflating: classes_out/com/facebook/storage/attribution/Reason.class  
Build & Test Android Companion	Inspect Wearables Class	2026-07-16T08:05:30.6804416Z   inflating: classes_out/com/facebook/storage/attribution/UsesStorage.class  
Build & Test Android Companion	Inspect Wearables Class	2026-07-16T08:05:30.6805070Z   inflating: classes_out/com/facebook/storage/config/typed/ApplicationTypeConfig.class  
Build & Test Android Companion	Inspect Wearables Class	2026-07-16T08:05:30.6805690Z   inflating: classes_out/com/facebook/storage/config/typed/StorageConfigScope.class  
Build & Test Android Companion	Inspect Wearables Class	2026-07-16T08:05:30.6806296Z   inflating: classes_out/com/facebook/storage/config/typed/TypedStorageConfig.class  
Build & Test Android Companion	Inspect Wearables Class	2026-07-16T08:05:30.6806858Z   inflating: classes_out/com/facebook/storage/config/typed/UserTypeConfig.class  
Build & Test Android Companion	Inspect Wearables Class	2026-07-16T08:05:30.6807351Z   inflating: classes_out/com/facebook/wearable/airbridge/AirBridge$Companion.class  
Build & Test Android Companion	Inspect Wearables Class	2026-07-16T08:05:30.6807876Z   inflating: classes_out/com/facebook/wearable/airbridge/AirBridge.class  
Build & Test Android Companion	Inspect Wearables Class	2026-07-16T08:05:30.6808436Z   inflating: classes_out/com/facebook/wearable/airbridge/AirBridgeApi.class  
Build & Test Android Companion	Inspect Wearables Class	2026-07-16T08:05:30.6809228Z   inflating: classes_out/com/facebook/wearable/airbridge/JniHell$Companion.class  
Build & Test Android Companion	Inspect Wearables Class	2026-07-16T08:05:30.6809764Z   inflating: classes_out/com/facebook/wearable/airbridge/JniHell.class  
Build & Test Android Companion	Inspect Wearables Class	2026-07-16T08:05:30.6810301Z   inflating: classes_out/com/facebook/wearable/airbridge/JniLoader.class  
Build & Test Android Companion	Inspect Wearables Class	2026-07-16T08:05:30.6810822Z   inflating: classes_out/com/facebook/wearable/airshield/JniLoader.class  
Build & Test Android Companion	Inspect Wearables Class	2026-07-16T08:05:30.6811579Z   inflating: classes_out/com/facebook/wearable/airshield/authservice/AirshieldUserData$Companion.class  
Build & Test Android Companion	Inspect Wearables Class	2026-07-16T08:05:30.6812250Z   inflating: classes_out/com/facebook/wearable/airshield/authservice/AirshieldUserData.class  
Build & Test Android Companion	Inspect Wearables Class	2026-07-16T08:05:30.6812999Z   inflating: classes_out/com/facebook/wearable/airshield/securer/EndLinkSetupMessage$Companion.class  
Build & Test Android Companion	Inspect Wearables Class	2026-07-16T08:05:30.6813890Z   inflating: classes_out/com/facebook/wearable/airshield/securer/EndLinkSetupMessage.class  
Build & Test Android Companion	Inspect Wearables Class	2026-07-16T08:05:30.6814579Z   inflating: classes_out/com/facebook/wearable/airshield/securer/Preamble$Companion.class  
Build & Test Android Companion	Inspect Wearables Class	2026-07-16T08:05:30.6815156Z   inflating: classes_out/com/facebook/wearable/airshield/securer/Preamble.class  
Build & Test Android Companion	Inspect Wearables Class	2026-07-16T08:05:30.6815773Z   inflating: classes_out/com/facebook/wearable/airshield/securer/ReceiveResult.class  
Build & Test Android Companion	Inspect Wearables Class	2026-07-16T08:05:30.6816369Z   inflating: classes_out/com/facebook/wearable/airshield/securer/RelayStream.class  
Build & Test Android Companion	Inspect Wearables Class	2026-07-16T08:05:30.6817070Z   inflating: classes_out/com/facebook/wearable/airshield/securer/RelayStreamImpl$Companion.class  
Build & Test Android Companion	Inspect Wearables Class	2026-07-16T08:05:30.6817717Z   inflating: classes_out/com/facebook/wearable/airshield/securer/RelayStreamImpl.class  
Build & Test Android Companion	Inspect Wearables Class	2026-07-16T08:05:30.6818353Z   inflating: classes_out/com/facebook/wearable/airshield/securer/Stream$Companion.class  
Build & Test Android Companion	Inspect Wearables Class	2026-07-16T08:05:30.6819006Z   inflating: classes_out/com/facebook/wearable/airshield/securer/Stream$toHexString$1.class  
Build & Test Android Companion	Inspect Wearables Class	2026-07-16T08:05:30.6819571Z   inflating: classes_out/com/facebook/wearable/airshield/securer/Stream.class  
Build & Test Android Companion	Inspect Wearables Class	2026-07-16T08:05:30.6820196Z   inflating: classes_out/com/facebook/wearable/airshield/securer/StreamCommand.class  
Build & Test Android Companion	Inspect Wearables Class	2026-07-16T08:05:30.6820855Z   inflating: classes_out/com/facebook/wearable/airshield/securer/StreamError$Companion.class  
Build & Test Android Companion	Inspect Wearables Class	2026-07-16T08:05:30.6821482Z   inflating: classes_out/com/facebook/wearable/airshield/securer/StreamError.class  
Build & Test Android Companion	Inspect Wearables Class	2026-07-16T08:05:30.6822181Z   inflating: classes_out/com/facebook/wearable/airshield/securer/StreamSecurer$DefaultImpls.class  
Build & Test Android Companion	Inspect Wearables Class	2026-07-16T08:05:30.6822792Z   inflating: classes_out/com/facebook/wearable/airshield/securer/StreamSecurer.class  
Build & Test Android Companion	Inspect Wearables Class	2026-07-16T08:05:30.6823746Z   inflating: classes_out/com/facebook/wearable/airshield/securer/StreamSecurerError$Companion.class  
Build & Test Android Companion	Inspect Wearables Class	2026-07-16T08:05:30.6824442Z   inflating: classes_out/com/facebook/wearable/airshield/securer/StreamSecurerError.class  
Build & Test Android Companion	Inspect Wearables Class	2026-07-16T08:05:30.6825133Z   inflating: classes_out/com/facebook/wearable/airshield/securer/StreamSecurerException.class  
Build & Test Android Companion	Inspect Wearables Class	2026-07-16T08:05:30.6825863Z   inflating: classes_out/com/facebook/wearable/airshield/securer/StreamSecurerImpl$Companion.class  
Build & Test Android Companion	Inspect Wearables Class	2026-07-16T08:05:30.6826788Z   inflating: classes_out/com/facebook/wearable/airshield/securer/StreamSecurerImpl$WhenMappings.class  
Build & Test Android Companion	Inspect Wearables Class	2026-07-16T08:05:30.6827441Z   inflating: classes_out/com/facebook/wearable/airshield/securer/StreamSecurerImpl.class  
Build & Test Android Companion	Inspect Wearables Class	2026-07-16T08:05:30.6828094Z   inflating: classes_out/com/facebook/wearable/airshield/securer/StreamSecurerImplKt.class  
Build & Test Android Companion	Inspect Wearables Class	2026-07-16T08:05:30.6828737Z   inflating: classes_out/com/facebook/wearable/airshield/security/Cipher$Companion.class  
Build & Test Android Companion	Inspect Wearables Class	2026-07-16T08:05:30.6829373Z   inflating: classes_out/com/facebook/wearable/airshield/security/Cipher$Operation.class  
Build & Test Android Companion	Inspect Wearables Class	2026-07-16T08:05:30.6829940Z   inflating: classes_out/com/facebook/wearable/airshield/security/Cipher.class  
Build & Test Android Companion	Inspect Wearables Class	2026-07-16T08:05:30.6830537Z   inflating: classes_out/com/facebook/wearable/airshield/security/CipherKt.class  
Build & Test Android Companion	Inspect Wearables Class	2026-07-16T08:05:30.6831133Z   inflating: classes_out/com/facebook/wearable/airshield/security/Hash$Companion.class  
Build & Test Android Companion	Inspect Wearables Class	2026-07-16T08:05:30.6831951Z   inflating: classes_out/com/facebook/wearable/airshield/security/Hash.class  
Build & Test Android Companion	Inspect Wearables Class	2026-07-16T08:05:30.6832571Z   inflating: classes_out/com/facebook/wearable/airshield/security/Hint$Companion.class  
Build & Test Android Companion	Inspect Wearables Class	2026-07-16T08:05:30.6833148Z   inflating: classes_out/com/facebook/wearable/airshield/security/Hint.class  
Build & Test Android Companion	Inspect Wearables Class	2026-07-16T08:05:30.6834032Z   inflating: classes_out/com/facebook/wearable/airshield/security/HintMatcher$Companion.class  
Build & Test Android Companion	Inspect Wearables Class	2026-07-16T08:05:30.6834590Z   inflating: classes_out/com/facebook/wearable/airshield/security/HintMatcher.class  
Build & Test Android Companion	Inspect Wearables Class	2026-07-16T08:05:30.6835353Z   inflating: classes_out/com/facebook/wearable/airshield/security/InitializationVector$Companion.class  
Build & Test Android Companion	Inspect Wearables Class	2026-07-16T08:05:30.6836067Z   inflating: classes_out/com/facebook/wearable/airshield/security/InitializationVector.class  
Build & Test Android Companion	Inspect Wearables Class	2026-07-16T08:05:30.6836750Z   inflating: classes_out/com/facebook/wearable/airshield/security/PrivateKey$Companion.class  
Build & Test Android Companion	Inspect Wearables Class	2026-07-16T08:05:30.6837364Z   inflating: classes_out/com/facebook/wearable/airshield/security/PrivateKey.class  
Build & Test Android Companion	Inspect Wearables Class	2026-07-16T08:05:30.6837990Z   inflating: classes_out/com/facebook/wearable/airshield/security/PrivateKeyKt.class  
Build & Test Android Companion	Inspect Wearables Class	2026-07-16T08:05:30.6838647Z   inflating: classes_out/com/facebook/wearable/airshield/security/PublicKey$Companion.class  
Build & Test Android Companion	Inspect Wearables Class	2026-07-16T08:05:30.6839260Z   inflating: classes_out/com/facebook/wearable/airshield/security/PublicKey.class  
Build & Test Android Companion	Inspect Wearables Class	2026-07-16T08:05:30.6839939Z   inflating: classes_out/com/facebook/wearable/airshield/security/Random$Companion$instance$1.class  
Build & Test Android Companion	Inspect Wearables Class	2026-07-16T08:05:30.6840583Z   inflating: classes_out/com/facebook/wearable/airshield/security/Random$Companion.class  
Build & Test Android Companion	Inspect Wearables Class	2026-07-16T08:05:30.6841151Z   inflating: classes_out/com/facebook/wearable/airshield/security/Random.class  
Build & Test Android Companion	Inspect Wearables Class	2026-07-16T08:05:30.6841834Z   inflating: classes_out/com/facebook/wearable/airshield/security/Signature$Companion.class  
Build & Test Android Companion	Inspect Wearables Class	2026-07-16T08:05:30.6842437Z   inflating: classes_out/com/facebook/wearable/airshield/security/Signature.class  
Build & Test Android Companion	Inspect Wearables Class	2026-07-16T08:05:30.6843209Z   inflating: classes_out/com/facebook/wearable/airshield/stream/CipherBuilder$Companion.class  
Build & Test Android Companion	Inspect Wearables Class	2026-07-16T08:05:30.6844083Z   inflating: classes_out/com/facebook/wearable/airshield/stream/CipherBuilder.class  
Build & Test Android Companion	Inspect Wearables Class	2026-07-16T08:05:30.6844821Z   inflating: classes_out/com/facebook/wearable/airshield/stream/CipherBuilderKt$buildCipher$1.class  
Build & Test Android Companion	Inspect Wearables Class	2026-07-16T08:05:30.6845506Z   inflating: classes_out/com/facebook/wearable/airshield/stream/CipherBuilderKt.class  
Build & Test Android Companion	Inspect Wearables Class	2026-07-16T08:05:30.6846150Z   inflating: classes_out/com/facebook/wearable/airshield/stream/Framing$Companion.class  
Build & Test Android Companion	Inspect Wearables Class	2026-07-16T08:05:30.6846845Z   inflating: classes_out/com/facebook/wearable/airshield/stream/Framing$Error$Companion.class  
Build & Test Android Companion	Inspect Wearables Class	2026-07-16T08:05:30.6847450Z   inflating: classes_out/com/facebook/wearable/airshield/stream/Framing$Error.class  
Build & Test Android Companion	Inspect Wearables Class	2026-07-16T08:05:30.6848028Z   inflating: classes_out/com/facebook/wearable/airshield/stream/Framing.class  
Build & Test Android Companion	Inspect Wearables Class	2026-07-16T08:05:30.6848621Z   inflating: classes_out/com/facebook/wearable/common/threading/ThreadUtil.class  
Build & Test Android Companion	Inspect Wearables Class	2026-07-16T08:05:30.6849715Z   inflating: classes_out/com/facebook/wearable/companion/connectivity/interfaces/data/wifi/WifiOverrideConfiguration.class  
Build & Test Android Companion	Inspect Wearables Class	2026-07-16T08:05:30.6850524Z   inflating: classes_out/com/facebook/wearable/connectivity/bluetooth/gattreader2/ConnectionState.class  
Build & Test Android Companion	Inspect Wearables Class	2026-07-16T08:05:30.6851401Z   inflating: classes_out/com/facebook/wearable/connectivity/bluetooth/gattreader2/GattError$CharacteristicNotFound.class  
Build & Test Android Companion	Inspect Wearables Class	2026-07-16T08:05:30.6852308Z   inflating: classes_out/com/facebook/wearable/connectivity/bluetooth/gattreader2/GattError$CharacteristicNotMatching.class  
Build & Test Android Companion	Inspect Wearables Class	2026-07-16T08:05:30.6853147Z   inflating: classes_out/com/facebook/wearable/connectivity/bluetooth/gattreader2/GattError$ConnectTimeout.class  
Build & Test Android Companion	Inspect Wearables Class	2026-07-16T08:05:30.6854274Z   inflating: classes_out/com/facebook/wearable/connectivity/bluetooth/gattreader2/GattError$GattDisconnected.class  
Build & Test Android Companion	Inspect Wearables Class	2026-07-16T08:05:30.6855055Z   inflating: classes_out/com/facebook/wearable/connectivity/bluetooth/gattreader2/GattError$GattOperationError.class  
Build & Test Android Companion	Inspect Wearables Class	2026-07-16T08:05:30.6856003Z   inflating: classes_out/com/facebook/wearable/connectivity/bluetooth/gattreader2/GattError$MtuTimeout.class  
Build & Test Android Companion	Inspect Wearables Class	2026-07-16T08:05:30.6856738Z   inflating: classes_out/com/facebook/wearable/connectivity/bluetooth/gattreader2/GattError$NullGatt.class  
Build & Test Android Companion	Inspect Wearables Class	2026-07-16T08:05:30.6857520Z   inflating: classes_out/com/facebook/wearable/connectivity/bluetooth/gattreader2/GattError$NullResponse.class  
Build & Test Android Companion	Inspect Wearables Class	2026-07-16T08:05:30.6874473Z   inflating: classes_out/com/facebook/wearable/connectivity/bluetooth/gattreader2/GattError$PSMParseError.class  
Build & Test Android Companion	Inspect Wearables Class	2026-07-16T08:05:30.6894350Z   inflating: classes_out/com/facebook/wearable/connectivity/bluetooth/gattreader2/GattError$PhyUpdateTimeout.class  
Build & Test Android Companion	Inspect Wearables Class	2026-07-16T08:05:30.6895341Z   inflating: classes_out/com/facebook/wearable/connectivity/bluetooth/gattreader2/GattError$ReadCharacteristicTimeout.class  
Build & Test Android Companion	Inspect Wearables Class	2026-07-16T08:05:30.6914609Z   inflating: classes_out/com/facebook/wearable/connectivity/bluetooth/gattreader2/GattError$ReadRemoteRssiTimeout.class  
Build & Test Android Companion	Inspect Wearables Class	2026-07-16T08:05:30.6934692Z   inflating: classes_out/com/facebook/wearable/connectivity/bluetooth/gattreader2/GattError$ServiceDiscoveryTimeout.class  
Build & Test Android Companion	Inspect Wearables Class	2026-07-16T08:05:30.6954529Z   inflating: classes_out/com/facebook/wearable/connectivity/bluetooth/gattreader2/GattError$ServiceNotFound.class  
Build & Test Android Companion	Inspect Wearables Class	2026-07-16T08:05:30.6955508Z   inflating: classes_out/com/facebook/wearable/connectivity/bluetooth/gattreader2/GattError$UnableToExecuteOperation.class  
Build & Test Android Companion	Inspect Wearables Class	2026-07-16T08:05:30.6974590Z   inflating: classes_out/com/facebook/wearable/connectivity/bluetooth/gattreader2/GattError$UnsupportedOperation.class  
Build & Test Android Companion	Inspect Wearables Class	2026-07-16T08:05:30.6994374Z   inflating: classes_out/com/facebook/wearable/connectivity/bluetooth/gattreader2/GattError.class  
Build & Test Android Companion	Inspect Wearables Class	2026-07-16T08:05:30.7014534Z   inflating: classes_out/com/facebook/wearable/connectivity/bluetooth/gattreader2/GattEvent$OnCharacteristicRead.class  
Build & Test Android Companion	Inspect Wearables Class	2026-07-16T08:05:30.7015500Z   inflating: classes_out/com/facebook/wearable/connectivity/bluetooth/gattreader2/GattEvent$OnConnectionStateChanged.class  
Build & Test Android Companion	Inspect Wearables Class	2026-07-16T08:05:30.7034473Z   inflating: classes_out/com/facebook/wearable/connectivity/bluetooth/gattreader2/GattEvent$OnMtuChanged.class  
Build & Test Android Companion	Inspect Wearables Class	2026-07-16T08:05:30.7054476Z   inflating: classes_out/com/facebook/wearable/connectivity/bluetooth/gattreader2/GattEvent$OnPhyUpdate.class  
Build & Test Android Companion	Inspect Wearables Class	2026-07-16T08:05:30.7074583Z   inflating: classes_out/com/facebook/wearable/connectivity/bluetooth/gattreader2/GattEvent$OnReadRemoteRssi.class  
Build & Test Android Companion	Inspect Wearables Class	2026-07-16T08:05:30.7075603Z   inflating: classes_out/com/facebook/wearable/connectivity/bluetooth/gattreader2/GattEvent$OnServicesDiscovered.class  
Build & Test Android Companion	Inspect Wearables Class	2026-07-16T08:05:30.7094437Z   inflating: classes_out/com/facebook/wearable/connectivity/bluetooth/gattreader2/GattEvent.class  
Build & Test Android Companion	Inspect Wearables Class	2026-07-16T08:05:30.7114528Z   inflating: classes_out/com/facebook/wearable/connectivity/bluetooth/gattreader2/GattEventKt$isCharacteristicRead$1.class  
Build & Test Android Companion	Inspect Wearables Class	2026-07-16T08:05:30.7134431Z   inflating: classes_out/com/facebook/wearable/connectivity/bluetooth/gattreader2/GattEventKt$isCharacteristicRead$2.class  
Build & Test Android Companion	Inspect Wearables Class	2026-07-16T08:05:30.7135629Z   inflating: classes_out/com/facebook/wearable/connectivity/bluetooth/gattreader2/GattEventKt$isDisconnection$1.class  
Build & Test Android Companion	Inspect Wearables Class	2026-07-16T08:05:30.7154557Z   inflating: classes_out/com/facebook/wearable/connectivity/bluetooth/gattreader2/GattEventKt$isDisconnection$2.class  
Build & Test Android Companion	Inspect Wearables Class	2026-07-16T08:05:30.7174564Z   inflating: classes_out/com/facebook/wearable/connectivity/bluetooth/gattreader2/GattEventKt$isMtuChanged$1.class  
Build & Test Android Companion	Inspect Wearables Class	2026-07-16T08:05:30.7194585Z   inflating: classes_out/com/facebook/wearable/connectivity/bluetooth/gattreader2/GattEventKt$isMtuChanged$2.class  
Build & Test Android Companion	Inspect Wearables Class	2026-07-16T08:05:30.7195527Z   inflating: classes_out/com/facebook/wearable/connectivity/bluetooth/gattreader2/GattEventKt$isPhyUpdate$1.class  
Build & Test Android Companion	Inspect Wearables Class	2026-07-16T08:05:30.7207293Z   inflating: classes_out/com/facebook/wearable/connectivity/bluetooth/gattreader2/GattEventKt$isPhyUpdate$2.class  
Build & Test Android Companion	Inspect Wearables Class	2026-07-16T08:05:30.7208264Z   inflating: classes_out/com/facebook/wearable/connectivity/bluetooth/gattreader2/GattEventKt$isReadRemoteRssi$1.class  
Build & Test Android Companion	Inspect Wearables Class	2026-07-16T08:05:30.7209461Z   inflating: classes_out/com/facebook/wearable/connectivity/bluetooth/gattreader2/GattEventKt$isReadRemoteRssi$2.class  
Build & Test Android Companion	Inspect Wearables Class	2026-07-16T08:05:30.7210412Z   inflating: classes_out/com/facebook/wearable/connectivity/bluetooth/gattreader2/GattEventKt$isServicesDiscovered$1.class  
Build & Test Android Companion	Inspect Wearables Class	2026-07-16T08:05:30.7224917Z   inflating: classes_out/com/facebook/wearable/connectivity/bluetooth/gattreader2/GattEventKt$isServicesDiscovered$2.class  
Build & Test Android Companion	Inspect Wearables Class	2026-07-16T08:05:30.7234624Z   inflating: classes_out/com/facebook/wearable/connectivity/bluetooth/gattreader2/GattEventKt$isTerminalConnectionStateChange$1.class  
Build & Test Android Companion	Inspect Wearables Class	2026-07-16T08:05:30.7254744Z   inflating: classes_out/com/facebook/wearable/connectivity/bluetooth/gattreader2/GattEventKt$isTerminalConnectionStateChange$2.class  
Build & Test Android Companion	Inspect Wearables Class	2026-07-16T08:05:30.7274566Z   inflating: classes_out/com/facebook/wearable/connectivity/bluetooth/gattreader2/GattEventKt.class  
Build & Test Android Companion	Inspect Wearables Class	2026-07-16T08:05:30.7294553Z   inflating: classes_out/com/facebook/wearable/connectivity/bluetooth/gattreader2/GattInterface$Companion.class  
Build & Test Android Companion	Inspect Wearables Class	2026-07-16T08:05:30.7295538Z   inflating: classes_out/com/facebook/wearable/connectivity/bluetooth/gattreader2/GattInterface$emitFailure$1.class  
Build & Test Android Companion	Inspect Wearables Class	2026-07-16T08:05:30.7314522Z   inflating: classes_out/com/facebook/wearable/connectivity/bluetooth/gattreader2/GattInterface$emitSuccess$1.class  
Build & Test Android Companion	Inspect Wearables Class	2026-07-16T08:05:30.7334588Z   inflating: classes_out/com/facebook/wearable/connectivity/bluetooth/gattreader2/GattInterface$onCharacteristicRead$1.class  
Build & Test Android Companion	Inspect Wearables Class	2026-07-16T08:05:30.7348619Z   inflating: classes_out/com/facebook/wearable/connectivity/bluetooth/gattreader2/GattInterface$onMtuChanged$1.class  
Build & Test Android Companion	Inspect Wearables Class	2026-07-16T08:05:30.7349433Z   inflating: classes_out/com/facebook/wearable/connectivity/bluetooth/gattreader2/GattInterface$onPhyUpdate$1.class  
Build & Test Android Companion	Inspect Wearables Class	2026-07-16T08:05:30.7350276Z   inflating: classes_out/com/facebook/wearable/connectivity/bluetooth/gattreader2/GattInterface$onReadRemoteRssi$1.class  
Build & Test Android Companion	Inspect Wearables Class	2026-07-16T08:05:30.7351159Z   inflating: classes_out/com/facebook/wearable/connectivity/bluetooth/gattreader2/GattInterface$onServicesDiscovered$1.class  
Build & Test Android Companion	Inspect Wearables Class	2026-07-16T08:05:30.7351885Z   inflating: classes_out/com/facebook/wearable/connectivity/bluetooth/gattreader2/GattInterface.class  
Build & Test Android Companion	Inspect Wearables Class	2026-07-16T08:05:30.7352640Z   inflating: classes_out/com/facebook/wearable/connectivity/bluetooth/gattreader2/GattReader2$Companion.class  
Build & Test Android Companion	Inspect Wearables Class	2026-07-16T08:05:30.7353788Z   inflating: classes_out/com/facebook/wearable/connectivity/bluetooth/gattreader2/GattReader2$connect$$inlined$filter$1$2$1.class  
Build & Test Android Companion	Inspect Wearables Class	2026-07-16T08:05:30.7354698Z   inflating: classes_out/com/facebook/wearable/connectivity/bluetooth/gattreader2/GattReader2$connect$$inlined$filter$1$2.class  
Build & Test Android Companion	Inspect Wearables Class	2026-07-16T08:05:30.7355611Z   inflating: classes_out/com/facebook/wearable/connectivity/bluetooth/gattreader2/GattReader2$connect$$inlined$filter$1.class  
Build & Test Android Companion	Inspect Wearables Class	2026-07-16T08:05:30.7356356Z   inflating: classes_out/com/facebook/wearable/connectivity/bluetooth/gattreader2/GattReader2$connect$1.class  
Build & Test Android Companion	Inspect Wearables Class	2026-07-16T08:05:30.7357089Z   inflating: classes_out/com/facebook/wearable/connectivity/bluetooth/gattreader2/GattReader2$connect$2.class  
Build & Test Android Companion	Inspect Wearables Class	2026-07-16T08:05:30.7358505Z   inflating: classes_out/com/facebook/wearable/connectivity/bluetooth/gattreader2/GattReader2$discoverServices$$inlined$filter$1$2$1.class  
Build & Test Android Companion	Inspect Wearables Class	2026-07-16T08:05:30.7359445Z   inflating: classes_out/com/facebook/wearable/connectivity/bluetooth/gattreader2/GattReader2$discoverServices$$inlined$filter$1$2.class  
Build & Test Android Companion	Inspect Wearables Class	2026-07-16T08:05:30.7360407Z   inflating: classes_out/com/facebook/wearable/connectivity/bluetooth/gattreader2/GattReader2$discoverServices$$inlined$filter$1.class  
Build & Test Android Companion	Inspect Wearables Class	2026-07-16T08:05:30.7361195Z   inflating: classes_out/com/facebook/wearable/connectivity/bluetooth/gattreader2/GattReader2$discoverServices$1.class  
Build & Test Android Companion	Inspect Wearables Class	2026-07-16T08:05:30.7362038Z   inflating: classes_out/com/facebook/wearable/connectivity/bluetooth/gattreader2/GattReader2$discoverServices$2.class  
Build & Test Android Companion	Inspect Wearables Class	2026-07-16T08:05:30.7362814Z   inflating: classes_out/com/facebook/wearable/connectivity/bluetooth/gattreader2/GattReader2$discoverServices$4.class  
Build & Test Android Companion	Inspect Wearables Class	2026-07-16T08:05:30.7364074Z   inflating: classes_out/com/facebook/wearable/connectivity/bluetooth/gattreader2/GattReader2$discoverServices$5.class  
Build & Test Android Companion	Inspect Wearables Class	2026-07-16T08:05:30.7364914Z   inflating: classes_out/com/facebook/wearable/connectivity/bluetooth/gattreader2/GattReader2$discoverServices$6.class  
Build & Test Android Companion	Inspect Wearables Class	2026-07-16T08:05:30.7365843Z   inflating: classes_out/com/facebook/wearable/connectivity/bluetooth/gattreader2/GattReader2$readCharacteristic$$inlined$filter$1$2$1.class  
Build & Test Android Companion	Inspect Wearables Class	2026-07-16T08:05:30.7366784Z   inflating: classes_out/com/facebook/wearable/connectivity/bluetooth/gattreader2/GattReader2$readCharacteristic$$inlined$filter$1$2.class  
Build & Test Android Companion	Inspect Wearables Class	2026-07-16T08:05:30.7367693Z   inflating: classes_out/com/facebook/wearable/connectivity/bluetooth/gattreader2/GattReader2$readCharacteristic$$inlined$filter$1.class  
Build & Test Android Companion	Inspect Wearables Class	2026-07-16T08:05:30.7368483Z   inflating: classes_out/com/facebook/wearable/connectivity/bluetooth/gattreader2/GattReader2$readCharacteristic$1.class  
Build & Test Android Companion	Inspect Wearables Class	2026-07-16T08:05:30.7369277Z   inflating: classes_out/com/facebook/wearable/connectivity/bluetooth/gattreader2/GattReader2$readCharacteristic$2.class  
Build & Test Android Companion	Inspect Wearables Class	2026-07-16T08:05:30.7370093Z   inflating: classes_out/com/facebook/wearable/connectivity/bluetooth/gattreader2/GattReader2$readCharacteristic$4.class  
Build & Test Android Companion	Inspect Wearables Class	2026-07-16T08:05:30.7370888Z   inflating: classes_out/com/facebook/wearable/connectivity/bluetooth/gattreader2/GattReader2$readCharacteristic$5.class  
Build & Test Android Companion	Inspect Wearables Class	2026-07-16T08:05:30.7371675Z   inflating: classes_out/com/facebook/wearable/connectivity/bluetooth/gattreader2/GattReader2$readCharacteristic$6.class  
Build & Test Android Companion	Inspect Wearables Class	2026-07-16T08:05:30.7372430Z   inflating: classes_out/com/facebook/wearable/connectivity/bluetooth/gattreader2/GattReader2$readRemoteRssi$1.class  
Build & Test Android Companion	Inspect Wearables Class	2026-07-16T08:05:30.7373194Z   inflating: classes_out/com/facebook/wearable/connectivity/bluetooth/gattreader2/GattReader2$readRemoteRssi$2.class  
Build & Test Android Companion	Inspect Wearables Class	2026-07-16T08:05:30.7374559Z   inflating: classes_out/com/facebook/wearable/connectivity/bluetooth/gattreader2/GattReader2$readRemoteRssiInternal$$inlined$filter$1$2$1.class  
Build & Test Android Companion	Inspect Wearables Class	2026-07-16T08:05:30.7375591Z   inflating: classes_out/com/facebook/wearable/connectivity/bluetooth/gattreader2/GattReader2$readRemoteRssiInternal$$inlined$filter$1$2.class  
Build & Test Android Companion	Inspect Wearables Class	2026-07-16T08:05:30.7376571Z   inflating: classes_out/com/facebook/wearable/connectivity/bluetooth/gattreader2/GattReader2$readRemoteRssiInternal$$inlined$filter$1.class  
Build & Test Android Companion	Inspect Wearables Class	2026-07-16T08:05:30.7377423Z   inflating: classes_out/com/facebook/wearable/connectivity/bluetooth/gattreader2/GattReader2$readRemoteRssiInternal$1.class  
Build & Test Android Companion	Inspect Wearables Class	2026-07-16T08:05:30.7378242Z   inflating: classes_out/com/facebook/wearable/connectivity/bluetooth/gattreader2/GattReader2$readRemoteRssiInternal$2.class  
Build & Test Android Companion	Inspect Wearables Class	2026-07-16T08:05:30.7379068Z   inflating: classes_out/com/facebook/wearable/connectivity/bluetooth/gattreader2/GattReader2$readRemoteRssiInternal$3.class  
Build & Test Android Companion	Inspect Wearables Class	2026-07-16T08:05:30.7379955Z   inflating: classes_out/com/facebook/wearable/connectivity/bluetooth/gattreader2/GattReader2$requestMtu$$inlined$filter$1$2$1.class  
Build & Test Android Companion	Inspect Wearables Class	2026-07-16T08:05:30.7380859Z   inflating: classes_out/com/facebook/wearable/connectivity/bluetooth/gattreader2/GattReader2$requestMtu$$inlined$filter$1$2.class  
Build & Test Android Companion	Inspect Wearables Class	2026-07-16T08:05:30.7381906Z   inflating: classes_out/com/facebook/wearable/connectivity/bluetooth/gattreader2/GattReader2$requestMtu$$inlined$filter$1.class  
Build & Test Android Companion	Inspect Wearables Class	2026-07-16T08:05:30.7382683Z   inflating: classes_out/com/facebook/wearable/connectivity/bluetooth/gattreader2/GattReader2$requestMtu$1.class  
Build & Test Android Companion	Inspect Wearables Class	2026-07-16T08:05:30.7383671Z   inflating: classes_out/com/facebook/wearable/connectivity/bluetooth/gattreader2/GattReader2$requestMtu$2.class  
Build & Test Android Companion	Inspect Wearables Class	2026-07-16T08:05:30.7384462Z   inflating: classes_out/com/facebook/wearable/connectivity/bluetooth/gattreader2/GattReader2$requestMtu$4.class  
Build & Test Android Companion	Inspect Wearables Class	2026-07-16T08:05:30.7385197Z   inflating: classes_out/com/facebook/wearable/connectivity/bluetooth/gattreader2/GattReader2$requestMtu$5.class  
Build & Test Android Companion	Inspect Wearables Class	2026-07-16T08:05:30.7385942Z   inflating: classes_out/com/facebook/wearable/connectivity/bluetooth/gattreader2/GattReader2$requestMtu$6.class  
Build & Test Android Companion	Inspect Wearables Class	2026-07-16T08:05:30.7387059Z   inflating: classes_out/com/facebook/wearable/connectivity/bluetooth/gattreader2/GattReader2$setPreferredPhy$$inlined$filter$1$2$1.class  
Build & Test Android Companion	Inspect Wearables Class	2026-07-16T08:05:30.7387976Z   inflating: classes_out/com/facebook/wearable/connectivity/bluetooth/gattreader2/GattReader2$setPreferredPhy$$inlined$filter$1$2.class  
Build & Test Android Companion	Inspect Wearables Class	2026-07-16T08:05:30.7388879Z   inflating: classes_out/com/facebook/wearable/connectivity/bluetooth/gattreader2/GattReader2$setPreferredPhy$$inlined$filter$1.class  
Build & Test Android Companion	Inspect Wearables Class	2026-07-16T08:05:30.7389663Z   inflating: classes_out/com/facebook/wearable/connectivity/bluetooth/gattreader2/GattReader2$setPreferredPhy$1.class  
Build & Test Android Companion	Inspect Wearables Class	2026-07-16T08:05:30.7390491Z   inflating: classes_out/com/facebook/wearable/connectivity/bluetooth/gattreader2/GattReader2$setPreferredPhy$2.class  
Build & Test Android Companion	Inspect Wearables Class	2026-07-16T08:05:30.7391291Z   inflating: classes_out/com/facebook/wearable/connectivity/bluetooth/gattreader2/GattReader2$setPreferredPhy$4.class  
Build & Test Android Companion	Inspect Wearables Class	2026-07-16T08:05:30.7392052Z   inflating: classes_out/com/facebook/wearable/connectivity/bluetooth/gattreader2/GattReader2$setPreferredPhy$5.class  
Build & Test Android Companion	Inspect Wearables Class	2026-07-16T08:05:30.7392800Z   inflating: classes_out/com/facebook/wearable/connectivity/bluetooth/gattreader2/GattReader2$setPreferredPhy$6.class  
Build & Test Android Companion	Inspect Wearables Class	2026-07-16T08:05:30.7393825Z   inflating: classes_out/com/facebook/wearable/connectivity/bluetooth/gattreader2/GattReader2$waitForConnection$1.class  
Build & Test Android Companion	Inspect Wearables Class	2026-07-16T08:05:30.7394629Z   inflating: classes_out/com/facebook/wearable/connectivity/bluetooth/gattreader2/GattReader2$waitForConnection$2.class  
Build & Test Android Companion	Inspect Wearables Class	2026-07-16T08:05:30.7395470Z   inflating: classes_out/com/facebook/wearable/connectivity/bluetooth/gattreader2/GattReader2$waitForConnection$3.class  
Build & Test Android Companion	Inspect Wearables Class	2026-07-16T08:05:30.7396166Z   inflating: classes_out/com/facebook/wearable/connectivity/bluetooth/gattreader2/GattReader2.class  
Build & Test Android Companion	Inspect Wearables Class	2026-07-16T08:05:30.7397012Z   inflating: classes_out/com/facebook/wearable/connectivity/bluetooth/gattreader2/GattReaderInterface$DefaultImpls.class  
Build & Test Android Companion	Inspect Wearables Class	2026-07-16T08:05:30.7397743Z   inflating: classes_out/com/facebook/wearable/connectivity/bluetooth/gattreader2/GattReaderInterface.class  
Build & Test Android Companion	Inspect Wearables Class	2026-07-16T08:05:30.7398515Z   inflating: classes_out/com/facebook/wearable/connectivity/bluetooth/gattreader2/OperationType$Companion.class  
Build & Test Android Companion	Inspect Wearables Class	2026-07-16T08:05:30.7399207Z   inflating: classes_out/com/facebook/wearable/connectivity/bluetooth/gattreader2/OperationType.class  
Build & Test Android Companion	Inspect Wearables Class	2026-07-16T08:05:30.7399799Z   inflating: classes_out/com/facebook/wearable/connectivity/debug/ConnectivityAppLog.class  
Build & Test Android Companion	Inspect Wearables Class	2026-07-16T08:05:30.7400439Z   inflating: classes_out/com/facebook/wearable/connectivity/debug/ConnectivityAppLogKt.class  
Build & Test Android Companion	Inspect Wearables Class	2026-07-16T08:05:30.7401138Z   inflating: classes_out/com/facebook/wearable/connectivity/debug/ConnectivityLogFileWriter$Companion.class  
Build & Test Android Companion	Inspect Wearables Class	2026-07-16T08:05:30.7401883Z   inflating: classes_out/com/facebook/wearable/connectivity/debug/ConnectivityLogFileWriter$appendLog$1.class  
Build & Test Android Companion	Inspect Wearables Class	2026-07-16T08:05:30.7402657Z   inflating: classes_out/com/facebook/wearable/connectivity/debug/ConnectivityLogFileWriter$readLines$task$1.class  
Build & Test Android Companion	Inspect Wearables Class	2026-07-16T08:05:30.7403705Z   inflating: classes_out/com/facebook/wearable/connectivity/debug/ConnectivityLogFileWriter.class  
Build & Test Android Companion	Inspect Wearables Class	2026-07-16T08:05:30.7404452Z   inflating: classes_out/com/facebook/wearable/connectivity/interfaces/ConnectionObserver$DefaultImpls.class  
Build & Test Android Companion	Inspect Wearables Class	2026-07-16T08:05:30.7405096Z   inflating: classes_out/com/facebook/wearable/connectivity/interfaces/ConnectionObserver.class  
Build & Test Android Companion	Inspect Wearables Class	2026-07-16T08:05:30.7405777Z   inflating: classes_out/com/facebook/wearable/connectivity/interfaces/ConnectionState$Complete.class  
Build & Test Android Companion	Inspect Wearables Class	2026-07-16T08:05:30.7406512Z   inflating: classes_out/com/facebook/wearable/connectivity/interfaces/ConnectionState$LinkEncrypted.class  
Build & Test Android Companion	Inspect Wearables Class	2026-07-16T08:05:30.7407272Z   inflating: classes_out/com/facebook/wearable/connectivity/interfaces/ConnectionState$LinkEncryptionStarted.class  
Build & Test Android Companion	Inspect Wearables Class	2026-07-16T08:05:30.7408092Z   inflating: classes_out/com/facebook/wearable/connectivity/interfaces/ConnectionState$LinkReadyToAuthenticate.class  
Build & Test Android Companion	Inspect Wearables Class	2026-07-16T08:05:30.7408792Z   inflating: classes_out/com/facebook/wearable/connectivity/interfaces/ConnectionState$LinkStarted.class  
Build & Test Android Companion	Inspect Wearables Class	2026-07-16T08:05:30.7409803Z   inflating: classes_out/com/facebook/wearable/connectivity/interfaces/ConnectionState$PhysicalLinkConnected.class  
Build & Test Android Companion	Inspect Wearables Class	2026-07-16T08:05:30.7410679Z   inflating: classes_out/com/facebook/wearable/connectivity/interfaces/ConnectionState$PrototypeProvisioningCompleted.class  
Build & Test Android Companion	Inspect Wearables Class	2026-07-16T08:05:30.7411549Z   inflating: classes_out/com/facebook/wearable/connectivity/interfaces/ConnectionState$PrototypeProvisioningNecessary.class  
Build & Test Android Companion	Inspect Wearables Class	2026-07-16T08:05:30.7412393Z   inflating: classes_out/com/facebook/wearable/connectivity/interfaces/ConnectionState$PrototypeProvisioningStarted.class  
Build & Test Android Companion	Inspect Wearables Class	2026-07-16T08:05:30.7413190Z   inflating: classes_out/com/facebook/wearable/connectivity/interfaces/ConnectionState$ProvisioningCompleted.class  
Build & Test Android Companion	Inspect Wearables Class	2026-07-16T08:05:30.7414286Z   inflating: classes_out/com/facebook/wearable/connectivity/interfaces/ConnectionState$ProvisioningDetailedEvents.class  
Build & Test Android Companion	Inspect Wearables Class	2026-07-16T08:05:30.7415082Z   inflating: classes_out/com/facebook/wearable/connectivity/interfaces/ConnectionState$ProvisioningNecessary.class  
Build & Test Android Companion	Inspect Wearables Class	2026-07-16T08:05:30.7415883Z   inflating: classes_out/com/facebook/wearable/connectivity/interfaces/ConnectionState$ProvisioningStarted.class  
Build & Test Android Companion	Inspect Wearables Class	2026-07-16T08:05:30.7416665Z   inflating: classes_out/com/facebook/wearable/connectivity/interfaces/ConnectionState$TrustEnableStarted.class  
Build & Test Android Companion	Inspect Wearables Class	2026-07-16T08:05:30.7417377Z   inflating: classes_out/com/facebook/wearable/connectivity/interfaces/ConnectionState$TrustEnabled.class  
Build & Test Android Companion	Inspect Wearables Class	2026-07-16T08:05:30.7418085Z   inflating: classes_out/com/facebook/wearable/connectivity/interfaces/ConnectionState$TrustFailed.class  
Build & Test Android Companion	Inspect Wearables Class	2026-07-16T08:05:30.7418770Z   inflating: classes_out/com/facebook/wearable/connectivity/interfaces/ConnectionState.class  
Build & Test Android Companion	Inspect Wearables Class	2026-07-16T08:05:30.7419572Z   inflating: classes_out/com/facebook/wearable/connectivity/interfaces/ConnectionStateDelegator$DefaultImpls.class  
Build & Test Android Companion	Inspect Wearables Class	2026-07-16T08:05:30.7420288Z   inflating: classes_out/com/facebook/wearable/connectivity/interfaces/ConnectionStateDelegator.class  
Build & Test Android Companion	Inspect Wearables Class	2026-07-16T08:05:30.7420923Z   inflating: classes_out/com/facebook/wearable/connectivity/interfaces/OperationType.class  
Build & Test Android Companion	Inspect Wearables Class	2026-07-16T08:05:30.7421559Z   inflating: classes_out/com/facebook/wearable/connectivity/interfaces/ProvisioningStep.class  
Build & Test Android Companion	Inspect Wearables Class	2026-07-16T08:05:30.7422216Z   inflating: classes_out/com/facebook/wearable/connectivity/iolinks/ExtensionsKt$transform$1.class  
Build & Test Android Companion	Inspect Wearables Class	2026-07-16T08:05:30.7422880Z   inflating: classes_out/com/facebook/wearable/connectivity/iolinks/ExtensionsKt$transform$2.class  
Build & Test Android Companion	Inspect Wearables Class	2026-07-16T08:05:30.7423749Z   inflating: classes_out/com/facebook/wearable/connectivity/iolinks/ExtensionsKt$transform$3.class  
Build & Test Android Companion	Inspect Wearables Class	2026-07-16T08:05:30.7424354Z   inflating: classes_out/com/facebook/wearable/connectivity/iolinks/ExtensionsKt.class  
Build & Test Android Companion	Inspect Wearables Class	2026-07-16T08:05:30.7424941Z   inflating: classes_out/com/facebook/wearable/connectivity/iolinks/IODetachInfo.class  
Build & Test Android Companion	Inspect Wearables Class	2026-07-16T08:05:30.7425547Z   inflating: classes_out/com/facebook/wearable/connectivity/iolinks/IOInputDetachInfo.class  
Build & Test Android Companion	Inspect Wearables Class	2026-07-16T08:05:30.7426321Z   inflating: classes_out/com/facebook/wearable/connectivity/iolinks/IOInputRollover.class  
Build & Test Android Companion	Inspect Wearables Class	2026-07-16T08:05:30.7426913Z   inflating: classes_out/com/facebook/wearable/connectivity/iolinks/IOLink$copy$1.class  
Build & Test Android Companion	Inspect Wearables Class	2026-07-16T08:05:30.7427448Z   inflating: classes_out/com/facebook/wearable/connectivity/iolinks/IOLink.class  
Build & Test Android Companion	Inspect Wearables Class	2026-07-16T08:05:30.7428058Z   inflating: classes_out/com/facebook/wearable/connectivity/iolinks/IOLinkBufferMode.class  
Build & Test Android Companion	Inspect Wearables Class	2026-07-16T08:05:30.7428785Z   inflating: classes_out/com/facebook/wearable/connectivity/iolinks/IOLinkBufferModeKt$WhenMappings.class  
Build & Test Android Companion	Inspect Wearables Class	2026-07-16T08:05:30.7429403Z   inflating: classes_out/com/facebook/wearable/connectivity/iolinks/IOLinkBufferModeKt.class  
Build & Test Android Companion	Inspect Wearables Class	2026-07-16T08:05:30.7430022Z   inflating: classes_out/com/facebook/wearable/connectivity/iolinks/IOLinkInputRollover.class  
Build & Test Android Companion	Inspect Wearables Class	2026-07-16T08:05:30.7430646Z   inflating: classes_out/com/facebook/wearable/connectivity/iolinks/IOLinkKt$buildIOLink$1.class  
Build & Test Android Companion	Inspect Wearables Class	2026-07-16T08:05:30.7431187Z   inflating: classes_out/com/facebook/wearable/connectivity/iolinks/IOLinkKt.class  
Build & Test Android Companion	Inspect Wearables Class	2026-07-16T08:05:30.7431977Z   inflating: classes_out/com/facebook/wearable/connectivity/iolinks/IOOutputDetachInfo.class  
Build & Test Android Companion	Inspect Wearables Class	2026-07-16T08:05:30.7432475Z   inflating: classes_out/com/facebook/wearable/connectivity/iolinks/IOPipeline.class  
Build & Test Android Companion	Inspect Wearables Class	2026-07-16T08:05:30.7433019Z   inflating: classes_out/com/facebook/wearable/connectivity/iolinks/IOStream.class  
Build & Test Android Companion	Inspect Wearables Class	2026-07-16T08:05:30.7433881Z   inflating: classes_out/com/facebook/wearable/connectivity/iolinks/IOStreamSecurer.class  
Build & Test Android Companion	Inspect Wearables Class	2026-07-16T08:05:30.7444179Z   inflating: classes_out/com/facebook/wearable/connectivity/iolinks/LinkMetadata.class  
Build & Test Android Companion	Inspect Wearables Class	2026-07-16T08:05:30.7445632Z   inflating: classes_out/com/facebook/wearable/connectivity/iolinks/LinkTransformer.class  
Build & Test Android Companion	Inspect Wearables Class	2026-07-16T08:05:30.7446340Z   inflating: classes_out/com/facebook/wearable/connectivity/iolinks/NoopLinkTransformer.class  
Build & Test Android Companion	Inspect Wearables Class	2026-07-16T08:05:30.7446918Z   inflating: classes_out/com/facebook/wearable/connectivity/iolinks/OPERATION.class  
Build & Test Android Companion	Inspect Wearables Class	2026-07-16T08:05:30.7447641Z   inflating: classes_out/com/facebook/wearable/connectivity/iolinks/RepartitionPositionException.class  
Build & Test Android Companion	Inspect Wearables Class	2026-07-16T08:05:30.7448261Z   inflating: classes_out/com/facebook/wearable/connectivity/iolinks/api/TransportType.class  
Build & Test Android Companion	Inspect Wearables Class	2026-07-16T08:05:30.7448866Z   inflating: classes_out/com/facebook/wearable/connectivity/iolinks/api/WifiVariant.class  
Build & Test Android Companion	Inspect Wearables Class	2026-07-16T08:05:30.7449591Z   inflating: classes_out/com/facebook/wearable/connectivity/iolinks/pipeline/IOLinkClosedRemotely.class  
Build & Test Android Companion	Inspect Wearables Class	2026-07-16T08:05:30.7450259Z   inflating: classes_out/com/facebook/wearable/connectivity/iolinks/pipeline/IOLinkInputAttachInfo.class  
Build & Test Android Companion	Inspect Wearables Class	2026-07-16T08:05:30.7450983Z   inflating: classes_out/com/facebook/wearable/connectivity/iolinks/pipeline/IOLinkOutputAttachInfo.class  
Build & Test Android Companion	Inspect Wearables Class	2026-07-16T08:05:30.7451731Z   inflating: classes_out/com/facebook/wearable/connectivity/iolinks/pipeline/IOLinkPipeline$Companion.class  
Build & Test Android Companion	Inspect Wearables Class	2026-07-16T08:05:30.7452502Z   inflating: classes_out/com/facebook/wearable/connectivity/iolinks/pipeline/IOLinkPipeline$ReceiveContext.class  
Build & Test Android Companion	Inspect Wearables Class	2026-07-16T08:05:30.7453253Z   inflating: classes_out/com/facebook/wearable/connectivity/iolinks/pipeline/IOLinkPipeline$WhenMappings.class  
Build & Test Android Companion	Inspect Wearables Class	2026-07-16T08:05:30.7454253Z   inflating: classes_out/com/facebook/wearable/connectivity/iolinks/pipeline/IOLinkPipeline$receiveHandler$1.class  
Build & Test Android Companion	Inspect Wearables Class	2026-07-16T08:05:30.7454943Z   inflating: classes_out/com/facebook/wearable/connectivity/iolinks/pipeline/IOLinkPipeline$scheduleInputWith$1.class  
Build & Test Android Companion	Inspect Wearables Class	2026-07-16T08:05:30.7455507Z   inflating: classes_out/com/facebook/wearable/connectivity/iolinks/pipeline/IOLinkPipeline$send$1.class  
Build & Test Android Companion	Inspect Wearables Class	2026-07-16T08:05:30.7455998Z   inflating: classes_out/com/facebook/wearable/connectivity/iolinks/pipeline/IOLinkPipeline$send$2.class  
Build & Test Android Companion	Inspect Wearables Class	2026-07-16T08:05:30.7456344Z   inflating: classes_out/com/facebook/wearable/connectivity/iolinks/pipeline/IOLinkPipeline$sendWith$1.class  
Build & Test Android Companion	Inspect Wearables Class	2026-07-16T08:05:30.7456694Z   inflating: classes_out/com/facebook/wearable/connectivity/iolinks/pipeline/IOLinkPipeline.class  
Build & Test Android Companion	Inspect Wearables Class	2026-07-16T08:05:30.7457194Z   inflating: classes_out/com/facebook/wearable/connectivity/iolinks/pipeline/IOLinkPipelineKt.class  
Build & Test Android Companion	Inspect Wearables Class	2026-07-16T08:05:30.7457602Z   inflating: classes_out/com/facebook/wearable/connectivity/iolinks/securepipeline/StreamSecureIOLinkClosedRemotely.class  
Build & Test Android Companion	Inspect Wearables Class	2026-07-16T08:05:30.7458003Z   inflating: classes_out/com/facebook/wearable/connectivity/iolinks/securepipeline/StreamSecureIOLinkInputAttachInfo.class  
Build & Test Android Companion	Inspect Wearables Class	2026-07-16T08:05:30.7458401Z   inflating: classes_out/com/facebook/wearable/connectivity/iolinks/securepipeline/StreamSecureIOLinkInputRollover.class  
Build & Test Android Companion	Inspect Wearables Class	2026-07-16T08:05:30.7458807Z   inflating: classes_out/com/facebook/wearable/connectivity/iolinks/securepipeline/StreamSecureIOLinkOutputAttachInfo.class  
Build & Test Android Companion	Inspect Wearables Class	2026-07-16T08:05:30.7459201Z   inflating: classes_out/com/facebook/wearable/connectivity/iolinks/securepipeline/StreamSecureIOLinkPipeline$Companion.class  
Build & Test Android Companion	Inspect Wearables Class	2026-07-16T08:05:30.7459625Z   inflating: classes_out/com/facebook/wearable/connectivity/iolinks/securepipeline/StreamSecureIOLinkPipeline$ReceiveContext.class  
Build & Test Android Companion	Inspect Wearables Class	2026-07-16T08:05:30.7460189Z   inflating: classes_out/com/facebook/wearable/connectivity/iolinks/securepipeline/StreamSecureIOLinkPipeline$WhenMappings.class  
Build & Test Android Companion	Inspect Wearables Class	2026-07-16T08:05:30.7460616Z   inflating: classes_out/com/facebook/wearable/connectivity/iolinks/securepipeline/StreamSecureIOLinkPipeline$activateOutput$1.class  
Build & Test Android Companion	Inspect Wearables Class	2026-07-16T08:05:30.7461019Z   inflating: classes_out/com/facebook/wearable/connectivity/iolinks/securepipeline/StreamSecureIOLinkPipeline$inputStream$1.class  
Build & Test Android Companion	Inspect Wearables Class	2026-07-16T08:05:30.7461459Z   inflating: classes_out/com/facebook/wearable/connectivity/iolinks/securepipeline/StreamSecureIOLinkPipeline$inputStreamSecurer$1.class  
Build & Test Android Companion	Inspect Wearables Class	2026-07-16T08:05:30.7461905Z   inflating: classes_out/com/facebook/wearable/connectivity/iolinks/securepipeline/StreamSecureIOLinkPipeline$outputStreamSecurer$1.class  
Build & Test Android Companion	Inspect Wearables Class	2026-07-16T08:05:30.7462319Z   inflating: classes_out/com/facebook/wearable/connectivity/iolinks/securepipeline/StreamSecureIOLinkPipeline$receiveHandler$1.class  
Build & Test Android Companion	Inspect Wearables Class	2026-07-16T08:05:30.7462758Z   inflating: classes_out/com/facebook/wearable/connectivity/iolinks/securepipeline/StreamSecureIOLinkPipeline$scheduleInputWith$1.class  
Build & Test Android Companion	Inspect Wearables Class	2026-07-16T08:05:30.7463152Z   inflating: classes_out/com/facebook/wearable/connectivity/iolinks/securepipeline/StreamSecureIOLinkPipeline$send$2.class  
Build & Test Android Companion	Inspect Wearables Class	2026-07-16T08:05:30.7464053Z   inflating: classes_out/com/facebook/wearable/connectivity/iolinks/securepipeline/StreamSecureIOLinkPipeline$send$3.class  
Build & Test Android Companion	Inspect Wearables Class	2026-07-16T08:05:30.7464840Z   inflating: classes_out/com/facebook/wearable/connectivity/iolinks/securepipeline/StreamSecureIOLinkPipeline$sendFrame$1.class  
Build & Test Android Companion	Inspect Wearables Class	2026-07-16T08:05:30.7465597Z   inflating: classes_out/com/facebook/wearable/connectivity/iolinks/securepipeline/StreamSecureIOLinkPipeline$sendWith$1.class  
Build & Test Android Companion	Inspect Wearables Class	2026-07-16T08:05:30.7466265Z   inflating: classes_out/com/facebook/wearable/connectivity/iolinks/securepipeline/StreamSecureIOLinkPipeline.class  
Build & Test Android Companion	Inspect Wearables Class	2026-07-16T08:05:30.7466952Z   inflating: classes_out/com/facebook/wearable/connectivity/iolinks/securepipeline/StreamSecureIOLinkPipelineKt.class  
Build & Test Android Companion	Inspect Wearables Class	2026-07-16T08:05:30.7467524Z   inflating: classes_out/com/facebook/wearable/connectivity/iolinks/streamsecure/IOStreamImpl.class  
Build & Test Android Companion	Inspect Wearables Class	2026-07-16T08:05:30.7468132Z   inflating: classes_out/com/facebook/wearable/connectivity/iolinks/streamsecure/IOStreamSecurerImpl.class  
Build & Test Android Companion	Inspect Wearables Class	2026-07-16T08:05:30.7468739Z   inflating: classes_out/com/facebook/wearable/connectivity/linkmanager/api/GeneralLinkSwitchException.class  
Build & Test Android Companion	Inspect Wearables Class	2026-07-16T08:05:30.7469446Z   inflating: classes_out/com/facebook/wearable/connectivity/linkmanager/api/LeasesReleasedDuringBringUpException.class  
Build & Test Android Companion	Inspect Wearables Class	2026-07-16T08:05:30.7469991Z   inflating: classes_out/com/facebook/wearable/connectivity/linkmanager/api/LinkManager$DefaultImpls.class  
Build & Test Android Companion	Inspect Wearables Class	2026-07-16T08:05:30.7470484Z   inflating: classes_out/com/facebook/wearable/connectivity/linkmanager/api/LinkManager.class  
Build & Test Android Companion	Inspect Wearables Class	2026-07-16T08:05:30.7471146Z   inflating: classes_out/com/facebook/wearable/connectivity/linkmanager/api/LinkSwitchEvent$LinkSwitchFailure.class  
Build & Test Android Companion	Inspect Wearables Class	2026-07-16T08:05:30.7471969Z   inflating: classes_out/com/facebook/wearable/connectivity/linkmanager/api/LinkSwitchEvent$LinkSwitchSuccess.class  
Build & Test Android Companion	Inspect Wearables Class	2026-07-16T08:05:30.7472503Z   inflating: classes_out/com/facebook/wearable/connectivity/linkmanager/api/LinkSwitchEvent.class  
Build & Test Android Companion	Inspect Wearables Class	2026-07-16T08:05:30.7473045Z   inflating: classes_out/com/facebook/wearable/connectivity/linkmanager/api/LinkSwitchException.class  
Build & Test Android Companion	Inspect Wearables Class	2026-07-16T08:05:30.7473881Z   inflating: classes_out/com/facebook/wearable/connectivity/linkmanager/api/LinkSwitchStateEvent$Completed.class  
Build & Test Android Companion	Inspect Wearables Class	2026-07-16T08:05:30.7474564Z   inflating: classes_out/com/facebook/wearable/connectivity/linkmanager/api/LinkSwitchStateEvent$InputSwitched.class  
Build & Test Android Companion	Inspect Wearables Class	2026-07-16T08:05:30.7475230Z   inflating: classes_out/com/facebook/wearable/connectivity/linkmanager/api/LinkSwitchStateEvent$OutputSwitched.class  
Build & Test Android Companion	Inspect Wearables Class	2026-07-16T08:05:30.7475866Z   inflating: classes_out/com/facebook/wearable/connectivity/linkmanager/api/LinkSwitchStateEvent$Started.class  
Build & Test Android Companion	Inspect Wearables Class	2026-07-16T08:05:30.7476557Z   inflating: classes_out/com/facebook/wearable/connectivity/linkmanager/api/LinkSwitchStateEvent.class  
Build & Test Android Companion	Inspect Wearables Class	2026-07-16T08:05:30.7477105Z   inflating: classes_out/com/facebook/wearable/connectivity/linkmanager/api/LinkSwitchVersion.class  
Build & Test Android Companion	Inspect Wearables Class	2026-07-16T08:05:30.7477776Z   inflating: classes_out/com/facebook/wearable/connectivity/linkmanager/api/LinkSwitchWifiSessionForceStop.class  
Build & Test Android Companion	Inspect Wearables Class	2026-07-16T08:05:30.7478372Z   inflating: classes_out/com/facebook/wearable/connectivity/linkmanager/impl/LinkManagerImpl$Companion.class  
Build & Test Android Companion	Inspect Wearables Class	2026-07-16T08:05:30.7479005Z   inflating: classes_out/com/facebook/wearable/connectivity/linkmanager/impl/LinkManagerImpl$SessionData.class  
Build & Test Android Companion	Inspect Wearables Class	2026-07-16T08:05:30.7479708Z   inflating: classes_out/com/facebook/wearable/connectivity/linkmanager/impl/LinkManagerImpl$attemptSwitchOutput$1$1.class  
Build & Test Android Companion	Inspect Wearables Class	2026-07-16T08:05:30.7480423Z   inflating: classes_out/com/facebook/wearable/connectivity/linkmanager/impl/LinkManagerImpl$attemptSwitchOutput$1$2$1.class  
Build & Test Android Companion	Inspect Wearables Class	2026-07-16T08:05:30.7481089Z   inflating: classes_out/com/facebook/wearable/connectivity/linkmanager/impl/LinkManagerImpl$attemptSwitchOutput$1.class  
Build & Test Android Companion	Inspect Wearables Class	2026-07-16T08:05:30.7481875Z   inflating: classes_out/com/facebook/wearable/connectivity/linkmanager/impl/LinkManagerImpl$attemptSwitchOutput$retryBlock$1.class  
Build & Test Android Companion	Inspect Wearables Class	2026-07-16T08:05:30.7482564Z   inflating: classes_out/com/facebook/wearable/connectivity/linkmanager/impl/LinkManagerImpl$getOrCreateControlChannel$1$1.class  
Build & Test Android Companion	Inspect Wearables Class	2026-07-16T08:05:30.7483523Z   inflating: classes_out/com/facebook/wearable/connectivity/linkmanager/impl/LinkManagerImpl$getOrCreateControlChannel$1$2.class  
Build & Test Android Companion	Inspect Wearables Class	2026-07-16T08:05:30.7484251Z   inflating: classes_out/com/facebook/wearable/connectivity/linkmanager/impl/LinkManagerImpl$linkSwitchService$1$1.class  
Build & Test Android Companion	Inspect Wearables Class	2026-07-16T08:05:30.7484927Z   inflating: classes_out/com/facebook/wearable/connectivity/linkmanager/impl/LinkManagerImpl$linkSwitchService$1$2.class  
Build & Test Android Companion	Inspect Wearables Class	2026-07-16T08:05:30.7485617Z   inflating: classes_out/com/facebook/wearable/connectivity/linkmanager/impl/LinkManagerImpl$linkSwitchService$1$3.class  
Build & Test Android Companion	Inspect Wearables Class	2026-07-16T08:05:30.7486216Z   inflating: classes_out/com/facebook/wearable/connectivity/linkmanager/impl/LinkManagerImpl$parseMessage$1.class  
Build & Test Android Companion	Inspect Wearables Class	2026-07-16T08:05:30.7486873Z   inflating: classes_out/com/facebook/wearable/connectivity/linkmanager/impl/LinkManagerImpl$setInputLink$1$1.class  
Build & Test Android Companion	Inspect Wearables Class	2026-07-16T08:05:30.7487517Z   inflating: classes_out/com/facebook/wearable/connectivity/linkmanager/impl/LinkManagerImpl$setInputLink$1.class  
Build & Test Android Companion	Inspect Wearables Class	2026-07-16T08:05:30.7488192Z   inflating: classes_out/com/facebook/wearable/connectivity/linkmanager/impl/LinkManagerImpl$setOutputLink$1$1$1.class  
Build & Test Android Companion	Inspect Wearables Class	2026-07-16T08:05:30.7488848Z   inflating: classes_out/com/facebook/wearable/connectivity/linkmanager/impl/LinkManagerImpl$setOutputLink$1$1.class  
Build & Test Android Companion	Inspect Wearables Class	2026-07-16T08:05:30.7489492Z   inflating: classes_out/com/facebook/wearable/connectivity/linkmanager/impl/LinkManagerImpl$setOutputLink$1$2.class  
Build & Test Android Companion	Inspect Wearables Class	2026-07-16T08:05:30.7490139Z   inflating: classes_out/com/facebook/wearable/connectivity/linkmanager/impl/LinkManagerImpl$setOutputLink$1.class  
Build & Test Android Companion	Inspect Wearables Class	2026-07-16T08:05:30.7490994Z   inflating: classes_out/com/facebook/wearable/connectivity/linkmanager/impl/LinkManagerImpl$setSessionFailure$1.class  
Build & Test Android Companion	Inspect Wearables Class	2026-07-16T08:05:30.7491603Z   inflating: classes_out/com/facebook/wearable/connectivity/linkmanager/impl/LinkManagerImpl$switchLink$1.class  
Build & Test Android Companion	Inspect Wearables Class	2026-07-16T08:05:30.7492280Z   inflating: classes_out/com/facebook/wearable/connectivity/linkmanager/impl/LinkManagerImpl$switchLinkSuspend$2$1.class  
Build & Test Android Companion	Inspect Wearables Class	2026-07-16T08:05:30.7492991Z   inflating: classes_out/com/facebook/wearable/connectivity/linkmanager/impl/LinkManagerImpl$switchLinkSuspend$2$2$1.class  
Build & Test Android Companion	Inspect Wearables Class	2026-07-16T08:05:30.7493905Z   inflating: classes_out/com/facebook/wearable/connectivity/linkmanager/impl/LinkManagerImpl$switchLinkSuspend$2$2.class  
Build & Test Android Companion	Inspect Wearables Class	2026-07-16T08:05:30.7494443Z   inflating: classes_out/com/facebook/wearable/connectivity/linkmanager/impl/LinkManagerImpl.class  
Build & Test Android Companion	Inspect Wearables Class	2026-07-16T08:05:30.7494960Z   inflating: classes_out/com/facebook/wearable/connectivity/linkmanager/impl/MessageUtils.class  
Build & Test Android Companion	Inspect Wearables Class	2026-07-16T08:05:30.7495683Z   inflating: classes_out/com/facebook/wearable/connectivity/security/api/LinkSwitchSecurer$DefaultImpls.class  
Build & Test Android Companion	Inspect Wearables Class	2026-07-16T08:05:30.7496213Z   inflating: classes_out/com/facebook/wearable/connectivity/security/api/LinkSwitchSecurer.class  
Build & Test Android Companion	Inspect Wearables Class	2026-07-16T08:05:30.7496686Z   inflating: classes_out/com/facebook/wearable/connectivity/security/api/SecureResult.class  
Build & Test Android Companion	Inspect Wearables Class	2026-07-16T08:05:30.7497261Z   inflating: classes_out/com/facebook/wearable/connectivity/security/auth/AuthenticationDelegate.class  
Build & Test Android Companion	Inspect Wearables Class	2026-07-16T08:05:30.7497931Z   inflating: classes_out/com/facebook/wearable/connectivity/security/streamsecurer/LinkSecurerForStream$Companion.class  
Build & Test Android Companion	Inspect Wearables Class	2026-07-16T08:05:30.7498666Z   inflating: classes_out/com/facebook/wearable/connectivity/security/streamsecurer/LinkSecurerForStream$authenticate$1$1.class  
Build & Test Android Companion	Inspect Wearables Class	2026-07-16T08:05:30.7499331Z   inflating: classes_out/com/facebook/wearable/connectivity/security/streamsecurer/LinkSecurerForStream$authenticate$1.class  
Build & Test Android Companion	Inspect Wearables Class	2026-07-16T08:05:30.7500064Z   inflating: classes_out/com/facebook/wearable/connectivity/security/streamsecurer/LinkSecurerForStream$authenticate$2.class  
Build & Test Android Companion	Inspect Wearables Class	2026-07-16T08:05:30.7500873Z   inflating: classes_out/com/facebook/wearable/connectivity/security/streamsecurer/LinkSecurerForStream$getSecureLinkForSwitch$1$1.class  
Build & Test Android Companion	Inspect Wearables Class	2026-07-16T08:05:30.7501686Z   inflating: classes_out/com/facebook/wearable/connectivity/security/streamsecurer/LinkSecurerForStream$getSecureLinkForSwitch$1$2.class  
Build & Test Android Companion	Inspect Wearables Class	2026-07-16T08:05:30.7502437Z   inflating: classes_out/com/facebook/wearable/connectivity/security/streamsecurer/LinkSecurerForStream$getSecureLinkForSwitch$1.class  
Build & Test Android Companion	Inspect Wearables Class	2026-07-16T08:05:30.7503491Z   inflating: classes_out/com/facebook/wearable/connectivity/security/streamsecurer/LinkSecurerForStream$getSecureLinkForSwitchSuspend$1.class  
Build & Test Android Companion	Inspect Wearables Class	2026-07-16T08:05:30.7504435Z   inflating: classes_out/com/facebook/wearable/connectivity/security/streamsecurer/LinkSecurerForStream$getSecureLinkForSwitchSuspend$2$1$1$1$1.class  
Build & Test Android Companion	Inspect Wearables Class	2026-07-16T08:05:30.7505339Z   inflating: classes_out/com/facebook/wearable/connectivity/security/streamsecurer/LinkSecurerForStream$getSecureLinkForSwitchSuspend$2$1$1$1$2.class  
Build & Test Android Companion	Inspect Wearables Class	2026-07-16T08:05:30.7506259Z   inflating: classes_out/com/facebook/wearable/connectivity/security/streamsecurer/LinkSecurerForStream$getSecureLinkForSwitchSuspend$2$1$1$1.class  
Build & Test Android Companion	Inspect Wearables Class	2026-07-16T08:05:30.7507134Z   inflating: classes_out/com/facebook/wearable/connectivity/security/streamsecurer/LinkSecurerForStream$getSecureLinkForSwitchSuspend$2$1.class  
Build & Test Android Companion	Inspect Wearables Class	2026-07-16T08:05:30.7507865Z   inflating: classes_out/com/facebook/wearable/connectivity/security/streamsecurer/LinkSecurerForStream$getSecureStream$1.class  
Build & Test Android Companion	Inspect Wearables Class	2026-07-16T08:05:30.7508617Z   inflating: classes_out/com/facebook/wearable/connectivity/security/streamsecurer/LinkSecurerForStream$getSecureStream$2.class  
Build & Test Android Companion	Inspect Wearables Class	2026-07-16T08:05:30.7509316Z   inflating: classes_out/com/facebook/wearable/connectivity/security/streamsecurer/LinkSecurerForStream$getSecureStream$3$1.class  
Build & Test Android Companion	Inspect Wearables Class	2026-07-16T08:05:30.7510074Z   inflating: classes_out/com/facebook/wearable/connectivity/security/streamsecurer/LinkSecurerForStream$getSecureStream$3$2.class  
Build & Test Android Companion	Inspect Wearables Class	2026-07-16T08:05:30.7511026Z   inflating: classes_out/com/facebook/wearable/connectivity/security/streamsecurer/LinkSecurerForStream$getSecureStream$3$3.class  
Build & Test Android Companion	Inspect Wearables Class	2026-07-16T08:05:30.7511793Z   inflating: classes_out/com/facebook/wearable/connectivity/security/streamsecurer/LinkSecurerForStream$handleOnStreamReady$1.class  
Build & Test Android Companion	Inspect Wearables Class	2026-07-16T08:05:30.7512557Z   inflating: classes_out/com/facebook/wearable/connectivity/security/streamsecurer/LinkSecurerForStream$handleOnStreamReady$2$1.class  
Build & Test Android Companion	Inspect Wearables Class	2026-07-16T08:05:30.7513548Z   inflating: classes_out/com/facebook/wearable/connectivity/security/streamsecurer/LinkSecurerForStream$handleOnStreamReady$2.class  
Build & Test Android Companion	Inspect Wearables Class	2026-07-16T08:05:30.7514204Z   inflating: classes_out/com/facebook/wearable/connectivity/security/streamsecurer/LinkSecurerForStream.class  
Build & Test Android Companion	Inspect Wearables Class	2026-07-16T08:05:30.7514846Z   inflating: classes_out/com/facebook/wearable/connectivity/security/streamsecurer/LinkSecurerForStreamKt.class  
Build & Test Android Companion	Inspect Wearables Class	2026-07-16T08:05:30.7515643Z   inflating: classes_out/com/facebook/wearable/connectivity/security/streamsecurer/SecureSessionData.class  
Build & Test Android Companion	Inspect Wearables Class	2026-07-16T08:05:30.7516245Z   inflating: classes_out/com/facebook/wearable/connectivity/security/streamsecurer/SecureStreamResult.class  
Build & Test Android Companion	Inspect Wearables Class	2026-07-16T08:05:30.7516867Z   inflating: classes_out/com/facebook/wearable/connectivity/security/streamsecurer/StreamClosedException.class  
Build & Test Android Companion	Inspect Wearables Class	2026-07-16T08:05:30.7517374Z   inflating: classes_out/com/facebook/wearable/connectivity/wifi/api/SocketWithWifiType.class  
Build & Test Android Companion	Inspect Wearables Class	2026-07-16T08:05:30.7517846Z   inflating: classes_out/com/facebook/wearable/connectivity/wifi/api/TcpSocketBuilder.class  
Build & Test Android Companion	Inspect Wearables Class	2026-07-16T08:05:30.7518410Z   inflating: classes_out/com/facebook/wearable/connectivity/wifi/api/WifiConnection$DefaultImpls.class  
Build & Test Android Companion	Inspect Wearables Class	2026-07-16T08:05:30.7519032Z   inflating: classes_out/com/facebook/wearable/connectivity/wifi/api/WifiConnection$connectSuspend$2$1$1$1.class  
Build & Test Android Companion	Inspect Wearables Class	2026-07-16T08:05:30.7519630Z   inflating: classes_out/com/facebook/wearable/connectivity/wifi/api/WifiConnection$connectSuspend$2$1.class  
Build & Test Android Companion	Inspect Wearables Class	2026-07-16T08:05:30.7520229Z   inflating: classes_out/com/facebook/wearable/connectivity/wifi/api/WifiConnection$connectSuspend$2$2.class  
Build & Test Android Companion	Inspect Wearables Class	2026-07-16T08:05:30.7520710Z   inflating: classes_out/com/facebook/wearable/connectivity/wifi/api/WifiConnection.class  
Build & Test Android Companion	Inspect Wearables Class	2026-07-16T08:05:30.7521274Z   inflating: classes_out/com/facebook/wearable/connectivity/wifi/api/WifiConnectionLostException.class  
Build & Test Android Companion	Inspect Wearables Class	2026-07-16T08:05:30.7521841Z   inflating: classes_out/com/facebook/wearable/connectivity/wifi/api/WifiDeviceFailureException.class  
Build & Test Android Companion	Inspect Wearables Class	2026-07-16T08:05:30.7522362Z   inflating: classes_out/com/facebook/wearable/connectivity/wifi/api/WifiDisabledException.class  
Build & Test Android Companion	Inspect Wearables Class	2026-07-16T08:05:30.7522916Z   inflating: classes_out/com/facebook/wearable/connectivity/wifi/api/WifiDisconnectedException.class  
Build & Test Android Companion	Inspect Wearables Class	2026-07-16T08:05:30.7523587Z   inflating: classes_out/com/facebook/wearable/connectivity/wifi/api/WifiException.class  
Build & Test Android Companion	Inspect Wearables Class	2026-07-16T08:05:30.7524191Z   inflating: classes_out/com/facebook/wearable/connectivity/wifi/api/WifiHotspotEnabledException.class  
Build & Test Android Companion	Inspect Wearables Class	2026-07-16T08:05:30.7524909Z   inflating: classes_out/com/facebook/wearable/connectivity/wifi/api/WifiLocationPermissionsDisabledException.class  
Build & Test Android Companion	Inspect Wearables Class	2026-07-16T08:05:30.7525565Z   inflating: classes_out/com/facebook/wearable/connectivity/wifi/api/WifiLocationServiceDisabledException.class  
Build & Test Android Companion	Inspect Wearables Class	2026-07-16T08:05:30.7526312Z   inflating: classes_out/com/facebook/wearable/connectivity/wifi/api/WifiNearbyDevicesPermissionsDisabledException.class  
Build & Test Android Companion	Inspect Wearables Class	2026-07-16T08:05:30.7526779Z   inflating: classes_out/com/facebook/wearable/connectivity/wifi/api/WifiPeerInfo.class  
Build & Test Android Companion	Inspect Wearables Class	2026-07-16T08:05:30.7527298Z   inflating: classes_out/com/facebook/wearable/connectivity/wifi/api/WifiSocketException.class  
Build & Test Android Companion	Inspect Wearables Class	2026-07-16T08:05:30.7527775Z   inflating: classes_out/com/facebook/wearable/connectivity/wifi/api/WifiSocketInfo.class  
Build & Test Android Companion	Inspect Wearables Class	2026-07-16T08:05:30.7528207Z   inflating: classes_out/com/facebook/wearable/connectivity/wifi/api/WifiType.class  
Build & Test Android Companion	Inspect Wearables Class	2026-07-16T08:05:30.7528960Z   inflating: classes_out/com/facebook/wearable/connectivity/wifi/api/WifiUnavailableException.class  
Build & Test Android Companion	Inspect Wearables Class	2026-07-16T08:05:30.7529506Z   inflating: classes_out/com/facebook/wearable/connectivity/wifi/api/WifiVpnEnabledException.class  
Build & Test Android Companion	Inspect Wearables Class	2026-07-16T08:05:30.7530050Z   inflating: classes_out/com/facebook/wearable/datax/ClosePermissionsNotGrantedException.class  
Build & Test Android Companion	Inspect Wearables Class	2026-07-16T08:05:30.7530545Z   inflating: classes_out/com/facebook/wearable/datax/Connection$ClosingPermissionsToken.class  
Build & Test Android Companion	Inspect Wearables Class	2026-07-16T08:05:30.7530981Z   inflating: classes_out/com/facebook/wearable/datax/Connection$Companion.class  
Build & Test Android Companion	Inspect Wearables Class	2026-07-16T08:05:30.7531422Z   inflating: classes_out/com/facebook/wearable/datax/Connection$ReceiveFragment.class  
Build & Test Android Companion	Inspect Wearables Class	2026-07-16T08:05:30.7531823Z   inflating: classes_out/com/facebook/wearable/datax/Connection$native$1.class  
Build & Test Android Companion	Inspect Wearables Class	2026-07-16T08:05:30.7532161Z   inflating: classes_out/com/facebook/wearable/datax/Connection.class  
Build & Test Android Companion	Inspect Wearables Class	2026-07-16T08:05:30.7532692Z   inflating: classes_out/com/facebook/wearable/datax/ConnectionCloseNotPermittedException.class  
Build & Test Android Companion	Inspect Wearables Class	2026-07-16T08:05:30.7533588Z   inflating: classes_out/com/facebook/wearable/datax/DataXConfig$jniExceptionHandler$1$1.class  
Build & Test Android Companion	Inspect Wearables Class	2026-07-16T08:05:30.7534084Z   inflating: classes_out/com/facebook/wearable/datax/DataXConfig$jniExceptionHandler$1.class  
Build & Test Android Companion	Inspect Wearables Class	2026-07-16T08:05:30.7534436Z   inflating: classes_out/com/facebook/wearable/datax/DataXConfig.class  
Build & Test Android Companion	Inspect Wearables Class	2026-07-16T08:05:30.7534785Z   inflating: classes_out/com/facebook/wearable/datax/DataXConfigKt.class  
Build & Test Android Companion	Inspect Wearables Class	2026-07-16T08:05:30.7535115Z   inflating: classes_out/com/facebook/wearable/datax/DataXUtil.class  
Build & Test Android Companion	Inspect Wearables Class	2026-07-16T08:05:30.7535480Z   inflating: classes_out/com/facebook/wearable/datax/Error$Companion.class  
Build & Test Android Companion	Inspect Wearables Class	2026-07-16T08:05:30.7535864Z   inflating: classes_out/com/facebook/wearable/datax/Error$KnownErrors.class  
Build & Test Android Companion	Inspect Wearables Class	2026-07-16T08:05:30.7536249Z   inflating: classes_out/com/facebook/wearable/datax/Error$WhenMappings.class  
Build & Test Android Companion	Inspect Wearables Class	2026-07-16T08:05:30.7536560Z   inflating: classes_out/com/facebook/wearable/datax/Error.class  
Build & Test Android Companion	Inspect Wearables Class	2026-07-16T08:05:30.7536942Z   inflating: classes_out/com/facebook/wearable/datax/ExperienceTagKt.class  
Build & Test Android Companion	Inspect Wearables Class	2026-07-16T08:05:30.7537437Z   inflating: classes_out/com/facebook/wearable/datax/InvalidBufferArraySizeException.class  
Build & Test Android Companion	Inspect Wearables Class	2026-07-16T08:05:30.7537812Z   inflating: classes_out/com/facebook/wearable/datax/JniHell$Companion.class  
Build & Test Android Companion	Inspect Wearables Class	2026-07-16T08:05:30.7538128Z   inflating: classes_out/com/facebook/wearable/datax/JniHell.class  
Build & Test Android Companion	Inspect Wearables Class	2026-07-16T08:05:30.7538462Z   inflating: classes_out/com/facebook/wearable/datax/JniLoader.class  
Build & Test Android Companion	Inspect Wearables Class	2026-07-16T08:05:30.7538920Z   inflating: classes_out/com/facebook/wearable/datax/JniObject$Companion$collect$1.class  
Build & Test Android Companion	Inspect Wearables Class	2026-07-16T08:05:30.7539388Z   inflating: classes_out/com/facebook/wearable/datax/JniObject$Companion$collector$1.class  
Build & Test Android Companion	Inspect Wearables Class	2026-07-16T08:05:30.7539776Z   inflating: classes_out/com/facebook/wearable/datax/JniObject$Companion.class  
Build & Test Android Companion	Inspect Wearables Class	2026-07-16T08:05:30.7540102Z   inflating: classes_out/com/facebook/wearable/datax/JniObject.class  
Build & Test Android Companion	Inspect Wearables Class	2026-07-16T08:05:30.7540520Z   inflating: classes_out/com/facebook/wearable/datax/LocalChannel$Companion.class  
Build & Test Android Companion	Inspect Wearables Class	2026-07-16T08:05:30.7541018Z   inflating: classes_out/com/facebook/wearable/datax/LocalChannel$native$1.class  
Build & Test Android Companion	Inspect Wearables Class	2026-07-16T08:05:30.7541663Z   inflating: classes_out/com/facebook/wearable/datax/LocalChannel.class  
Build & Test Android Companion	Inspect Wearables Class	2026-07-16T08:05:30.7542046Z   inflating: classes_out/com/facebook/wearable/datax/MessageInfo.class  
Build & Test Android Companion	Inspect Wearables Class	2026-07-16T08:05:30.7542448Z   inflating: classes_out/com/facebook/wearable/datax/ProtocolException.class  
Build & Test Android Companion	Inspect Wearables Class	2026-07-16T08:05:30.7542852Z   inflating: classes_out/com/facebook/wearable/datax/QosPriority$Companion.class  
Build & Test Android Companion	Inspect Wearables Class	2026-07-16T08:05:30.7543191Z   inflating: classes_out/com/facebook/wearable/datax/QosPriority.class  
Build & Test Android Companion	Inspect Wearables Class	2026-07-16T08:05:30.7543875Z   inflating: classes_out/com/facebook/wearable/datax/ReconnectingChannel$Callbacks.class  
Build & Test Android Companion	Inspect Wearables Class	2026-07-16T08:05:30.7544425Z   inflating: classes_out/com/facebook/wearable/datax/ReconnectingChannel$updateAvailability$1.class  
Build & Test Android Companion	Inspect Wearables Class	2026-07-16T08:05:30.7544981Z   inflating: classes_out/com/facebook/wearable/datax/ReconnectingChannel$updateAvailability$2.class  
Build & Test Android Companion	Inspect Wearables Class	2026-07-16T08:05:30.7545728Z   inflating: classes_out/com/facebook/wearable/datax/ReconnectingChannel$updateAvailability$3.class  
Build & Test Android Companion	Inspect Wearables Class	2026-07-16T08:05:30.7546140Z   inflating: classes_out/com/facebook/wearable/datax/ReconnectingChannel.class  
Build & Test Android Companion	Inspect Wearables Class	2026-07-16T08:05:30.7546563Z   inflating: classes_out/com/facebook/wearable/datax/RemoteChannel$Companion.class  
Build & Test Android Companion	Inspect Wearables Class	2026-07-16T08:05:30.7546977Z   inflating: classes_out/com/facebook/wearable/datax/RemoteChannel$native$1.class  
Build & Test Android Companion	Inspect Wearables Class	2026-07-16T08:05:30.7547339Z   inflating: classes_out/com/facebook/wearable/datax/RemoteChannel.class  
Build & Test Android Companion	Inspect Wearables Class	2026-07-16T08:05:30.7547723Z   inflating: classes_out/com/facebook/wearable/datax/Service$Companion.class  
Build & Test Android Companion	Inspect Wearables Class	2026-07-16T08:05:30.7548135Z   inflating: classes_out/com/facebook/wearable/datax/Service$Configuration.class  
Build & Test Android Companion	Inspect Wearables Class	2026-07-16T08:05:30.7548496Z   inflating: classes_out/com/facebook/wearable/datax/Service$native$1.class  
Build & Test Android Companion	Inspect Wearables Class	2026-07-16T08:05:30.7548817Z   inflating: classes_out/com/facebook/wearable/datax/Service.class  
Build & Test Android Companion	Inspect Wearables Class	2026-07-16T08:05:30.7549371Z   inflating: classes_out/com/facebook/wearable/datax/ServiceId$Companion.class  
Build & Test Android Companion	Inspect Wearables Class	2026-07-16T08:05:30.7549708Z   inflating: classes_out/com/facebook/wearable/datax/ServiceId.class  
Build & Test Android Companion	Inspect Wearables Class	2026-07-16T08:05:30.7550112Z   inflating: classes_out/com/facebook/wearable/datax/TypedBuffer$Companion.class  
Build & Test Android Companion	Inspect Wearables Class	2026-07-16T08:05:30.7550454Z   inflating: classes_out/com/facebook/wearable/datax/TypedBuffer.class  
Build & Test Android Companion	Inspect Wearables Class	2026-07-16T08:05:30.7550866Z   inflating: classes_out/com/facebook/wearable/datax/deviceconfig/DeviceConfig.class  
Build & Test Android Companion	Inspect Wearables Class	2026-07-16T08:05:30.7551317Z   inflating: classes_out/com/facebook/wearable/datax/typed/ChunkedClientHandler.class  
Build & Test Android Companion	Inspect Wearables Class	2026-07-16T08:05:30.7551784Z   inflating: classes_out/com/facebook/wearable/datax/typed/ChunkedSendExtensionsKt.class  
Build & Test Android Companion	Inspect Wearables Class	2026-07-16T08:05:30.7552230Z   inflating: classes_out/com/facebook/wearable/datax/typed/ChunkedServiceHandler$1.class  
Build & Test Android Companion	Inspect Wearables Class	2026-07-16T08:05:30.7552690Z   inflating: classes_out/com/facebook/wearable/datax/typed/ChunkedServiceHandler$2.class  
Build & Test Android Companion	Inspect Wearables Class	2026-07-16T08:05:30.7553149Z   inflating: classes_out/com/facebook/wearable/datax/typed/ChunkedServiceHandler$3.class  
Build & Test Android Companion	Inspect Wearables Class	2026-07-16T08:05:30.7553940Z   inflating: classes_out/com/facebook/wearable/datax/typed/ChunkedServiceHandler$ChannelState.class  
Build & Test Android Companion	Inspect Wearables Class	2026-07-16T08:05:30.7554612Z   inflating: classes_out/com/facebook/wearable/datax/typed/ChunkedServiceHandler$MessageHandler$DefaultImpls.class  
Build & Test Android Companion	Inspect Wearables Class	2026-07-16T08:05:30.7555192Z   inflating: classes_out/com/facebook/wearable/datax/typed/ChunkedServiceHandler$MessageHandler.class  
Build & Test Android Companion	Inspect Wearables Class	2026-07-16T08:05:30.7555657Z   inflating: classes_out/com/facebook/wearable/datax/typed/ChunkedServiceHandler.class  
Build & Test Android Companion	Inspect Wearables Class	2026-07-16T08:05:30.7556138Z   inflating: classes_out/com/facebook/wearable/datax/typed/MessageSpec$DefaultImpls.class  
Build & Test Android Companion	Inspect Wearables Class	2026-07-16T08:05:30.7556512Z   inflating: classes_out/com/facebook/wearable/datax/typed/MessageSpec.class  
Build & Test Android Companion	Inspect Wearables Class	2026-07-16T08:05:30.7556914Z   inflating: classes_out/com/facebook/wearable/datax/typed/MessageTypeKt.class  
Build & Test Android Companion	Inspect Wearables Class	2026-07-16T08:05:30.7557372Z   inflating: classes_out/com/facebook/wearable/datax/typed/ProtoExtensionsKt.class  
Build & Test Android Companion	Inspect Wearables Class	2026-07-16T08:05:30.7557852Z   inflating: classes_out/com/facebook/wearable/datax/typed/RpcExtensions$queryRpc$1$1.class  
Build & Test Android Companion	Inspect Wearables Class	2026-07-16T08:05:30.7558416Z   inflating: classes_out/com/facebook/wearable/datax/typed/RpcExtensions$queryRpc$1$channel$1$1.class  
Build & Test Android Companion	Inspect Wearables Class	2026-07-16T08:05:30.7558956Z   inflating: classes_out/com/facebook/wearable/datax/typed/RpcExtensions$queryRpc$1$channel$1$2.class  
Build & Test Android Companion	Inspect Wearables Class	2026-07-16T08:05:30.7559507Z   inflating: classes_out/com/facebook/wearable/datax/typed/RpcExtensions$queryRpc$1$channel$1$3.class  
Build & Test Android Companion	Inspect Wearables Class	2026-07-16T08:05:30.7559976Z   inflating: classes_out/com/facebook/wearable/datax/typed/RpcExtensions$queryRpc$1.class  
Build & Test Android Companion	Inspect Wearables Class	2026-07-16T08:05:30.7560429Z   inflating: classes_out/com/facebook/wearable/datax/typed/RpcExtensions$rpc$2$1.class  
Build & Test Android Companion	Inspect Wearables Class	2026-07-16T08:05:30.7560920Z   inflating: classes_out/com/facebook/wearable/datax/typed/RpcExtensions$rpc$2$channel$1.class  
Build & Test Android Companion	Inspect Wearables Class	2026-07-16T08:05:30.7561558Z   inflating: classes_out/com/facebook/wearable/datax/typed/RpcExtensions$rpc$2.class  
Build & Test Android Companion	Inspect Wearables Class	2026-07-16T08:05:30.7562062Z   inflating: classes_out/com/facebook/wearable/datax/typed/RpcExtensions$rpc$channel$1$1.class  
Build & Test Android Companion	Inspect Wearables Class	2026-07-16T08:05:30.7562561Z   inflating: classes_out/com/facebook/wearable/datax/typed/RpcExtensions$rpc$channel$1$2.class  
Build & Test Android Companion	Inspect Wearables Class	2026-07-16T08:05:30.7563052Z   inflating: classes_out/com/facebook/wearable/datax/typed/RpcExtensions$rpc$channel$1$3.class  
Build & Test Android Companion	Inspect Wearables Class	2026-07-16T08:05:30.7563665Z   inflating: classes_out/com/facebook/wearable/datax/typed/RpcExtensions.class  
Build & Test Android Companion	Inspect Wearables Class	2026-07-16T08:05:30.7564120Z   inflating: classes_out/com/facebook/wearable/datax/typed/RpcSpec$DefaultImpls.class  
Build & Test Android Companion	Inspect Wearables Class	2026-07-16T08:05:30.7564471Z   inflating: classes_out/com/facebook/wearable/datax/typed/RpcSpec.class  
Build & Test Android Companion	Inspect Wearables Class	2026-07-16T08:05:30.7564898Z   inflating: classes_out/com/facebook/wearable/datax/util/ByteBufferCache.class  
Build & Test Android Companion	Inspect Wearables Class	2026-07-16T08:05:30.7565444Z   inflating: classes_out/com/facebook/wearable/datax/util/ByteBufferCacheDisposedException.class  
Build & Test Android Companion	Inspect Wearables Class	2026-07-16T08:05:30.7566073Z   inflating: classes_out/com/facebook/wearable/datax/util/ByteBufferInputStream.class  
Build & Test Android Companion	Inspect Wearables Class	2026-07-16T08:05:30.7566533Z   inflating: classes_out/com/facebook/wearable/datax/util/ByteBufferOutputStream.class  
Build & Test Android Companion	Inspect Wearables Class	2026-07-16T08:05:30.7566950Z   inflating: classes_out/com/facebook/wearable/datax/util/HelpersKt$toHex$1.class  
Build & Test Android Companion	Inspect Wearables Class	2026-07-16T08:05:30.7567304Z   inflating: classes_out/com/facebook/wearable/datax/util/HelpersKt.class  
Build & Test Android Companion	Inspect Wearables Class	2026-07-16T08:05:30.7567790Z   inflating: classes_out/com/facebook/wearable/datax/util/IOScheduler$Companion$duplex$1.class  
Build & Test Android Companion	Inspect Wearables Class	2026-07-16T08:05:30.7568297Z   inflating: classes_out/com/facebook/wearable/datax/util/IOScheduler$Companion$duplex$3.class  
Build & Test Android Companion	Inspect Wearables Class	2026-07-16T08:05:30.7568719Z   inflating: classes_out/com/facebook/wearable/datax/util/IOScheduler$Companion.class  
Build & Test Android Companion	Inspect Wearables Class	2026-07-16T08:05:30.7569197Z   inflating: classes_out/com/facebook/wearable/datax/util/IOScheduler$scheduleRead$1.class  
Build & Test Android Companion	Inspect Wearables Class	2026-07-16T08:05:30.7569646Z   inflating: classes_out/com/facebook/wearable/datax/util/IOScheduler$scheduleWrite$1.class  
Build & Test Android Companion	Inspect Wearables Class	2026-07-16T08:05:30.7570045Z   inflating: classes_out/com/facebook/wearable/datax/util/IOScheduler.class  
Build & Test Android Companion	Inspect Wearables Class	2026-07-16T08:05:30.7570471Z   inflating: classes_out/com/facebook/wearable/datax/util/SwappableInputStream.class  
Build & Test Android Companion	Inspect Wearables Class	2026-07-16T08:05:30.7570898Z   inflating: classes_out/com/facebook/wearable/datax/util/SwappableOutputStream.class  
Build & Test Android Companion	Inspect Wearables Class	2026-07-16T08:05:30.7571288Z   inflating: classes_out/com/facebook/wearable/datax/util/UUIDExtensions.class  
Build & Test Android Companion	Inspect Wearables Class	2026-07-16T08:05:30.7571653Z   inflating: classes_out/com/facebook/wearable/manifest/Error$Companion.class  
Build & Test Android Companion	Inspect Wearables Class	2026-07-16T08:05:30.7571951Z   inflating: classes_out/com/facebook/wearable/manifest/Error.class  
Build & Test Android Companion	Inspect Wearables Class	2026-07-16T08:05:30.7572295Z   inflating: classes_out/com/facebook/wearable/manifest/JniLoader.class  
Build & Test Android Companion	Inspect Wearables Class	2026-07-16T08:05:30.7572684Z   inflating: classes_out/com/facebook/wearable/manifest/Manifest$Companion.class  
Build & Test Android Companion	Inspect Wearables Class	2026-07-16T08:05:30.7573022Z   inflating: classes_out/com/facebook/wearable/manifest/Manifest.class  
Build & Test Android Companion	Inspect Wearables Class	2026-07-16T08:05:30.7573623Z   inflating: classes_out/com/facebook/wearable/manifest/ManifestApp.class  
Build & Test Android Companion	Inspect Wearables Class	2026-07-16T08:05:30.7574090Z   inflating: classes_out/com/facebook/wearable/manifest/ManifestBuilder$Companion.class  
Build & Test Android Companion	Inspect Wearables Class	2026-07-16T08:05:30.7574498Z   inflating: classes_out/com/facebook/wearable/manifest/ManifestBuilder.class  
Build & Test Android Companion	Inspect Wearables Class	2026-07-16T08:05:30.7574888Z   inflating: classes_out/com/facebook/wearable/manifest/ManifestDevice.class  
Build & Test Android Companion	Inspect Wearables Class	2026-07-16T08:05:30.7575309Z   inflating: classes_out/com/facebook/wearable/manifest/PeerType$Companion.class  
Build & Test Android Companion	Inspect Wearables Class	2026-07-16T08:05:30.7575645Z   inflating: classes_out/com/facebook/wearable/manifest/PeerType.class  
Build & Test Android Companion	Inspect Wearables Class	2026-07-16T08:05:30.7576228Z   inflating: classes_out/com/facebook/wearable/platform/executors/DispatcherThreadPool$Companion.class  
Build & Test Android Companion	Inspect Wearables Class	2026-07-16T08:05:30.7576884Z   inflating: classes_out/com/facebook/wearable/platform/executors/DispatcherThreadPool$DispatcherFutureTask.class  
Build & Test Android Companion	Inspect Wearables Class	2026-07-16T08:05:30.7577409Z   inflating: classes_out/com/facebook/wearable/platform/executors/DispatcherThreadPool$execute$1.class  
Build & Test Android Companion	Inspect Wearables Class	2026-07-16T08:05:30.7578163Z   inflating: classes_out/com/facebook/wearable/platform/executors/DispatcherThreadPool$invokeAll$1.class  
Build & Test Android Companion	Inspect Wearables Class	2026-07-16T08:05:30.7578739Z   inflating: classes_out/com/facebook/wearable/platform/executors/DispatcherThreadPool$invokeAll$2.class  
Build & Test Android Companion	Inspect Wearables Class	2026-07-16T08:05:30.7579321Z   inflating: classes_out/com/facebook/wearable/platform/executors/DispatcherThreadPool$invokeAny$1.class  
Build & Test Android Companion	Inspect Wearables Class	2026-07-16T08:05:30.7579862Z   inflating: classes_out/com/facebook/wearable/platform/executors/DispatcherThreadPool$invokeAny$2.class  
Build & Test Android Companion	Inspect Wearables Class	2026-07-16T08:05:30.7580407Z   inflating: classes_out/com/facebook/wearable/platform/executors/DispatcherThreadPool$schedule$1.class  
Build & Test Android Companion	Inspect Wearables Class	2026-07-16T08:05:30.7580977Z   inflating: classes_out/com/facebook/wearable/platform/executors/DispatcherThreadPool$schedule$2.class  
Build & Test Android Companion	Inspect Wearables Class	2026-07-16T08:05:30.7581637Z   inflating: classes_out/com/facebook/wearable/platform/executors/DispatcherThreadPool$scheduleAtFixedRate$1.class  
Build & Test Android Companion	Inspect Wearables Class	2026-07-16T08:05:30.7582512Z   inflating: classes_out/com/facebook/wearable/platform/executors/DispatcherThreadPool$scheduleWithFixedDelay$1.class  
Build & Test Android Companion	Inspect Wearables Class	2026-07-16T08:05:30.7583091Z   inflating: classes_out/com/facebook/wearable/platform/executors/DispatcherThreadPool$submit$1.class  
Build & Test Android Companion	Inspect Wearables Class	2026-07-16T08:05:30.7583873Z   inflating: classes_out/com/facebook/wearable/platform/executors/DispatcherThreadPool$submit$2.class  
Build & Test Android Companion	Inspect Wearables Class	2026-07-16T08:05:30.7584432Z   inflating: classes_out/com/facebook/wearable/platform/executors/DispatcherThreadPool$submit$3.class  
Build & Test Android Companion	Inspect Wearables Class	2026-07-16T08:05:30.7584937Z   inflating: classes_out/com/facebook/wearable/platform/executors/DispatcherThreadPool.class  
Build & Test Android Companion	Inspect Wearables Class	2026-07-16T08:05:30.7585461Z   inflating: classes_out/com/facebook/wearable/platform/executors/Executors$BackgroundExecutor.class  
Build & Test Android Companion	Inspect Wearables Class	2026-07-16T08:05:30.7586008Z   inflating: classes_out/com/facebook/wearable/platform/executors/Executors$BackgroundRunnable.class  
Build & Test Android Companion	Inspect Wearables Class	2026-07-16T08:05:30.7586573Z   inflating: classes_out/com/facebook/wearable/platform/executors/Executors$runOnBackgroundThread$1.class  
Build & Test Android Companion	Inspect Wearables Class	2026-07-16T08:05:30.7586946Z   inflating: classes_out/com/facebook/wearable/platform/executors/Executors.class  
Build & Test Android Companion	Inspect Wearables Class	2026-07-16T08:05:30.7587339Z   inflating: classes_out/com/facebook/wearable/platform/executors/Handlers.class  
Build & Test Android Companion	Inspect Wearables Class	2026-07-16T08:05:30.7587845Z   inflating: classes_out/com/facebook/wearable/platform/executors/LimitExecutor$Worker.class  
Build & Test Android Companion	Inspect Wearables Class	2026-07-16T08:05:30.7588263Z   inflating: classes_out/com/facebook/wearable/platform/executors/LimitExecutor.class  
Build & Test Android Companion	Inspect Wearables Class	2026-07-16T08:05:30.7588827Z   inflating: classes_out/com/facebook/wearable/platform/executors/NamedThreadFactory$newThread$1.class  
Build & Test Android Companion	Inspect Wearables Class	2026-07-16T08:05:30.7589318Z   inflating: classes_out/com/facebook/wearable/platform/executors/NamedThreadFactory.class  
Build & Test Android Companion	Inspect Wearables Class	2026-07-16T08:05:30.7589796Z   inflating: classes_out/com/facebook/wearable/platform/executors/PostStartupExecutor.class  
Build & Test Android Companion	Inspect Wearables Class	2026-07-16T08:05:30.7590348Z   inflating: classes_out/com/facebook/wearable/platform/executors/PostStartupManager$Companion.class  
Build & Test Android Companion	Inspect Wearables Class	2026-07-16T08:05:30.7590984Z   inflating: classes_out/com/facebook/wearable/platform/executors/PostStartupManager$SingletonInstance.class  
Build & Test Android Companion	Inspect Wearables Class	2026-07-16T08:05:30.7591438Z   inflating: classes_out/com/facebook/wearable/platform/executors/PostStartupManager.class  
Build & Test Android Companion	Inspect Wearables Class	2026-07-16T08:05:30.7592068Z   inflating: classes_out/com/facebook/wearable/platform/executors/ScheduledThreadPoolExecutorDestructor.class  
Build & Test Android Companion	Inspect Wearables Class	2026-07-16T08:05:30.7592592Z   inflating: classes_out/com/facebook/wearable/platform/executors/WearableExecutorProvider.class  
Build & Test Android Companion	Inspect Wearables Class	2026-07-16T08:05:30.7593073Z   inflating: classes_out/com/facebook/wearable/platform/executors/impl/DirectExecutor.class  
Build & Test Android Companion	Inspect Wearables Class	2026-07-16T08:05:30.7593764Z   inflating: classes_out/com/facebook/wearable/platform/executors/impl/UiExecutor.class  
Build & Test Android Companion	Inspect Wearables Class	2026-07-16T08:05:30.7594342Z   inflating: classes_out/com/facebook/wearable/platform/executors/interfaces/IExecutorProvider.class  
Build & Test Android Companion	Inspect Wearables Class	2026-07-16T08:05:30.7594853Z   inflating: classes_out/com/facebook/wearable/util/timestamp/TimestampPrefixedString.class  
Build & Test Android Companion	Inspect Wearables Class	2026-07-16T08:05:30.7595509Z   inflating: classes_out/com/facebook/xplat/fbglog/FbGlog$BLogLevelCallbackImpl.class  
Build & Test Android Companion	Inspect Wearables Class	2026-07-16T08:05:30.7595822Z   inflating: classes_out/com/facebook/xplat/fbglog/FbGlog.class  
Build & Test Android Companion	Inspect Wearables Class	2026-07-16T08:05:30.7596199Z   inflating: classes_out/com/facebook/xplat/fbglog/FbGlogInitializer.class  
Build & Test Android Companion	Inspect Wearables Class	2026-07-16T08:05:30.7596764Z   inflating: classes_out/com/meta/common/appcontext/AppContext$EarlyApplicationContextWrapper.class  
Build & Test Android Companion	Inspect Wearables Class	2026-07-16T08:05:30.7597116Z   inflating: classes_out/com/meta/common/appcontext/AppContext.class  
Build & Test Android Companion	Inspect Wearables Class	2026-07-16T08:05:30.7597501Z   inflating: classes_out/com/meta/common/monad/railway/Result$Companion.class  
Build & Test Android Companion	Inspect Wearables Class	2026-07-16T08:05:30.7597976Z   inflating: classes_out/com/meta/common/monad/railway/Result$onFailureSuspending$1.class  
Build & Test Android Companion	Inspect Wearables Class	2026-07-16T08:05:30.7598430Z   inflating: classes_out/com/meta/common/monad/railway/Result$onSuccessSuspending$1.class  
Build & Test Android Companion	Inspect Wearables Class	2026-07-16T08:05:30.7598772Z   inflating: classes_out/com/meta/common/monad/railway/Result.class  
Build & Test Android Companion	Inspect Wearables Class	2026-07-16T08:05:30.7599377Z   inflating: classes_out/com/meta/constellationauth/CapabilityValue$1.class  
Build & Test Android Companion	Inspect Wearables Class	2026-07-16T08:05:30.7599768Z   inflating: classes_out/com/meta/constellationauth/CapabilityValue$a.class  
Build & Test Android Companion	Inspect Wearables Class	2026-07-16T08:05:30.7600145Z   inflating: classes_out/com/meta/constellationauth/CapabilityValue.class  
Build & Test Android Companion	Inspect Wearables Class	2026-07-16T08:05:30.7600482Z   inflating: classes_out/com/meta/constellationauth/EnableTrust$1.class  
Build & Test Android Companion	Inspect Wearables Class	2026-07-16T08:05:30.7600874Z   inflating: classes_out/com/meta/constellationauth/EnableTrust$Builder.class  
Build & Test Android Companion	Inspect Wearables Class	2026-07-16T08:05:30.7601211Z   inflating: classes_out/com/meta/constellationauth/EnableTrust.class  
Build & Test Android Companion	Inspect Wearables Class	2026-07-16T08:05:30.7601500Z   inflating: classes_out/com/meta/constellationauth/a.class  
Build & Test Android Companion	Inspect Wearables Class	2026-07-16T08:05:30.7601779Z   inflating: classes_out/com/meta/constellationauth/b.class  
Build & Test Android Companion	Inspect Wearables Class	2026-07-16T08:05:30.7602198Z   inflating: classes_out/com/meta/constellationauth/ManifestCapabilities$1.class  
Build & Test Android Companion	Inspect Wearables Class	2026-07-16T08:05:30.7602651Z   inflating: classes_out/com/meta/constellationauth/ManifestCapabilities$Builder.class  
Build & Test Android Companion	Inspect Wearables Class	2026-07-16T08:05:30.7603089Z   inflating: classes_out/com/meta/constellationauth/ManifestCapabilities.class  
Build & Test Android Companion	Inspect Wearables Class	2026-07-16T08:05:30.7603731Z   inflating: classes_out/com/meta/constellationauth/ManifestFileComplete$1.class  
Build & Test Android Companion	Inspect Wearables Class	2026-07-16T08:05:30.7604195Z   inflating: classes_out/com/meta/constellationauth/ManifestFileComplete$Builder.class  
Build & Test Android Companion	Inspect Wearables Class	2026-07-16T08:05:30.7604598Z   inflating: classes_out/com/meta/constellationauth/ManifestFileComplete.class  
Build & Test Android Companion	Inspect Wearables Class	2026-07-16T08:05:30.7604902Z   inflating: classes_out/com/meta/constellationauth/c$a.class  
Build & Test Android Companion	Inspect Wearables Class	2026-07-16T08:05:30.7605172Z   inflating: classes_out/com/meta/constellationauth/c.class  
Build & Test Android Companion	Inspect Wearables Class	2026-07-16T08:05:30.7605531Z   inflating: classes_out/com/meta/coreux/session/proto/MessageType$1.class  
Build & Test Android Companion	Inspect Wearables Class	2026-07-16T08:05:30.7605904Z   inflating: classes_out/com/meta/coreux/session/proto/MessageType$a.class  
Build & Test Android Companion	Inspect Wearables Class	2026-07-16T08:05:30.7606253Z   inflating: classes_out/com/meta/coreux/session/proto/MessageType.class  
Build & Test Android Companion	Inspect Wearables Class	2026-07-16T08:05:30.7606623Z   inflating: classes_out/com/meta/coreux/session/proto/SessionPause$1.class  
Build & Test Android Companion	Inspect Wearables Class	2026-07-16T08:05:30.7607050Z   inflating: classes_out/com/meta/coreux/session/proto/SessionPause$Builder.class  
Build & Test Android Companion	Inspect Wearables Class	2026-07-16T08:05:30.7607412Z   inflating: classes_out/com/meta/coreux/session/proto/SessionPause.class  
Build & Test Android Companion	Inspect Wearables Class	2026-07-16T08:05:30.7607840Z   inflating: classes_out/com/meta/coreux/session/proto/SessionPauseRequest$1.class  
Build & Test Android Companion	Inspect Wearables Class	2026-07-16T08:05:30.7608319Z   inflating: classes_out/com/meta/coreux/session/proto/SessionPauseRequest$Builder.class  
Build & Test Android Companion	Inspect Wearables Class	2026-07-16T08:05:30.7608776Z   inflating: classes_out/com/meta/coreux/session/proto/SessionPauseRequest.class  
Build & Test Android Companion	Inspect Wearables Class	2026-07-16T08:05:30.7609196Z   inflating: classes_out/com/meta/coreux/session/proto/SessionPauseResponse$1.class  
Build & Test Android Companion	Inspect Wearables Class	2026-07-16T08:05:30.7609658Z   inflating: classes_out/com/meta/coreux/session/proto/SessionPauseResponse$Builder.class  
Build & Test Android Companion	Inspect Wearables Class	2026-07-16T08:05:30.7610135Z   inflating: classes_out/com/meta/coreux/session/proto/SessionPauseResponse$Status$1.class  
Build & Test Android Companion	Inspect Wearables Class	2026-07-16T08:05:30.7610597Z   inflating: classes_out/com/meta/coreux/session/proto/SessionPauseResponse$Status$a.class  
Build & Test Android Companion	Inspect Wearables Class	2026-07-16T08:05:30.7611221Z   inflating: classes_out/com/meta/coreux/session/proto/SessionPauseResponse$Status.class  
Build & Test Android Companion	Inspect Wearables Class	2026-07-16T08:05:30.7611641Z   inflating: classes_out/com/meta/coreux/session/proto/SessionPauseResponse.class  
Build & Test Android Companion	Inspect Wearables Class	2026-07-16T08:05:30.7612017Z   inflating: classes_out/com/meta/coreux/session/proto/SessionResume$1.class  
Build & Test Android Companion	Inspect Wearables Class	2026-07-16T08:05:30.7612420Z   inflating: classes_out/com/meta/coreux/session/proto/SessionResume$Builder.class  
Build & Test Android Companion	Inspect Wearables Class	2026-07-16T08:05:30.7612799Z   inflating: classes_out/com/meta/coreux/session/proto/SessionResume.class  
Build & Test Android Companion	Inspect Wearables Class	2026-07-16T08:05:30.7613201Z   inflating: classes_out/com/meta/coreux/session/proto/SessionResumeRequest$1.class  
Build & Test Android Companion	Inspect Wearables Class	2026-07-16T08:05:30.7613899Z   inflating: classes_out/com/meta/coreux/session/proto/SessionResumeRequest$Builder.class  
Build & Test Android Companion	Inspect Wearables Class	2026-07-16T08:05:30.7614324Z   inflating: classes_out/com/meta/coreux/session/proto/SessionResumeRequest.class  
Build & Test Android Companion	Inspect Wearables Class	2026-07-16T08:05:30.7614756Z   inflating: classes_out/com/meta/coreux/session/proto/SessionResumeResponse$1.class  
Build & Test Android Companion	Inspect Wearables Class	2026-07-16T08:05:30.7615406Z   inflating: classes_out/com/meta/coreux/session/proto/SessionResumeResponse$Builder.class  
Build & Test Android Companion	Inspect Wearables Class	2026-07-16T08:05:30.7615893Z   inflating: classes_out/com/meta/coreux/session/proto/SessionResumeResponse$Status$1.class  
Build & Test Android Companion	Inspect Wearables Class	2026-07-16T08:05:30.7616370Z   inflating: classes_out/com/meta/coreux/session/proto/SessionResumeResponse$Status$a.class  
Build & Test Android Companion	Inspect Wearables Class	2026-07-16T08:05:30.7616831Z   inflating: classes_out/com/meta/coreux/session/proto/SessionResumeResponse$Status.class  
Build & Test Android Companion	Inspect Wearables Class	2026-07-16T08:05:30.7617242Z   inflating: classes_out/com/meta/coreux/session/proto/SessionResumeResponse.class  
Build & Test Android Companion	Inspect Wearables Class	2026-07-16T08:05:30.7617648Z   inflating: classes_out/com/meta/coreux/session/proto/SessionStartRequest$1.class  
Build & Test Android Companion	Inspect Wearables Class	2026-07-16T08:05:30.7618091Z   inflating: classes_out/com/meta/coreux/session/proto/SessionStartRequest$Builder.class  
Build & Test Android Companion	Inspect Wearables Class	2026-07-16T08:05:30.7618498Z   inflating: classes_out/com/meta/coreux/session/proto/SessionStartRequest.class  
Build & Test Android Companion	Inspect Wearables Class	2026-07-16T08:05:30.7618929Z   inflating: classes_out/com/meta/coreux/session/proto/SessionStartResponse$1.class  
Build & Test Android Companion	Inspect Wearables Class	2026-07-16T08:05:30.7619388Z   inflating: classes_out/com/meta/coreux/session/proto/SessionStartResponse$Builder.class  
Build & Test Android Companion	Inspect Wearables Class	2026-07-16T08:05:30.7619925Z   inflating: classes_out/com/meta/coreux/session/proto/SessionStartResponse$DwaLaunchStatus$1.class  
Build & Test Android Companion	Inspect Wearables Class	2026-07-16T08:05:30.7620465Z   inflating: classes_out/com/meta/coreux/session/proto/SessionStartResponse$DwaLaunchStatus$a.class  
Build & Test Android Companion	Inspect Wearables Class	2026-07-16T08:05:30.7620988Z   inflating: classes_out/com/meta/coreux/session/proto/SessionStartResponse$DwaLaunchStatus.class  
Build & Test Android Companion	Inspect Wearables Class	2026-07-16T08:05:30.7621455Z   inflating: classes_out/com/meta/coreux/session/proto/SessionStartResponse$Status$1.class  
Build & Test Android Companion	Inspect Wearables Class	2026-07-16T08:05:30.7621915Z   inflating: classes_out/com/meta/coreux/session/proto/SessionStartResponse$Status$a.class  
Build & Test Android Companion	Inspect Wearables Class	2026-07-16T08:05:30.7622366Z   inflating: classes_out/com/meta/coreux/session/proto/SessionStartResponse$Status.class  
Build & Test Android Companion	Inspect Wearables Class	2026-07-16T08:05:30.7622783Z   inflating: classes_out/com/meta/coreux/session/proto/SessionStartResponse.class  
Build & Test Android Companion	Inspect Wearables Class	2026-07-16T08:05:30.7623163Z   inflating: classes_out/com/meta/coreux/session/proto/SessionStop$1.class  
Build & Test Android Companion	Inspect Wearables Class	2026-07-16T08:05:30.7623783Z   inflating: classes_out/com/meta/coreux/session/proto/SessionStop$Builder.class  
Build & Test Android Companion	Inspect Wearables Class	2026-07-16T08:05:30.7624141Z   inflating: classes_out/com/meta/coreux/session/proto/SessionStop.class  
Build & Test Android Companion	Inspect Wearables Class	2026-07-16T08:05:30.7624549Z   inflating: classes_out/com/meta/coreux/session/proto/SessionStopRequest$1.class  
Build & Test Android Companion	Inspect Wearables Class	2026-07-16T08:05:30.7625000Z   inflating: classes_out/com/meta/coreux/session/proto/SessionStopRequest$Builder.class  
Build & Test Android Companion	Inspect Wearables Class	2026-07-16T08:05:30.7625397Z   inflating: classes_out/com/meta/coreux/session/proto/SessionStopRequest.class  
Build & Test Android Companion	Inspect Wearables Class	2026-07-16T08:05:30.7625798Z   inflating: classes_out/com/meta/coreux/session/proto/SessionStopResponse$1.class  
Build & Test Android Companion	Inspect Wearables Class	2026-07-16T08:05:30.7626252Z   inflating: classes_out/com/meta/coreux/session/proto/SessionStopResponse$Builder.class  
Build & Test Android Companion	Inspect Wearables Class	2026-07-16T08:05:30.7626705Z   inflating: classes_out/com/meta/coreux/session/proto/SessionStopResponse$Status$1.class  
Build & Test Android Companion	Inspect Wearables Class	2026-07-16T08:05:30.7627359Z   inflating: classes_out/com/meta/coreux/session/proto/SessionStopResponse$Status$a.class  
Build & Test Android Companion	Inspect Wearables Class	2026-07-16T08:05:30.7627794Z   inflating: classes_out/com/meta/coreux/session/proto/SessionStopResponse$Status.class  
Build & Test Android Companion	Inspect Wearables Class	2026-07-16T08:05:30.7628209Z   inflating: classes_out/com/meta/coreux/session/proto/SessionStopResponse.class  
Build & Test Android Companion	Inspect Wearables Class	2026-07-16T08:05:30.7628558Z   inflating: classes_out/com/meta/wearable/acdc/ACDCService$Default.class  
Build & Test Android Companion	Inspect Wearables Class	2026-07-16T08:05:30.7628923Z   inflating: classes_out/com/meta/wearable/acdc/ACDCService$Stub$Proxy.class  
Build & Test Android Companion	Inspect Wearables Class	2026-07-16T08:05:30.7629255Z   inflating: classes_out/com/meta/wearable/acdc/ACDCService$Stub.class  
Build & Test Android Companion	Inspect Wearables Class	2026-07-16T08:05:30.7629608Z   inflating: classes_out/com/meta/wearable/acdc/ACDCService$_Parcel.class  
Build & Test Android Companion	Inspect Wearables Class	2026-07-16T08:05:30.7629908Z   inflating: classes_out/com/meta/wearable/acdc/ACDCService.class  
Build & Test Android Companion	Inspect Wearables Class	2026-07-16T08:05:30.7630258Z   inflating: classes_out/com/meta/wearable/acdc/AppRegisterRequest.class  
Build & Test Android Companion	Inspect Wearables Class	2026-07-16T08:05:30.7630850Z   inflating: classes_out/com/meta/wearable/acdc/AppRegistrationCallback$Default.class  
Build & Test Android Companion	Inspect Wearables Class	2026-07-16T08:05:30.7631308Z   inflating: classes_out/com/meta/wearable/acdc/AppRegistrationCallback$Stub$Proxy.class  
Build & Test Android Companion	Inspect Wearables Class	2026-07-16T08:05:30.7631724Z   inflating: classes_out/com/meta/wearable/acdc/AppRegistrationCallback$Stub.class  
Build & Test Android Companion	Inspect Wearables Class	2026-07-16T08:05:30.7632116Z   inflating: classes_out/com/meta/wearable/acdc/AppRegistrationCallback$_Parcel.class  
Build & Test Android Companion	Inspect Wearables Class	2026-07-16T08:05:30.7632518Z   inflating: classes_out/com/meta/wearable/acdc/AppRegistrationCallback.class  
Build & Test Android Companion	Inspect Wearables Class	2026-07-16T08:05:30.7632957Z   inflating: classes_out/com/meta/wearable/acdc/AppRegistrationResponseFailure.class  
Build & Test Android Companion	Inspect Wearables Class	2026-07-16T08:05:30.7633612Z   inflating: classes_out/com/meta/wearable/acdc/AppRegistrationResponseSuccess.class  
Build & Test Android Companion	Inspect Wearables Class	2026-07-16T08:05:30.7634000Z   inflating: classes_out/com/meta/wearable/acdc/AppUnregisterRequest.class  
Build & Test Android Companion	Inspect Wearables Class	2026-07-16T08:05:30.7634468Z   inflating: classes_out/com/meta/wearable/acdc/AppUnregistrationCallback$Default.class  
Build & Test Android Companion	Inspect Wearables Class	2026-07-16T08:05:30.7634945Z   inflating: classes_out/com/meta/wearable/acdc/AppUnregistrationCallback$Stub$Proxy.class  
Build & Test Android Companion	Inspect Wearables Class	2026-07-16T08:05:30.7635400Z   inflating: classes_out/com/meta/wearable/acdc/AppUnregistrationCallback$Stub.class  
Build & Test Android Companion	Inspect Wearables Class	2026-07-16T08:05:30.7635877Z   inflating: classes_out/com/meta/wearable/acdc/AppUnregistrationCallback$_Parcel.class  
Build & Test Android Companion	Inspect Wearables Class	2026-07-16T08:05:30.7636276Z   inflating: classes_out/com/meta/wearable/acdc/AppUnregistrationCallback.class  
Build & Test Android Companion	Inspect Wearables Class	2026-07-16T08:05:30.7636749Z   inflating: classes_out/com/meta/wearable/acdc/AppUnregistrationResponseFailure.class  
Build & Test Android Companion	Inspect Wearables Class	2026-07-16T08:05:30.7637208Z   inflating: classes_out/com/meta/wearable/acdc/AppUnregistrationResponseSuccess.class  
Build & Test Android Companion	Inspect Wearables Class	2026-07-16T08:05:30.7637586Z   inflating: classes_out/com/meta/wearable/acdc/BtcDisposeLeaseRequest.class  
Build & Test Android Companion	Inspect Wearables Class	2026-07-16T08:05:30.7638096Z   inflating: classes_out/com/meta/wearable/acdc/BtcDisposeLeaseResponseCallback$Default.class  
Build & Test Android Companion	Inspect Wearables Class	2026-07-16T08:05:30.7638624Z   inflating: classes_out/com/meta/wearable/acdc/BtcDisposeLeaseResponseCallback$Stub$Proxy.class  
Build & Test Android Companion	Inspect Wearables Class	2026-07-16T08:05:30.7639097Z   inflating: classes_out/com/meta/wearable/acdc/BtcDisposeLeaseResponseCallback$Stub.class  
Build & Test Android Companion	Inspect Wearables Class	2026-07-16T08:05:30.7639613Z   inflating: classes_out/com/meta/wearable/acdc/BtcDisposeLeaseResponseCallback$_Parcel.class  
Build & Test Android Companion	Inspect Wearables Class	2026-07-16T08:05:30.7640061Z   inflating: classes_out/com/meta/wearable/acdc/BtcDisposeLeaseResponseCallback.class  
Build & Test Android Companion	Inspect Wearables Class	2026-07-16T08:05:30.7640600Z   inflating: classes_out/com/meta/wearable/acdc/BtcDisposeLeaseResponseFailure.class  
Build & Test Android Companion	Inspect Wearables Class	2026-07-16T08:05:30.7641053Z   inflating: classes_out/com/meta/wearable/acdc/BtcDisposeLeaseResponseSuccess.class  
Build & Test Android Companion	Inspect Wearables Class	2026-07-16T08:05:30.7641387Z   inflating: classes_out/com/meta/wearable/acdc/BtcLeaseRequest.class  
Build & Test Android Companion	Inspect Wearables Class	2026-07-16T08:05:30.7641846Z   inflating: classes_out/com/meta/wearable/acdc/BtcLeaseResponseCallback$Default.class  
Build & Test Android Companion	Inspect Wearables Class	2026-07-16T08:05:30.7642323Z   inflating: classes_out/com/meta/wearable/acdc/BtcLeaseResponseCallback$Stub$Proxy.class  
Build & Test Android Companion	Inspect Wearables Class	2026-07-16T08:05:30.7642938Z   inflating: classes_out/com/meta/wearable/acdc/BtcLeaseResponseCallback$Stub.class  
Build & Test Android Companion	Inspect Wearables Class	2026-07-16T08:05:30.7643610Z   inflating: classes_out/com/meta/wearable/acdc/BtcLeaseResponseCallback$_Parcel.class  
Build & Test Android Companion	Inspect Wearables Class	2026-07-16T08:05:30.7644021Z   inflating: classes_out/com/meta/wearable/acdc/BtcLeaseResponseCallback.class  
Build & Test Android Companion	Inspect Wearables Class	2026-07-16T08:05:30.7644418Z   inflating: classes_out/com/meta/wearable/acdc/BtcLeaseResponseFailure.class  
Build & Test Android Companion	Inspect Wearables Class	2026-07-16T08:05:30.7644809Z   inflating: classes_out/com/meta/wearable/acdc/BtcLeaseResponseSuccess.class  
Build & Test Android Companion	Inspect Wearables Class	2026-07-16T08:05:30.7645240Z   inflating: classes_out/com/meta/wearable/acdc/WiFiLeaseDisposeCallback$Default.class  
Build & Test Android Companion	Inspect Wearables Class	2026-07-16T08:05:30.7645695Z   inflating: classes_out/com/meta/wearable/acdc/WiFiLeaseDisposeCallback$Stub$Proxy.class  
Build & Test Android Companion	Inspect Wearables Class	2026-07-16T08:05:30.7646106Z   inflating: classes_out/com/meta/wearable/acdc/WiFiLeaseDisposeCallback$Stub.class  
Build & Test Android Companion	Inspect Wearables Class	2026-07-16T08:05:30.7646467Z   inflating: classes_out/com/meta/wearable/acdc/WiFiLeaseDisposeCallback$_Parcel.class  
Build & Test Android Companion	Inspect Wearables Class	2026-07-16T08:05:30.7646961Z   inflating: classes_out/com/meta/wearable/acdc/WiFiLeaseDisposeCallback.class  
Build & Test Android Companion	Inspect Wearables Class	2026-07-16T08:05:30.7647403Z   inflating: classes_out/com/meta/wearable/acdc/WiFiLeaseDisposeResponseFailure.class  
Build & Test Android Companion	Inspect Wearables Class	2026-07-16T08:05:30.7647852Z   inflating: classes_out/com/meta/wearable/acdc/WiFiLeaseDisposeResponseSuccess.class  
Build & Test Android Companion	Inspect Wearables Class	2026-07-16T08:05:30.7648192Z   inflating: classes_out/com/meta/wearable/acdc/WiFiLeaseRequest.class  
Build & Test Android Companion	Inspect Wearables Class	2026-07-16T08:05:30.7648547Z   inflating: classes_out/com/meta/wearable/acdc/WiFiLeaseResponse.class  
Build & Test Android Companion	Inspect Wearables Class	2026-07-16T08:05:30.7649005Z   inflating: classes_out/com/meta/wearable/acdc/WiFiLeaseResponseCallback$Default.class  
Build & Test Android Companion	Inspect Wearables Class	2026-07-16T08:05:30.7649476Z   inflating: classes_out/com/meta/wearable/acdc/WiFiLeaseResponseCallback$Stub$Proxy.class  
Build & Test Android Companion	Inspect Wearables Class	2026-07-16T08:05:30.7649908Z   inflating: classes_out/com/meta/wearable/acdc/WiFiLeaseResponseCallback$Stub.class  
Build & Test Android Companion	Inspect Wearables Class	2026-07-16T08:05:30.7650350Z   inflating: classes_out/com/meta/wearable/acdc/WiFiLeaseResponseCallback$_Parcel.class  
Build & Test Android Companion	Inspect Wearables Class	2026-07-16T08:05:30.7650783Z   inflating: classes_out/com/meta/wearable/acdc/WiFiLeaseResponseCallback.class  
Build & Test Android Companion	Inspect Wearables Class	2026-07-16T08:05:30.7651180Z   inflating: classes_out/com/meta/wearable/acdc/WiFiLeaseResponseFailure.class  
Build & Test Android Companion	Inspect Wearables Class	2026-07-16T08:05:30.7651753Z   inflating: classes_out/com/meta/wearable/acdc/airbridge/AirBridgeACDCProvider$Companion$WhenMappings.class  
Build & Test Android Companion	Inspect Wearables Class	2026-07-16T08:05:30.7652268Z   inflating: classes_out/com/meta/wearable/acdc/airbridge/AirBridgeACDCProvider$Companion.class  
Build & Test Android Companion	Inspect Wearables Class	2026-07-16T08:05:30.7652894Z   inflating: classes_out/com/meta/wearable/acdc/airbridge/AirBridgeACDCProvider$start$2$1$WhenMappings.class  
Build & Test Android Companion	Inspect Wearables Class	2026-07-16T08:05:30.7653632Z   inflating: classes_out/com/meta/wearable/acdc/airbridge/AirBridgeACDCProvider$start$2$1.class  
Build & Test Android Companion	Inspect Wearables Class	2026-07-16T08:05:30.7654126Z   inflating: classes_out/com/meta/wearable/acdc/airbridge/AirBridgeACDCProvider$start$2.class  
Build & Test Android Companion	Inspect Wearables Class	2026-07-16T08:05:30.7654578Z   inflating: classes_out/com/meta/wearable/acdc/airbridge/AirBridgeACDCProvider.class  
Build & Test Android Companion	Inspect Wearables Class	2026-07-16T08:05:30.7655145Z   inflating: classes_out/com/meta/wearable/acdc/airbridge/AirBridgeACDCProviderKt$toHexString$1.class  
Build & Test Android Companion	Inspect Wearables Class	2026-07-16T08:05:30.7655607Z   inflating: classes_out/com/meta/wearable/acdc/airbridge/AirBridgeACDCProviderKt.class  
Build & Test Android Companion	Inspect Wearables Class	2026-07-16T08:05:30.7656039Z   inflating: classes_out/com/meta/wearable/acdc/common/ACDCLinkError$Companion.class  
Build & Test Android Companion	Inspect Wearables Class	2026-07-16T08:05:30.7656422Z   inflating: classes_out/com/meta/wearable/acdc/common/ACDCLinkError.class  
Build & Test Android Companion	Inspect Wearables Class	2026-07-16T08:05:30.7656883Z   inflating: classes_out/com/meta/wearable/acdc/common/ACDCRegistrationError$Companion.class  
Build & Test Android Companion	Inspect Wearables Class	2026-07-16T08:05:30.7657299Z   inflating: classes_out/com/meta/wearable/acdc/common/ACDCRegistrationError.class  
Build & Test Android Companion	Inspect Wearables Class	2026-07-16T08:05:30.7657840Z   inflating: classes_out/com/meta/wearable/acdc/common/binderclient/BinderClient$getService$1.class  
Build & Test Android Companion	Inspect Wearables Class	2026-07-16T08:05:30.7658384Z   inflating: classes_out/com/meta/wearable/acdc/common/binderclient/BinderClient$getService$2$2$1.class  
Build & Test Android Companion	Inspect Wearables Class	2026-07-16T08:05:30.7659259Z   inflating: classes_out/com/meta/wearable/acdc/common/binderclient/BinderClient$getService$2$2$serviceConnection$1$onServiceConnected$result$1.class  
Build & Test Android Companion	Inspect Wearables Class	2026-07-16T08:05:30.7660120Z   inflating: classes_out/com/meta/wearable/acdc/common/binderclient/BinderClient$getService$2$2$serviceConnection$1.class  
Build & Test Android Companion	Inspect Wearables Class	2026-07-16T08:05:30.7660580Z   inflating: classes_out/com/meta/wearable/acdc/common/binderclient/BinderClient.class  
Build & Test Android Companion	Inspect Wearables Class	2026-07-16T08:05:30.7661070Z   inflating: classes_out/com/meta/wearable/acdc/common/binderclient/BinderClientError.class  
Build & Test Android Companion	Inspect Wearables Class	2026-07-16T08:05:30.7661510Z   inflating: classes_out/com/meta/wearable/acdc/sdk/ACDC$Companion$getInstance$1$1.class  
Build & Test Android Companion	Inspect Wearables Class	2026-07-16T08:05:30.7661946Z   inflating: classes_out/com/meta/wearable/acdc/sdk/ACDC$Companion$getInstance$1$2.class  
Build & Test Android Companion	Inspect Wearables Class	2026-07-16T08:05:30.7662290Z   inflating: classes_out/com/meta/wearable/acdc/sdk/ACDC$Companion.class  
Build & Test Android Companion	Inspect Wearables Class	2026-07-16T08:05:30.7662584Z   inflating: classes_out/com/meta/wearable/acdc/sdk/ACDC.class  
Build & Test Android Companion	Inspect Wearables Class	2026-07-16T08:05:30.7663006Z   inflating: classes_out/com/meta/wearable/acdc/sdk/ACDCLogsCallback$Default.class  
Build & Test Android Companion	Inspect Wearables Class	2026-07-16T08:05:30.7663780Z   inflating: classes_out/com/meta/wearable/acdc/sdk/ACDCLogsCallback$Stub$Proxy.class  
Build & Test Android Companion	Inspect Wearables Class	2026-07-16T08:05:30.7664180Z   inflating: classes_out/com/meta/wearable/acdc/sdk/ACDCLogsCallback$Stub.class  
Build & Test Android Companion	Inspect Wearables Class	2026-07-16T08:05:30.7664600Z   inflating: classes_out/com/meta/wearable/acdc/sdk/ACDCLogsCallback$_Parcel.class  
Build & Test Android Companion	Inspect Wearables Class	2026-07-16T08:05:30.7664972Z   inflating: classes_out/com/meta/wearable/acdc/sdk/ACDCLogsCallback.class  
Build & Test Android Companion	Inspect Wearables Class	2026-07-16T08:05:30.7665308Z   inflating: classes_out/com/meta/wearable/acdc/sdk/ACDCLogsRequest.class  
Build & Test Android Companion	Inspect Wearables Class	2026-07-16T08:05:30.7665688Z   inflating: classes_out/com/meta/wearable/acdc/sdk/ACDCLogsResponseFailure.class  
Build & Test Android Companion	Inspect Wearables Class	2026-07-16T08:05:30.7666098Z   inflating: classes_out/com/meta/wearable/acdc/sdk/ACDCLogsResponseSuccess.class  
Build & Test Android Companion	Inspect Wearables Class	2026-07-16T08:05:30.7666569Z   inflating: classes_out/com/meta/wearable/acdc/sdk/ACDCRegistrationCallback$Default.class  
Build & Test Android Companion	Inspect Wearables Class	2026-07-16T08:05:30.7667081Z   inflating: classes_out/com/meta/wearable/acdc/sdk/ACDCRegistrationCallback$Stub$Proxy.class  
Build & Test Android Companion	Inspect Wearables Class	2026-07-16T08:05:30.7667532Z   inflating: classes_out/com/meta/wearable/acdc/sdk/ACDCRegistrationCallback$Stub.class  
Build & Test Android Companion	Inspect Wearables Class	2026-07-16T08:05:30.7668017Z   inflating: classes_out/com/meta/wearable/acdc/sdk/ACDCRegistrationCallback$_Parcel.class  
Build & Test Android Companion	Inspect Wearables Class	2026-07-16T08:05:30.7668438Z   inflating: classes_out/com/meta/wearable/acdc/sdk/ACDCRegistrationCallback.class  
Build & Test Android Companion	Inspect Wearables Class	2026-07-16T08:05:30.7668882Z   inflating: classes_out/com/meta/wearable/acdc/sdk/ACDCRegistrationRequest.class  
Build & Test Android Companion	Inspect Wearables Class	2026-07-16T08:05:30.7669353Z   inflating: classes_out/com/meta/wearable/acdc/sdk/ACDCRegistrationResponseFailure.class  
Build & Test Android Companion	Inspect Wearables Class	2026-07-16T08:05:30.7669829Z   inflating: classes_out/com/meta/wearable/acdc/sdk/ACDCRegistrationResponseSuccess.class  
Build & Test Android Companion	Inspect Wearables Class	2026-07-16T08:05:30.7670292Z   inflating: classes_out/com/meta/wearable/acdc/sdk/ACDCRegistrationService$Default.class  
Build & Test Android Companion	Inspect Wearables Class	2026-07-16T08:05:30.7670772Z   inflating: classes_out/com/meta/wearable/acdc/sdk/ACDCRegistrationService$Stub$Proxy.class  
Build & Test Android Companion	Inspect Wearables Class	2026-07-16T08:05:30.7671212Z   inflating: classes_out/com/meta/wearable/acdc/sdk/ACDCRegistrationService$Stub.class  
Build & Test Android Companion	Inspect Wearables Class	2026-07-16T08:05:30.7671678Z   inflating: classes_out/com/meta/wearable/acdc/sdk/ACDCRegistrationService$_Parcel.class  
Build & Test Android Companion	Inspect Wearables Class	2026-07-16T08:05:30.7672102Z   inflating: classes_out/com/meta/wearable/acdc/sdk/ACDCRegistrationService.class  
Build & Test Android Companion	Inspect Wearables Class	2026-07-16T08:05:30.7672573Z   inflating: classes_out/com/meta/wearable/acdc/sdk/ACDCUnregistrationCallback$Default.class  
Build & Test Android Companion	Inspect Wearables Class	2026-07-16T08:05:30.7673091Z   inflating: classes_out/com/meta/wearable/acdc/sdk/ACDCUnregistrationCallback$Stub$Proxy.class  
Build & Test Android Companion	Inspect Wearables Class	2026-07-16T08:05:30.7673750Z   inflating: classes_out/com/meta/wearable/acdc/sdk/ACDCUnregistrationCallback$Stub.class  
Build & Test Android Companion	Inspect Wearables Class	2026-07-16T08:05:30.7674248Z   inflating: classes_out/com/meta/wearable/acdc/sdk/ACDCUnregistrationCallback$_Parcel.class  
Build & Test Android Companion	Inspect Wearables Class	2026-07-16T08:05:30.7674689Z   inflating: classes_out/com/meta/wearable/acdc/sdk/ACDCUnregistrationCallback.class  
Build & Test Android Companion	Inspect Wearables Class	2026-07-16T08:05:30.7675117Z   inflating: classes_out/com/meta/wearable/acdc/sdk/ACDCUnregistrationRequest.class  
Build & Test Android Companion	Inspect Wearables Class	2026-07-16T08:05:30.7675786Z   inflating: classes_out/com/meta/wearable/acdc/sdk/ACDCUnregistrationResponseFailure.class  
Build & Test Android Companion	Inspect Wearables Class	2026-07-16T08:05:30.7676275Z   inflating: classes_out/com/meta/wearable/acdc/sdk/ACDCUnregistrationResponseSuccess.class  
Build & Test Android Companion	Inspect Wearables Class	2026-07-16T08:05:30.7676637Z   inflating: classes_out/com/meta/wearable/acdc/sdk/ACDCVersionKt.class  
Build & Test Android Companion	Inspect Wearables Class	2026-07-16T08:05:30.7677114Z   inflating: classes_out/com/meta/wearable/acdc/sdk/ContextBluetoothAdapterProvider.class  
Build & Test Android Companion	Inspect Wearables Class	2026-07-16T08:05:30.7677531Z   inflating: classes_out/com/meta/wearable/acdc/sdk/LinkedAppManagerImpl$1.class  
Build & Test Android Companion	Inspect Wearables Class	2026-07-16T08:05:30.7677987Z   inflating: classes_out/com/meta/wearable/acdc/sdk/LinkedAppManagerImpl$Companion.class  
Build & Test Android Companion	Inspect Wearables Class	2026-07-16T08:05:30.7678525Z   inflating: classes_out/com/meta/wearable/acdc/sdk/LinkedAppManagerImpl$StartState$Companion.class  
Build & Test Android Companion	Inspect Wearables Class	2026-07-16T08:05:30.7678998Z   inflating: classes_out/com/meta/wearable/acdc/sdk/LinkedAppManagerImpl$StartState.class  
Build & Test Android Companion	Inspect Wearables Class	2026-07-16T08:05:30.7679614Z   inflating: classes_out/com/meta/wearable/acdc/sdk/LinkedAppManagerImpl$bondStateBroadcastReceiver$1.class  
Build & Test Android Companion	Inspect Wearables Class	2026-07-16T08:05:30.7680369Z   inflating: classes_out/com/meta/wearable/acdc/sdk/LinkedAppManagerImpl$cleanupRemovedDevices$1.class  
Build & Test Android Companion	Inspect Wearables Class	2026-07-16T08:05:30.7680816Z   inflating: classes_out/com/meta/wearable/acdc/sdk/LinkedAppManagerImpl$dump$1.class  
Build & Test Android Companion	Inspect Wearables Class	2026-07-16T08:05:30.7681400Z   inflating: classes_out/com/meta/wearable/acdc/sdk/LinkedAppManagerImpl$handleManifestChange$1$1.class  
Build & Test Android Companion	Inspect Wearables Class	2026-07-16T08:05:30.7682071Z   inflating: classes_out/com/meta/wearable/acdc/sdk/LinkedAppManagerImpl$handleManifestChange$1$2$WhenMappings.class  
Build & Test Android Companion	Inspect Wearables Class	2026-07-16T08:05:30.7682648Z   inflating: classes_out/com/meta/wearable/acdc/sdk/LinkedAppManagerImpl$handleManifestChange$1$2.class  
Build & Test Android Companion	Inspect Wearables Class	2026-07-16T08:05:30.7683147Z   inflating: classes_out/com/meta/wearable/acdc/sdk/LinkedAppManagerImpl$monitorDevices$1$2.class  
Build & Test Android Companion	Inspect Wearables Class	2026-07-16T08:05:30.7683899Z   inflating: classes_out/com/meta/wearable/acdc/sdk/LinkedAppManagerImpl$monitorState$1$1.class  
Build & Test Android Companion	Inspect Wearables Class	2026-07-16T08:05:30.7684398Z   inflating: classes_out/com/meta/wearable/acdc/sdk/LinkedAppManagerImpl$onBondRemoved$1.class  
Build & Test Android Companion	Inspect Wearables Class	2026-07-16T08:05:30.7684902Z   inflating: classes_out/com/meta/wearable/acdc/sdk/LinkedAppManagerImpl$onBondRemoved$2.class  
Build & Test Android Companion	Inspect Wearables Class	2026-07-16T08:05:30.7685347Z   inflating: classes_out/com/meta/wearable/acdc/sdk/LinkedAppManagerImpl$start$1$1.class  
Build & Test Android Companion	Inspect Wearables Class	2026-07-16T08:05:30.7685797Z   inflating: classes_out/com/meta/wearable/acdc/sdk/LinkedAppManagerImpl$start$1$2.class  
Build & Test Android Companion	Inspect Wearables Class	2026-07-16T08:05:30.7686280Z   inflating: classes_out/com/meta/wearable/acdc/sdk/LinkedAppManagerImpl$toHexString$1.class  
Build & Test Android Companion	Inspect Wearables Class	2026-07-16T08:05:30.7686699Z   inflating: classes_out/com/meta/wearable/acdc/sdk/LinkedAppManagerImpl.class  
Build & Test Android Companion	Inspect Wearables Class	2026-07-16T08:05:30.7687201Z   inflating: classes_out/com/meta/wearable/acdc/sdk/LinkedAppManagerMux$attachFake$1$1.class  
Build & Test Android Companion	Inspect Wearables Class	2026-07-16T08:05:30.7687708Z   inflating: classes_out/com/meta/wearable/acdc/sdk/LinkedAppManagerMux$monitorDevices$1$2.class  
Build & Test Android Companion	Inspect Wearables Class	2026-07-16T08:05:30.7688376Z   inflating: classes_out/com/meta/wearable/acdc/sdk/LinkedAppManagerMux$monitorDevices$1$syncDeviceCallback$1.class  
Build & Test Android Companion	Inspect Wearables Class	2026-07-16T08:05:30.7688757Z   inflating: classes_out/com/meta/wearable/acdc/sdk/LinkedAppManagerMux.class  
Build & Test Android Companion	Inspect Wearables Class	2026-07-16T08:05:30.7689255Z   inflating: classes_out/com/meta/wearable/acdc/sdk/analytics/api/ACDCDeviceDiscoveryEvent.class  
Build & Test Android Companion	Inspect Wearables Class	2026-07-16T08:05:30.7689700Z   inflating: classes_out/com/meta/wearable/acdc/sdk/analytics/api/ACDCEventLogger.class  
Build & Test Android Companion	Inspect Wearables Class	2026-07-16T08:05:30.7690228Z   inflating: classes_out/com/meta/wearable/acdc/sdk/analytics/api/ACDCLinkConnectionEvent.class  
Build & Test Android Companion	Inspect Wearables Class	2026-07-16T08:05:30.7690702Z   inflating: classes_out/com/meta/wearable/acdc/sdk/analytics/api/ACDCStartStopEvent.class  
Build & Test Android Companion	Inspect Wearables Class	2026-07-16T08:05:30.7691179Z   inflating: classes_out/com/meta/wearable/acdc/sdk/analytics/noop/NoOpACDCEventLogger.class  
Build & Test Android Companion	Inspect Wearables Class	2026-07-16T08:05:30.7691532Z   inflating: classes_out/com/meta/wearable/acdc/sdk/api/ACDCReason.class  
Build & Test Android Companion	Inspect Wearables Class	2026-07-16T08:05:30.7691898Z   inflating: classes_out/com/meta/wearable/acdc/sdk/api/ACDCReasonType.class  
Build & Test Android Companion	Inspect Wearables Class	2026-07-16T08:05:30.7692529Z   inflating: classes_out/com/meta/wearable/acdc/sdk/api/ACDCResultCode$Companion.class  
Build & Test Android Companion	Inspect Wearables Class	2026-07-16T08:05:30.7692886Z   inflating: classes_out/com/meta/wearable/acdc/sdk/api/ACDCResultCode.class  
Build & Test Android Companion	Inspect Wearables Class	2026-07-16T08:05:30.7693514Z   inflating: classes_out/com/meta/wearable/acdc/sdk/api/ACDCSecureRegistrar.class  
Build & Test Android Companion	Inspect Wearables Class	2026-07-16T08:05:30.7693872Z   inflating: classes_out/com/meta/wearable/acdc/sdk/api/ACDCState.class  
Build & Test Android Companion	Inspect Wearables Class	2026-07-16T08:05:30.7694318Z   inflating: classes_out/com/meta/wearable/acdc/sdk/api/BluetoothAdapterProvider.class  
Build & Test Android Companion	Inspect Wearables Class	2026-07-16T08:05:30.7694790Z   inflating: classes_out/com/meta/wearable/acdc/sdk/api/DeviceTypeRegistry$Companion.class  
Build & Test Android Companion	Inspect Wearables Class	2026-07-16T08:05:30.7695196Z   inflating: classes_out/com/meta/wearable/acdc/sdk/api/DeviceTypeRegistry.class  
Build & Test Android Companion	Inspect Wearables Class	2026-07-16T08:05:30.7695537Z   inflating: classes_out/com/meta/wearable/acdc/sdk/api/LeaseState.class  
Build & Test Android Companion	Inspect Wearables Class	2026-07-16T08:05:30.7695880Z   inflating: classes_out/com/meta/wearable/acdc/sdk/api/LinkState.class  
Build & Test Android Companion	Inspect Wearables Class	2026-07-16T08:05:30.7696263Z   inflating: classes_out/com/meta/wearable/acdc/sdk/api/LinkedAppManager.class  
Build & Test Android Companion	Inspect Wearables Class	2026-07-16T08:05:30.7696822Z   inflating: classes_out/com/meta/wearable/acdc/sdk/api/LinkedDevice.class  
Build & Test Android Companion	Inspect Wearables Class	2026-07-16T08:05:30.7697249Z   inflating: classes_out/com/meta/wearable/acdc/sdk/api/LinkedDeviceMetadata.class  
Build & Test Android Companion	Inspect Wearables Class	2026-07-16T08:05:30.7697606Z   inflating: classes_out/com/meta/wearable/acdc/sdk/api/Subscription.class  
Build & Test Android Companion	Inspect Wearables Class	2026-07-16T08:05:30.7698056Z   inflating: classes_out/com/meta/wearable/acdc/sdk/api/TargetLinkState$Companion.class  
Build & Test Android Companion	Inspect Wearables Class	2026-07-16T08:05:30.7698430Z   inflating: classes_out/com/meta/wearable/acdc/sdk/api/TargetLinkState.class  
Build & Test Android Companion	Inspect Wearables Class	2026-07-16T08:05:30.7698934Z   inflating: classes_out/com/meta/wearable/acdc/sdk/api/ThirdPartyDeviceTypeRegistryKt.class  
Build & Test Android Companion	Inspect Wearables Class	2026-07-16T08:05:30.7699472Z   inflating: classes_out/com/meta/wearable/acdc/sdk/api/internal/ILinkSecurerForStreamFactory.class  
Build & Test Android Companion	Inspect Wearables Class	2026-07-16T08:05:30.7699923Z   inflating: classes_out/com/meta/wearable/acdc/sdk/api/internal/ISocketFactory.class  
Build & Test Android Companion	Inspect Wearables Class	2026-07-16T08:05:30.7700283Z   inflating: classes_out/com/meta/wearable/acdc/sdk/auth/Challenges.class  
Build & Test Android Companion	Inspect Wearables Class	2026-07-16T08:05:30.7700647Z   inflating: classes_out/com/meta/wearable/acdc/sdk/auth/ChallengesKt.class  
Build & Test Android Companion	Inspect Wearables Class	2026-07-16T08:05:30.7701189Z   inflating: classes_out/com/meta/wearable/acdc/sdk/auth/ConstellationAuthentication$Companion.class  
Build & Test Android Companion	Inspect Wearables Class	2026-07-16T08:05:30.7701834Z   inflating: classes_out/com/meta/wearable/acdc/sdk/auth/ConstellationAuthentication$getChannel$newChannel$1$1.class  
Build & Test Android Companion	Inspect Wearables Class	2026-07-16T08:05:30.7702552Z   inflating: classes_out/com/meta/wearable/acdc/sdk/auth/ConstellationAuthentication$handleEnableTrustReceived$1.class  
Build & Test Android Companion	Inspect Wearables Class	2026-07-16T08:05:30.7714543Z   inflating: classes_out/com/meta/wearable/acdc/sdk/auth/ConstellationAuthentication$handleEnableTrustReceived$2.class  
Build & Test Android Companion	Inspect Wearables Class	2026-07-16T08:05:30.7715471Z   inflating: classes_out/com/meta/wearable/acdc/sdk/auth/ConstellationAuthentication$handleEnableTrustReceived$selfVersion$1.class  
Build & Test Android Companion	Inspect Wearables Class	2026-07-16T08:05:30.7716260Z   inflating: classes_out/com/meta/wearable/acdc/sdk/auth/ConstellationAuthentication$handleEnableTrustReceived$selfVersion$2.class  
Build & Test Android Companion	Inspect Wearables Class	2026-07-16T08:05:30.7717036Z   inflating: classes_out/com/meta/wearable/acdc/sdk/auth/ConstellationAuthentication$handleManifestFileTransferComplete$1.class  
Build & Test Android Companion	Inspect Wearables Class	2026-07-16T08:05:30.7717827Z   inflating: classes_out/com/meta/wearable/acdc/sdk/auth/ConstellationAuthentication$handleManifestFileTransferComplete$2$1$1.class  
Build & Test Android Companion	Inspect Wearables Class	2026-07-16T08:05:30.7718613Z   inflating: classes_out/com/meta/wearable/acdc/sdk/auth/ConstellationAuthentication$handleManifestFileTransferComplete$2$1$2.class  
Build & Test Android Companion	Inspect Wearables Class	2026-07-16T08:05:30.7722635Z   inflating: classes_out/com/meta/wearable/acdc/sdk/auth/ConstellationAuthentication$handleManifestFileTransferComplete$2$1.class  
Build & Test Android Companion	Inspect Wearables Class	2026-07-16T08:05:30.7723720Z   inflating: classes_out/com/meta/wearable/acdc/sdk/auth/ConstellationAuthentication$handleManifestFileTransferComplete$2.class  
Build & Test Android Companion	Inspect Wearables Class	2026-07-16T08:05:30.7724247Z   inflating: classes_out/com/meta/wearable/acdc/sdk/auth/ConstellationAuthentication$onError$1$1.class  
Build & Test Android Companion	Inspect Wearables Class	2026-07-16T08:05:30.7724766Z   inflating: classes_out/com/meta/wearable/acdc/sdk/auth/ConstellationAuthentication$onError$1$2.class  
Build & Test Android Companion	Inspect Wearables Class	2026-07-16T08:05:30.7725082Z   inflating: classes_out/com/meta/wearable/acdc/sdk/auth/ConstellationAuthentication$onError$1.class  
Build & Test Android Companion	Inspect Wearables Class	2026-07-16T08:05:30.7725400Z   inflating: classes_out/com/meta/wearable/acdc/sdk/auth/ConstellationAuthentication$onError$2$1.class  
Build & Test Android Companion	Inspect Wearables Class	2026-07-16T08:05:30.7725713Z   inflating: classes_out/com/meta/wearable/acdc/sdk/auth/ConstellationAuthentication$onError$2$2.class  
Build & Test Android Companion	Inspect Wearables Class	2026-07-16T08:05:30.7726211Z   inflating: classes_out/com/meta/wearable/acdc/sdk/auth/ConstellationAuthentication$onError$2.class  
Build & Test Android Companion	Inspect Wearables Class	2026-07-16T08:05:30.7727056Z   inflating: classes_out/com/meta/wearable/acdc/sdk/auth/ConstellationAuthentication$onTrustEnabledCallback$1.class  
Build & Test Android Companion	Inspect Wearables Class	2026-07-16T08:05:30.7727685Z   inflating: classes_out/com/meta/wearable/acdc/sdk/auth/ConstellationAuthentication$sendEnableTrust$2.class  
Build & Test Android Companion	Inspect Wearables Class	2026-07-16T08:05:30.7728403Z   inflating: classes_out/com/meta/wearable/acdc/sdk/auth/ConstellationAuthentication$sendEnableTrust$3$WhenMappings.class  
Build & Test Android Companion	Inspect Wearables Class	2026-07-16T08:05:30.7729208Z   inflating: classes_out/com/meta/wearable/acdc/sdk/auth/ConstellationAuthentication$sendEnableTrust$3.class  
Build & Test Android Companion	Inspect Wearables Class	2026-07-16T08:05:30.7729816Z   inflating: classes_out/com/meta/wearable/acdc/sdk/auth/ConstellationAuthentication$verifySignature$1.class  
Build & Test Android Companion	Inspect Wearables Class	2026-07-16T08:05:30.7730423Z   inflating: classes_out/com/meta/wearable/acdc/sdk/auth/ConstellationAuthentication$verifySignature$2.class  
Build & Test Android Companion	Inspect Wearables Class	2026-07-16T08:05:30.7730906Z   inflating: classes_out/com/meta/wearable/acdc/sdk/auth/ConstellationAuthentication.class  
Build & Test Android Companion	Inspect Wearables Class	2026-07-16T08:05:30.7731311Z   inflating: classes_out/com/meta/wearable/acdc/sdk/device/LinkSwitchJob$1$1.class  
Build & Test Android Companion	Inspect Wearables Class	2026-07-16T08:05:30.7731744Z   inflating: classes_out/com/meta/wearable/acdc/sdk/device/LinkSwitchJob$1$2$1.class  
Build & Test Android Companion	Inspect Wearables Class	2026-07-16T08:05:30.7732158Z   inflating: classes_out/com/meta/wearable/acdc/sdk/device/LinkSwitchJob$1$2$10.class  
Build & Test Android Companion	Inspect Wearables Class	2026-07-16T08:05:30.7732571Z   inflating: classes_out/com/meta/wearable/acdc/sdk/device/LinkSwitchJob$1$2$11.class  
Build & Test Android Companion	Inspect Wearables Class	2026-07-16T08:05:30.7732983Z   inflating: classes_out/com/meta/wearable/acdc/sdk/device/LinkSwitchJob$1$2$12.class  
Build & Test Android Companion	Inspect Wearables Class	2026-07-16T08:05:30.7733625Z   inflating: classes_out/com/meta/wearable/acdc/sdk/device/LinkSwitchJob$1$2$13.class  
Build & Test Android Companion	Inspect Wearables Class	2026-07-16T08:05:30.7734043Z   inflating: classes_out/com/meta/wearable/acdc/sdk/device/LinkSwitchJob$1$2$14.class  
Build & Test Android Companion	Inspect Wearables Class	2026-07-16T08:05:30.7734455Z   inflating: classes_out/com/meta/wearable/acdc/sdk/device/LinkSwitchJob$1$2$15.class  
Build & Test Android Companion	Inspect Wearables Class	2026-07-16T08:05:30.7734859Z   inflating: classes_out/com/meta/wearable/acdc/sdk/device/LinkSwitchJob$1$2$16.class  
Build & Test Android Companion	Inspect Wearables Class	2026-07-16T08:05:30.7735248Z   inflating: classes_out/com/meta/wearable/acdc/sdk/device/LinkSwitchJob$1$2$2.class  
Build & Test Android Companion	Inspect Wearables Class	2026-07-16T08:05:30.7764170Z   inflating: classes_out/com/meta/wearable/acdc/sdk/device/LinkSwitchJob$1$2$3.class  
Build & Test Android Companion	Inspect Wearables Class	2026-07-16T08:05:30.7768854Z   inflating: classes_out/com/meta/wearable/acdc/sdk/device/LinkSwitchJob$1$2$4.class  
Build & Test Android Companion	Inspect Wearables Class	2026-07-16T08:05:30.7769471Z   inflating: classes_out/com/meta/wearable/acdc/sdk/device/LinkSwitchJob$1$2$5.class  
Build & Test Android Companion	Inspect Wearables Class	2026-07-16T08:05:30.7770069Z   inflating: classes_out/com/meta/wearable/acdc/sdk/device/LinkSwitchJob$1$2$6.class  
Build & Test Android Companion	Inspect Wearables Class	2026-07-16T08:05:30.7770678Z   inflating: classes_out/com/meta/wearable/acdc/sdk/device/LinkSwitchJob$1$2$7.class  
Build & Test Android Companion	Inspect Wearables Class	2026-07-16T08:05:30.7771231Z   inflating: classes_out/com/meta/wearable/acdc/sdk/device/LinkSwitchJob$1$2$8.class  
Build & Test Android Companion	Inspect Wearables Class	2026-07-16T08:05:30.7771839Z   inflating: classes_out/com/meta/wearable/acdc/sdk/device/LinkSwitchJob$1$2$9.class  
Build & Test Android Companion	Inspect Wearables Class	2026-07-16T08:05:30.7772426Z   inflating: classes_out/com/meta/wearable/acdc/sdk/device/LinkSwitchJob$1$2.class  
Build & Test Android Companion	Inspect Wearables Class	2026-07-16T08:05:30.7773015Z   inflating: classes_out/com/meta/wearable/acdc/sdk/device/LinkSwitchJob$1.class  
Build & Test Android Companion	Inspect Wearables Class	2026-07-16T08:05:30.7773873Z   inflating: classes_out/com/meta/wearable/acdc/sdk/device/LinkSwitchJob$Companion.class  
Build & Test Android Companion	Inspect Wearables Class	2026-07-16T08:05:30.7774607Z   inflating: classes_out/com/meta/wearable/acdc/sdk/device/LinkSwitchJob$LinkSwitchInfo.class  
Build & Test Android Companion	Inspect Wearables Class	2026-07-16T08:05:30.7775449Z   inflating: classes_out/com/meta/wearable/acdc/sdk/device/LinkSwitchJob$WhenMappings.class  
Build & Test Android Companion	Inspect Wearables Class	2026-07-16T08:05:30.7776211Z   inflating: classes_out/com/meta/wearable/acdc/sdk/device/LinkSwitchJob$combine$$inlined$combine$1$2.class  
Build & Test Android Companion	Inspect Wearables Class	2026-07-16T08:05:30.7776953Z   inflating: classes_out/com/meta/wearable/acdc/sdk/device/LinkSwitchJob$combine$$inlined$combine$1$3.class  
Build & Test Android Companion	Inspect Wearables Class	2026-07-16T08:05:30.7777695Z   inflating: classes_out/com/meta/wearable/acdc/sdk/device/LinkSwitchJob$combine$$inlined$combine$1.class  
Build & Test Android Companion	Inspect Wearables Class	2026-07-16T08:05:30.7778458Z   inflating: classes_out/com/meta/wearable/acdc/sdk/device/LinkSwitchJob$createMwaBtcLeases$1$1$1$1$1.class  
Build & Test Android Companion	Inspect Wearables Class	2026-07-16T08:05:30.7779244Z   inflating: classes_out/com/meta/wearable/acdc/sdk/device/LinkSwitchJob$createMwaBtcLeases$1$1$1$1$2.class  
Build & Test Android Companion	Inspect Wearables Class	2026-07-16T08:05:30.7779963Z   inflating: classes_out/com/meta/wearable/acdc/sdk/device/LinkSwitchJob$createMwaBtcLeases$1$1$1.class  
Build & Test Android Companion	Inspect Wearables Class	2026-07-16T08:05:30.7780738Z   inflating: classes_out/com/meta/wearable/acdc/sdk/device/LinkSwitchJob$createMwaBtcLeases$1$2$removed$1.class  
Build & Test Android Companion	Inspect Wearables Class	2026-07-16T08:05:30.7781651Z   inflating: classes_out/com/meta/wearable/acdc/sdk/device/LinkSwitchJob$createMwaLeases$1$1.class  
Build & Test Android Companion	Inspect Wearables Class	2026-07-16T08:05:30.7782345Z   inflating: classes_out/com/meta/wearable/acdc/sdk/device/LinkSwitchJob$createMwaLeases$1$2.class  
Build & Test Android Companion	Inspect Wearables Class	2026-07-16T08:05:30.7783111Z   inflating: classes_out/com/meta/wearable/acdc/sdk/device/LinkSwitchJob$createMwaWiFiLeases$1$1$1$1$1.class  
Build & Test Android Companion	Inspect Wearables Class	2026-07-16T08:05:30.7784110Z   inflating: classes_out/com/meta/wearable/acdc/sdk/device/LinkSwitchJob$createMwaWiFiLeases$1$1$1$1$2.class  
Build & Test Android Companion	Inspect Wearables Class	2026-07-16T08:05:30.7784874Z   inflating: classes_out/com/meta/wearable/acdc/sdk/device/LinkSwitchJob$createMwaWiFiLeases$1$1$1.class  
Build & Test Android Companion	Inspect Wearables Class	2026-07-16T08:05:30.7785685Z   inflating: classes_out/com/meta/wearable/acdc/sdk/device/LinkSwitchJob$createMwaWiFiLeases$1$2$removed$1.class  
Build & Test Android Companion	Inspect Wearables Class	2026-07-16T08:05:30.7786447Z   inflating: classes_out/com/meta/wearable/acdc/sdk/device/LinkSwitchJob$disposeMwaBtcLeases$1$1$1$1$1.class  
Build & Test Android Companion	Inspect Wearables Class	2026-07-16T08:05:30.7787228Z   inflating: classes_out/com/meta/wearable/acdc/sdk/device/LinkSwitchJob$disposeMwaBtcLeases$1$1$1$1$2.class  
Build & Test Android Companion	Inspect Wearables Class	2026-07-16T08:05:30.7787965Z   inflating: classes_out/com/meta/wearable/acdc/sdk/device/LinkSwitchJob$disposeMwaBtcLeases$1$1$1.class  
Build & Test Android Companion	Inspect Wearables Class	2026-07-16T08:05:30.7788768Z   inflating: classes_out/com/meta/wearable/acdc/sdk/device/LinkSwitchJob$disposeMwaBtcLeases$1$2$removed$1.class  
Build & Test Android Companion	Inspect Wearables Class	2026-07-16T08:05:30.7789473Z   inflating: classes_out/com/meta/wearable/acdc/sdk/device/LinkSwitchJob$disposeMwaLeases$1$1.class  
Build & Test Android Companion	Inspect Wearables Class	2026-07-16T08:05:30.7790172Z   inflating: classes_out/com/meta/wearable/acdc/sdk/device/LinkSwitchJob$disposeMwaLeases$1$2.class  
Build & Test Android Companion	Inspect Wearables Class	2026-07-16T08:05:30.7790894Z   inflating: classes_out/com/meta/wearable/acdc/sdk/device/LinkSwitchJob$disposeMwaWiFiLeases$1$1$1$1$1.class  
Build & Test Android Companion	Inspect Wearables Class	2026-07-16T08:05:30.7791664Z   inflating: classes_out/com/meta/wearable/acdc/sdk/device/LinkSwitchJob$disposeMwaWiFiLeases$1$1$1$1$2.class  
Build & Test Android Companion	Inspect Wearables Class	2026-07-16T08:05:30.7792421Z   inflating: classes_out/com/meta/wearable/acdc/sdk/device/LinkSwitchJob$disposeMwaWiFiLeases$1$1$1.class  
Build & Test Android Companion	Inspect Wearables Class	2026-07-16T08:05:30.7793225Z   inflating: classes_out/com/meta/wearable/acdc/sdk/device/LinkSwitchJob$disposeMwaWiFiLeases$1$2$removed$1.class  
Build & Test Android Companion	Inspect Wearables Class	2026-07-16T08:05:30.7794192Z   inflating: classes_out/com/meta/wearable/acdc/sdk/device/LinkSwitchJob$downgradeFromBtcToBle$1.class  
Build & Test Android Companion	Inspect Wearables Class	2026-07-16T08:05:30.7795006Z   inflating: classes_out/com/meta/wearable/acdc/sdk/device/LinkSwitchJob$downgradeFromWiFiDirectToBle$1.class  
Build & Test Android Companion	Inspect Wearables Class	2026-07-16T08:05:30.7795780Z   inflating: classes_out/com/meta/wearable/acdc/sdk/device/LinkSwitchJob$downgradeFromWiFiDirectToBtc$1.class  
Build & Test Android Companion	Inspect Wearables Class	2026-07-16T08:05:30.7796510Z   inflating: classes_out/com/meta/wearable/acdc/sdk/device/LinkSwitchJob$switchLink$linkManager$1$1.class  
Build & Test Android Companion	Inspect Wearables Class	2026-07-16T08:05:30.7797102Z   inflating: classes_out/com/meta/wearable/acdc/sdk/device/LinkSwitchJob.class  
Build & Test Android Companion	Inspect Wearables Class	2026-07-16T08:05:30.7797699Z   inflating: classes_out/com/meta/wearable/acdc/sdk/device/MetaWearable$Companion.class  
Build & Test Android Companion	Inspect Wearables Class	2026-07-16T08:05:30.7798549Z   inflating: classes_out/com/meta/wearable/acdc/sdk/device/MetaWearable$WhenMappings.class  
Build & Test Android Companion	Inspect Wearables Class	2026-07-16T08:05:30.7799253Z   inflating: classes_out/com/meta/wearable/acdc/sdk/device/MetaWearable$bleConnectionJob$1.class  
Build & Test Android Companion	Inspect Wearables Class	2026-07-16T08:05:30.7799948Z   inflating: classes_out/com/meta/wearable/acdc/sdk/device/MetaWearable$bleConnectionJob$2$1.class  
Build & Test Android Companion	Inspect Wearables Class	2026-07-16T08:05:30.7800641Z   inflating: classes_out/com/meta/wearable/acdc/sdk/device/MetaWearable$bleConnectionJob$2.class  
Build & Test Android Companion	Inspect Wearables Class	2026-07-16T08:05:30.7801315Z   inflating: classes_out/com/meta/wearable/acdc/sdk/device/MetaWearable$btcConnectionJob$1.class  
Build & Test Android Companion	Inspect Wearables Class	2026-07-16T08:05:30.7801994Z   inflating: classes_out/com/meta/wearable/acdc/sdk/device/MetaWearable$btcConnectionJob$2.class  
Build & Test Android Companion	Inspect Wearables Class	2026-07-16T08:05:30.7802653Z   inflating: classes_out/com/meta/wearable/acdc/sdk/device/MetaWearable$btcConnectionJob$3$1.class  
Build & Test Android Companion	Inspect Wearables Class	2026-07-16T08:05:30.7803548Z   inflating: classes_out/com/meta/wearable/acdc/sdk/device/MetaWearable$btcConnectionJob$3.class  
Build & Test Android Companion	Inspect Wearables Class	2026-07-16T08:05:30.7804198Z   inflating: classes_out/com/meta/wearable/acdc/sdk/device/MetaWearable$connection$1.class  
Build & Test Android Companion	Inspect Wearables Class	2026-07-16T08:05:30.7805070Z   inflating: classes_out/com/meta/wearable/acdc/sdk/device/MetaWearable$connection$2$1.class  
Build & Test Android Companion	Inspect Wearables Class	2026-07-16T08:05:30.7805712Z   inflating: classes_out/com/meta/wearable/acdc/sdk/device/MetaWearable$connection$2$2.class  
Build & Test Android Companion	Inspect Wearables Class	2026-07-16T08:05:30.7806324Z   inflating: classes_out/com/meta/wearable/acdc/sdk/device/MetaWearable$connection$2$3.class  
Build & Test Android Companion	Inspect Wearables Class	2026-07-16T08:05:30.7806927Z   inflating: classes_out/com/meta/wearable/acdc/sdk/device/MetaWearable$connection$2$4.class  
Build & Test Android Companion	Inspect Wearables Class	2026-07-16T08:05:30.7807530Z   inflating: classes_out/com/meta/wearable/acdc/sdk/device/MetaWearable$createLinkLease$1$1.class  
Build & Test Android Companion	Inspect Wearables Class	2026-07-16T08:05:30.7808075Z   inflating: classes_out/com/meta/wearable/acdc/sdk/device/MetaWearable$createLinkLease$1$2.class  
Build & Test Android Companion	Inspect Wearables Class	2026-07-16T08:05:30.7808633Z   inflating: classes_out/com/meta/wearable/acdc/sdk/device/MetaWearable$createLinkLease$1$3.class  
Build & Test Android Companion	Inspect Wearables Class	2026-07-16T08:05:30.7809372Z   inflating: classes_out/com/meta/wearable/acdc/sdk/device/MetaWearable$createLinkLease$1$lease$1$1$1.class  
Build & Test Android Companion	Inspect Wearables Class	2026-07-16T08:05:30.7810144Z   inflating: classes_out/com/meta/wearable/acdc/sdk/device/MetaWearable$createLinkLease$1$lease$1$1$2.class  
Build & Test Android Companion	Inspect Wearables Class	2026-07-16T08:05:30.7811026Z   inflating: classes_out/com/meta/wearable/acdc/sdk/device/MetaWearable$createLinkLease$1$lease$1$1$leaseStateFlow$1.class  
Build & Test Android Companion	Inspect Wearables Class	2026-07-16T08:05:30.7811869Z   inflating: classes_out/com/meta/wearable/acdc/sdk/device/MetaWearable$createLinkLease$1$lease$1$1$leaseStateFlow$2.class  
Build & Test Android Companion	Inspect Wearables Class	2026-07-16T08:05:30.7812586Z   inflating: classes_out/com/meta/wearable/acdc/sdk/device/MetaWearable$createLinkLease$1$lease$1.class  
Build & Test Android Companion	Inspect Wearables Class	2026-07-16T08:05:30.7813267Z   inflating: classes_out/com/meta/wearable/acdc/sdk/device/MetaWearable$linkSwitchingJob$1.class  
Build & Test Android Companion	Inspect Wearables Class	2026-07-16T08:05:30.7814199Z   inflating: classes_out/com/meta/wearable/acdc/sdk/device/MetaWearable$linkSwitchingJob$2.class  
Build & Test Android Companion	Inspect Wearables Class	2026-07-16T08:05:30.7814853Z   inflating: classes_out/com/meta/wearable/acdc/sdk/device/MetaWearable$monitorState$1.class  
Build & Test Android Companion	Inspect Wearables Class	2026-07-16T08:05:30.7815550Z   inflating: classes_out/com/meta/wearable/acdc/sdk/device/MetaWearable$monitorState$2.class  
Build & Test Android Companion	Inspect Wearables Class	2026-07-16T08:05:30.7816393Z   inflating: classes_out/com/meta/wearable/acdc/sdk/device/MetaWearable$monitorState$stateMonitor$1$stateMonitor$1$1.class  
Build & Test Android Companion	Inspect Wearables Class	2026-07-16T08:05:30.7817248Z   inflating: classes_out/com/meta/wearable/acdc/sdk/device/MetaWearable$monitorState$stateMonitor$1$stateMonitor$1.class  
Build & Test Android Companion	Inspect Wearables Class	2026-07-16T08:05:30.7817937Z   inflating: classes_out/com/meta/wearable/acdc/sdk/device/MetaWearable$mwaLinkLeaseClient$1.class  
Build & Test Android Companion	Inspect Wearables Class	2026-07-16T08:05:30.7818786Z   inflating: classes_out/com/meta/wearable/acdc/sdk/device/MetaWearable$scheduleRecreationOfAllMwaLeases$1$1$1$1.class  
Build & Test Android Companion	Inspect Wearables Class	2026-07-16T08:05:30.7819543Z   inflating: classes_out/com/meta/wearable/acdc/sdk/device/MetaWearable$wifiDirectConnectionJob$1.class  
Build & Test Android Companion	Inspect Wearables Class	2026-07-16T08:05:30.7820294Z   inflating: classes_out/com/meta/wearable/acdc/sdk/device/MetaWearable$wifiDirectConnectionJob$2$1.class  
Build & Test Android Companion	Inspect Wearables Class	2026-07-16T08:05:30.7821300Z   inflating: classes_out/com/meta/wearable/acdc/sdk/device/MetaWearable$wifiDirectConnectionJob$2.class  
Build & Test Android Companion	Inspect Wearables Class	2026-07-16T08:05:30.7821898Z   inflating: classes_out/com/meta/wearable/acdc/sdk/device/MetaWearable.class  
Build & Test Android Companion	Inspect Wearables Class	2026-07-16T08:05:30.7822507Z   inflating: classes_out/com/meta/wearable/acdc/sdk/device/MwaLeaseMetadata.class  
Build & Test Android Companion	Inspect Wearables Class	2026-07-16T08:05:30.7823529Z   inflating: classes_out/com/meta/wearable/acdc/sdk/device/MwaLinkLeaseClient$BtcLeaseDisposeCallbackImpl.class  
Build & Test Android Companion	Inspect Wearables Class	2026-07-16T08:05:30.7824385Z   inflating: classes_out/com/meta/wearable/acdc/sdk/device/MwaLinkLeaseClient$BtcLeaseResponseCallbackImpl.class  
Build & Test Android Companion	Inspect Wearables Class	2026-07-16T08:05:30.7825078Z   inflating: classes_out/com/meta/wearable/acdc/sdk/device/MwaLinkLeaseClient$Companion.class  
Build & Test Android Companion	Inspect Wearables Class	2026-07-16T08:05:30.7825751Z   inflating: classes_out/com/meta/wearable/acdc/sdk/device/MwaLinkLeaseClient$WhenMappings.class  
Build & Test Android Companion	Inspect Wearables Class	2026-07-16T08:05:30.7826579Z   inflating: classes_out/com/meta/wearable/acdc/sdk/device/MwaLinkLeaseClient$WiFiLeaseDisposeCallbackImpl.class  
Build & Test Android Companion	Inspect Wearables Class	2026-07-16T08:05:30.7827610Z   inflating: classes_out/com/meta/wearable/acdc/sdk/device/MwaLinkLeaseClient$WiFiLeaseResponseCallbackImpl.class  
Build & Test Android Companion	Inspect Wearables Class	2026-07-16T08:05:30.7828354Z   inflating: classes_out/com/meta/wearable/acdc/sdk/device/MwaLinkLeaseClient$acdcServiceClient$1.class  
Build & Test Android Companion	Inspect Wearables Class	2026-07-16T08:05:30.7829160Z   inflating: classes_out/com/meta/wearable/acdc/sdk/device/MwaLinkLeaseClient$createMwaBtcLinkLease$1$1$1$1.class  
Build & Test Android Companion	Inspect Wearables Class	2026-07-16T08:05:30.7829985Z   inflating: classes_out/com/meta/wearable/acdc/sdk/device/MwaLinkLeaseClient$createMwaBtcLinkLease$1$1$1$2.class  
Build & Test Android Companion	Inspect Wearables Class	2026-07-16T08:05:30.7830767Z   inflating: classes_out/com/meta/wearable/acdc/sdk/device/MwaLinkLeaseClient$createMwaBtcLinkLease$1$1$1.class  
Build & Test Android Companion	Inspect Wearables Class	2026-07-16T08:05:30.7831540Z   inflating: classes_out/com/meta/wearable/acdc/sdk/device/MwaLinkLeaseClient$createMwaBtcLinkLease$1$1.class  
Build & Test Android Companion	Inspect Wearables Class	2026-07-16T08:05:30.7832339Z   inflating: classes_out/com/meta/wearable/acdc/sdk/device/MwaLinkLeaseClient$createMwaBtcLinkLease$1$2.class  
Build & Test Android Companion	Inspect Wearables Class	2026-07-16T08:05:30.7833091Z   inflating: classes_out/com/meta/wearable/acdc/sdk/device/MwaLinkLeaseClient$createMwaBtcLinkLease$1.class  
Build & Test Android Companion	Inspect Wearables Class	2026-07-16T08:05:30.7834203Z   inflating: classes_out/com/meta/wearable/acdc/sdk/device/MwaLinkLeaseClient$createMwaWiFiDirectLinkLease$1$1$1$1.class  
Build & Test Android Companion	Inspect Wearables Class	2026-07-16T08:05:30.7835086Z   inflating: classes_out/com/meta/wearable/acdc/sdk/device/MwaLinkLeaseClient$createMwaWiFiDirectLinkLease$1$1$1$2.class  
Build & Test Android Companion	Inspect Wearables Class	2026-07-16T08:05:30.7835963Z   inflating: classes_out/com/meta/wearable/acdc/sdk/device/MwaLinkLeaseClient$createMwaWiFiDirectLinkLease$1$1$1.class  
Build & Test Android Companion	Inspect Wearables Class	2026-07-16T08:05:30.7836827Z   inflating: classes_out/com/meta/wearable/acdc/sdk/device/MwaLinkLeaseClient$createMwaWiFiDirectLinkLease$1$1.class  
Build & Test Android Companion	Inspect Wearables Class	2026-07-16T08:05:30.7837659Z   inflating: classes_out/com/meta/wearable/acdc/sdk/device/MwaLinkLeaseClient$createMwaWiFiDirectLinkLease$1$2.class  
Build & Test Android Companion	Inspect Wearables Class	2026-07-16T08:05:30.7838471Z   inflating: classes_out/com/meta/wearable/acdc/sdk/device/MwaLinkLeaseClient$createMwaWiFiDirectLinkLease$1.class  
Build & Test Android Companion	Inspect Wearables Class	2026-07-16T08:05:30.7839222Z   inflating: classes_out/com/meta/wearable/acdc/sdk/device/MwaLinkLeaseClient$deathRecipient$1.class  
Build & Test Android Companion	Inspect Wearables Class	2026-07-16T08:05:30.7840055Z   inflating: classes_out/com/meta/wearable/acdc/sdk/device/MwaLinkLeaseClient$disposeBtcLinkLeaseInMwa$1$1$1$1.class  
Build & Test Android Companion	Inspect Wearables Class	2026-07-16T08:05:30.7840971Z   inflating: classes_out/com/meta/wearable/acdc/sdk/device/MwaLinkLeaseClient$disposeBtcLinkLeaseInMwa$1$1$1$2.class  
Build & Test Android Companion	Inspect Wearables Class	2026-07-16T08:05:30.7841833Z   inflating: classes_out/com/meta/wearable/acdc/sdk/device/MwaLinkLeaseClient$disposeBtcLinkLeaseInMwa$1$1$1.class  
Build & Test Android Companion	Inspect Wearables Class	2026-07-16T08:05:30.7842643Z   inflating: classes_out/com/meta/wearable/acdc/sdk/device/MwaLinkLeaseClient$disposeBtcLinkLeaseInMwa$1$1.class  
Build & Test Android Companion	Inspect Wearables Class	2026-07-16T08:05:30.7843667Z   inflating: classes_out/com/meta/wearable/acdc/sdk/device/MwaLinkLeaseClient$disposeBtcLinkLeaseInMwa$1$2.class  
Build & Test Android Companion	Inspect Wearables Class	2026-07-16T08:05:30.7844527Z   inflating: classes_out/com/meta/wearable/acdc/sdk/device/MwaLinkLeaseClient$disposeBtcLinkLeaseInMwa$1.class  
Build & Test Android Companion	Inspect Wearables Class	2026-07-16T08:05:30.7845444Z   inflating: classes_out/com/meta/wearable/acdc/sdk/device/MwaLinkLeaseClient$disposeWiFiDirectLinkLeaseInMwa$1$1$1$1.class  
Build & Test Android Companion	Inspect Wearables Class	2026-07-16T08:05:30.7846515Z   inflating: classes_out/com/meta/wearable/acdc/sdk/device/MwaLinkLeaseClient$disposeWiFiDirectLinkLeaseInMwa$1$1$1$2.class  
Build & Test Android Companion	Inspect Wearables Class	2026-07-16T08:05:30.7847411Z   inflating: classes_out/com/meta/wearable/acdc/sdk/device/MwaLinkLeaseClient$disposeWiFiDirectLinkLeaseInMwa$1$1$1.class  
Build & Test Android Companion	Inspect Wearables Class	2026-07-16T08:05:30.7848284Z   inflating: classes_out/com/meta/wearable/acdc/sdk/device/MwaLinkLeaseClient$disposeWiFiDirectLinkLeaseInMwa$1$1.class  
Build & Test Android Companion	Inspect Wearables Class	2026-07-16T08:05:30.7849181Z   inflating: classes_out/com/meta/wearable/acdc/sdk/device/MwaLinkLeaseClient$disposeWiFiDirectLinkLeaseInMwa$1$2.class  
Build & Test Android Companion	Inspect Wearables Class	2026-07-16T08:05:30.7850001Z   inflating: classes_out/com/meta/wearable/acdc/sdk/device/MwaLinkLeaseClient$disposeWiFiDirectLinkLeaseInMwa$1.class  
Build & Test Android Companion	Inspect Wearables Class	2026-07-16T08:05:30.7850699Z   inflating: classes_out/com/meta/wearable/acdc/sdk/device/MwaLinkLeaseClient.class  
Build & Test Android Companion	Inspect Wearables Class	2026-07-16T08:05:30.7852723Z   inflating: classes_out/com/meta/wearable/acdc/sdk/device/common/ACDCAuthenticationDelegate$authenticate$1$1.class  
Build & Test Android Companion	Inspect Wearables Class	2026-07-16T08:05:30.7854311Z   inflating: classes_out/com/meta/wearable/acdc/sdk/device/common/ACDCAuthenticationDelegate$authenticate$1$2.class  
Build & Test Android Companion	Inspect Wearables Class	2026-07-16T08:05:30.7859121Z   inflating: classes_out/com/meta/wearable/acdc/sdk/device/common/ACDCAuthenticationDelegate$authenticate$1.class  
Build & Test Android Companion	Inspect Wearables Class	2026-07-16T08:05:30.7859831Z   inflating: classes_out/com/meta/wearable/acdc/sdk/device/common/ACDCAuthenticationDelegate.class  
Build & Test Android Companion	Inspect Wearables Class	2026-07-16T08:05:30.7860586Z   inflating: classes_out/com/meta/wearable/acdc/sdk/device/common/ACDCConnectionStateDelegate.class  
Build & Test Android Companion	Inspect Wearables Class	2026-07-16T08:05:30.7861270Z   inflating: classes_out/com/meta/wearable/acdc/sdk/device/common/ACDCDeviceConfig.class  
Build & Test Android Companion	Inspect Wearables Class	2026-07-16T08:05:30.7861878Z   inflating: classes_out/com/meta/wearable/acdc/sdk/device/common/ExtensionsKt.class  
Build & Test Android Companion	Inspect Wearables Class	2026-07-16T08:05:30.7862577Z   inflating: classes_out/com/meta/wearable/acdc/sdk/device/common/InternalLinkedDevice.class  
Build & Test Android Companion	Inspect Wearables Class	2026-07-16T08:05:30.7863514Z   inflating: classes_out/com/meta/wearable/acdc/sdk/device/common/LinkConnectionJob$1$1$1.class  
Build & Test Android Companion	Inspect Wearables Class	2026-07-16T08:05:30.7864231Z   inflating: classes_out/com/meta/wearable/acdc/sdk/device/common/LinkConnectionJob$1$1$2.class  
Build & Test Android Companion	Inspect Wearables Class	2026-07-16T08:05:30.7865081Z   inflating: classes_out/com/meta/wearable/acdc/sdk/device/common/LinkConnectionJob$1$1$3.class  
Build & Test Android Companion	Inspect Wearables Class	2026-07-16T08:05:30.7866424Z   inflating: classes_out/com/meta/wearable/acdc/sdk/device/common/LinkConnectionJob$1$1$4.class  
Build & Test Android Companion	Inspect Wearables Class	2026-07-16T08:05:30.7867858Z   inflating: classes_out/com/meta/wearable/acdc/sdk/device/common/LinkConnectionJob$1$1$5$1.class  
Build & Test Android Companion	Inspect Wearables Class	2026-07-16T08:05:30.7869141Z   inflating: classes_out/com/meta/wearable/acdc/sdk/device/common/LinkConnectionJob$1$1$5$2.class  
Build & Test Android Companion	Inspect Wearables Class	2026-07-16T08:05:30.7870688Z   inflating: classes_out/com/meta/wearable/acdc/sdk/device/common/LinkConnectionJob$1$1$5.class  
Build & Test Android Companion	Inspect Wearables Class	2026-07-16T08:05:30.7872065Z   inflating: classes_out/com/meta/wearable/acdc/sdk/device/common/LinkConnectionJob$1$1$6.class  
Build & Test Android Companion	Inspect Wearables Class	2026-07-16T08:05:30.7873742Z   inflating: classes_out/com/meta/wearable/acdc/sdk/device/common/LinkConnectionJob$1$1$7.class  
Build & Test Android Companion	Inspect Wearables Class	2026-07-16T08:05:30.7875176Z   inflating: classes_out/com/meta/wearable/acdc/sdk/device/common/LinkConnectionJob$1$1$8.class  
Build & Test Android Companion	Inspect Wearables Class	2026-07-16T08:05:30.7876451Z   inflating: classes_out/com/meta/wearable/acdc/sdk/device/common/LinkConnectionJob$1$1$9.class  
Build & Test Android Companion	Inspect Wearables Class	2026-07-16T08:05:30.7877700Z   inflating: classes_out/com/meta/wearable/acdc/sdk/device/common/LinkConnectionJob$1$1$WhenMappings.class  
Build & Test Android Companion	Inspect Wearables Class	2026-07-16T08:05:30.7878834Z   inflating: classes_out/com/meta/wearable/acdc/sdk/device/common/LinkConnectionJob$1$1$emit$1.class  
Build & Test Android Companion	Inspect Wearables Class	2026-07-16T08:05:30.7880867Z   inflating: classes_out/com/meta/wearable/acdc/sdk/device/common/LinkConnectionJob$1$1.class  
Build & Test Android Companion	Inspect Wearables Class	2026-07-16T08:05:30.7882388Z   inflating: classes_out/com/meta/wearable/acdc/sdk/device/common/LinkConnectionJob$1.class  
Build & Test Android Companion	Inspect Wearables Class	2026-07-16T08:05:30.7883847Z   inflating: classes_out/com/meta/wearable/acdc/sdk/device/common/LinkConnectionJob$Companion.class  
Build & Test Android Companion	Inspect Wearables Class	2026-07-16T08:05:30.7904617Z   inflating: classes_out/com/meta/wearable/acdc/sdk/device/common/LinkConnectionJob$connectToSocket$1.class  
Build & Test Android Companion	Inspect Wearables Class	2026-07-16T08:05:30.7905377Z   inflating: classes_out/com/meta/wearable/acdc/sdk/device/common/LinkConnectionJob$connectToSocket$2.class  
Build & Test Android Companion	Inspect Wearables Class	2026-07-16T08:05:30.7906150Z   inflating: classes_out/com/meta/wearable/acdc/sdk/device/common/LinkConnectionJob$connectToSocket$3.class  
Build & Test Android Companion	Inspect Wearables Class	2026-07-16T08:05:30.7907022Z   inflating: classes_out/com/meta/wearable/acdc/sdk/device/common/LinkConnectionJob$onPreambleConnectionFailure$1.class  
Build & Test Android Companion	Inspect Wearables Class	2026-07-16T08:05:30.7908090Z   inflating: classes_out/com/meta/wearable/acdc/sdk/device/common/LinkConnectionJob$performAirshieldWithStreamSecurer$2$resultCallback$1$1.class  
Build & Test Android Companion	Inspect Wearables Class	2026-07-16T08:05:30.7909130Z   inflating: classes_out/com/meta/wearable/acdc/sdk/device/common/LinkConnectionJob$performAirshieldWithStreamSecurer$2$resultCallback$1$2.class  
Build & Test Android Companion	Inspect Wearables Class	2026-07-16T08:05:30.7910164Z   inflating: classes_out/com/meta/wearable/acdc/sdk/device/common/LinkConnectionJob$performAirshieldWithStreamSecurer$2$resultCallback$1.class  
Build & Test Android Companion	Inspect Wearables Class	2026-07-16T08:05:30.7910991Z   inflating: classes_out/com/meta/wearable/acdc/sdk/device/common/LinkConnectionJob.class  
Build & Test Android Companion	Inspect Wearables Class	2026-07-16T08:05:30.7911633Z   inflating: classes_out/com/meta/wearable/acdc/sdk/device/common/LinkSetupResult.class  
Build & Test Android Companion	Inspect Wearables Class	2026-07-16T08:05:30.7912296Z   inflating: classes_out/com/meta/wearable/acdc/sdk/device/common/LinkStateWithReason.class  
Build & Test Android Companion	Inspect Wearables Class	2026-07-16T08:05:30.7912935Z   inflating: classes_out/com/meta/wearable/acdc/sdk/device/common/SetLinkResult.class  
Build & Test Android Companion	Inspect Wearables Class	2026-07-16T08:05:30.7913641Z   inflating: classes_out/com/meta/wearable/acdc/sdk/dump/Dumpable.class  
Build & Test Android Companion	Inspect Wearables Class	2026-07-16T08:05:30.7914320Z   inflating: classes_out/com/meta/wearable/acdc/sdk/fake/api/FakeLinkedAppManager.class  
Build & Test Android Companion	Inspect Wearables Class	2026-07-16T08:05:30.7914945Z   inflating: classes_out/com/meta/wearable/acdc/sdk/fake/api/FakeLinkedDevice.class  
Build & Test Android Companion	Inspect Wearables Class	2026-07-16T08:05:30.7915493Z   inflating: classes_out/com/meta/wearable/acdc/sdk/lock/SynchronizedKt.class  
Build & Test Android Companion	Inspect Wearables Class	2026-07-16T08:05:30.7916031Z   inflating: classes_out/com/meta/wearable/acdc/sdk/log/ACDCLog.class  
Build & Test Android Companion	Inspect Wearables Class	2026-07-16T08:05:30.7916553Z   inflating: classes_out/com/meta/wearable/acdc/sdk/log/ACDCLogKt.class  
Build & Test Android Companion	Inspect Wearables Class	2026-07-16T08:05:30.7917200Z   inflating: classes_out/com/meta/wearable/acdc/sdk/log/lease/LeaseLogger$Companion.class  
Build & Test Android Companion	Inspect Wearables Class	2026-07-16T08:05:30.7917839Z   inflating: classes_out/com/meta/wearable/acdc/sdk/log/lease/LeaseLogger$LeaseLog.class  
Build & Test Android Companion	Inspect Wearables Class	2026-07-16T08:05:30.7918538Z   inflating: classes_out/com/meta/wearable/acdc/sdk/log/lease/LeaseLogger$WhenMappings.class  
Build & Test Android Companion	Inspect Wearables Class	2026-07-16T08:05:30.7919134Z   inflating: classes_out/com/meta/wearable/acdc/sdk/log/lease/LeaseLogger.class  
Build & Test Android Companion	Inspect Wearables Class	2026-07-16T08:05:30.7919786Z   inflating: classes_out/com/meta/wearable/acdc/sdk/log/linkstate/AuxiliaryLinkState.class  
Build & Test Android Companion	Inspect Wearables Class	2026-07-16T08:05:30.7920603Z   inflating: classes_out/com/meta/wearable/acdc/sdk/log/linkstate/LinkStateLogger$AuxiliaryLinkStateLog.class  
Build & Test Android Companion	Inspect Wearables Class	2026-07-16T08:05:30.7921326Z   inflating: classes_out/com/meta/wearable/acdc/sdk/log/linkstate/LinkStateLogger$Companion.class  
Build & Test Android Companion	Inspect Wearables Class	2026-07-16T08:05:30.7922059Z   inflating: classes_out/com/meta/wearable/acdc/sdk/log/linkstate/LinkStateLogger$MainLinkStateLog.class  
Build & Test Android Companion	Inspect Wearables Class	2026-07-16T08:05:30.7922778Z   inflating: classes_out/com/meta/wearable/acdc/sdk/log/linkstate/LinkStateLogger$WhenMappings.class  
Build & Test Android Companion	Inspect Wearables Class	2026-07-16T08:05:30.7923620Z   inflating: classes_out/com/meta/wearable/acdc/sdk/log/linkstate/LinkStateLogger.class  
Build & Test Android Companion	Inspect Wearables Class	2026-07-16T08:05:30.7924334Z   inflating: classes_out/com/meta/wearable/acdc/sdk/log/state/ACDCStateLogger$ACDCStateLog.class  
Build & Test Android Companion	Inspect Wearables Class	2026-07-16T08:05:30.7925039Z   inflating: classes_out/com/meta/wearable/acdc/sdk/log/state/ACDCStateLogger$Companion.class  
Build & Test Android Companion	Inspect Wearables Class	2026-07-16T08:05:30.7925689Z   inflating: classes_out/com/meta/wearable/acdc/sdk/log/state/ACDCStateLogger.class  
Build & Test Android Companion	Inspect Wearables Class	2026-07-16T08:05:30.7926249Z   inflating: classes_out/com/meta/wearable/acdc/sdk/provider/ACDCDumper.class  
Build & Test Android Companion	Inspect Wearables Class	2026-07-16T08:05:30.7926877Z   inflating: classes_out/com/meta/wearable/acdc/sdk/provider/ACDCDumperRegistry.class  
Build & Test Android Companion	Inspect Wearables Class	2026-07-16T08:05:30.7927983Z   inflating: classes_out/com/meta/wearable/acdc/sdk/registrar/ACDCSecureRegistrarDelegate$AppRegistrationCallbackImpl.class  
Build & Test Android Companion	Inspect Wearables Class	2026-07-16T08:05:30.7928925Z   inflating: classes_out/com/meta/wearable/acdc/sdk/registrar/ACDCSecureRegistrarDelegate$AppUnregistrationCallbackImpl.class  
Build & Test Android Companion	Inspect Wearables Class	2026-07-16T08:05:30.7929680Z   inflating: classes_out/com/meta/wearable/acdc/sdk/registrar/ACDCSecureRegistrarDelegate$Companion.class  
Build & Test Android Companion	Inspect Wearables Class	2026-07-16T08:05:30.7930483Z   inflating: classes_out/com/meta/wearable/acdc/sdk/registrar/ACDCSecureRegistrarDelegate$WhenMappings.class  
Build & Test Android Companion	Inspect Wearables Class	2026-07-16T08:05:30.7931339Z   inflating: classes_out/com/meta/wearable/acdc/sdk/registrar/ACDCSecureRegistrarDelegate$acdcServiceClient$1.class  
Build & Test Android Companion	Inspect Wearables Class	2026-07-16T08:05:30.7932133Z   inflating: classes_out/com/meta/wearable/acdc/sdk/registrar/ACDCSecureRegistrarDelegate$monitorState$1$1.class  
Build & Test Android Companion	Inspect Wearables Class	2026-07-16T08:05:30.7932928Z   inflating: classes_out/com/meta/wearable/acdc/sdk/registrar/ACDCSecureRegistrarDelegate$monitorState$1$2.class  
Build & Test Android Companion	Inspect Wearables Class	2026-07-16T08:05:30.7934197Z   inflating: classes_out/com/meta/wearable/acdc/sdk/registrar/ACDCSecureRegistrarDelegate$registerLinkableApp$1$1.class  
Build & Test Android Companion	Inspect Wearables Class	2026-07-16T08:05:30.7935119Z   inflating: classes_out/com/meta/wearable/acdc/sdk/registrar/ACDCSecureRegistrarDelegate$registerLinkableApp$1$2.class  
Build & Test Android Companion	Inspect Wearables Class	2026-07-16T08:05:30.7935972Z   inflating: classes_out/com/meta/wearable/acdc/sdk/registrar/ACDCSecureRegistrarDelegate$registerLinkableApp$1.class  
Build & Test Android Companion	Inspect Wearables Class	2026-07-16T08:05:30.7936851Z   inflating: classes_out/com/meta/wearable/acdc/sdk/registrar/ACDCSecureRegistrarDelegate$unregisterLinkableApp$1$1.class  
Build & Test Android Companion	Inspect Wearables Class	2026-07-16T08:05:30.7937681Z   inflating: classes_out/com/meta/wearable/acdc/sdk/registrar/ACDCSecureRegistrarDelegate$unregisterLinkableApp$1$2.class  
Build & Test Android Companion	Inspect Wearables Class	2026-07-16T08:05:30.7938552Z   inflating: classes_out/com/meta/wearable/acdc/sdk/registrar/ACDCSecureRegistrarDelegate$unregisterLinkableApp$1.class  
Build & Test Android Companion	Inspect Wearables Class	2026-07-16T08:05:30.7939299Z   inflating: classes_out/com/meta/wearable/acdc/sdk/registrar/ACDCSecureRegistrarDelegate.class  
Build & Test Android Companion	Inspect Wearables Class	2026-07-16T08:05:30.7940030Z   inflating: classes_out/com/meta/wearable/acdc/sdk/registrar/ACDCSecureRegistrarImpl.class  
Build & Test Android Companion	Inspect Wearables Class	2026-07-16T08:05:30.7941013Z   inflating: classes_out/com/meta/wearable/acdc/sdk/service/ACDCRegistrationService.class  
Build & Test Android Companion	Inspect Wearables Class	2026-07-16T08:05:30.7942288Z   inflating: classes_out/com/meta/wearable/acdc/sdk/service/ACDCRegistrationServiceBinder$Companion.class  
Build & Test Android Companion	Inspect Wearables Class	2026-07-16T08:05:30.7943748Z   inflating: classes_out/com/meta/wearable/acdc/sdk/service/ACDCRegistrationServiceBinder$requestLogs$1.class  
Build & Test Android Companion	Inspect Wearables Class	2026-07-16T08:05:30.7945323Z   inflating: classes_out/com/meta/wearable/acdc/sdk/service/ACDCRegistrationServiceBinder$startRegistrationInternal$1$1.class  
Build & Test Android Companion	Inspect Wearables Class	2026-07-16T08:05:30.7946726Z   inflating: classes_out/com/meta/wearable/acdc/sdk/service/ACDCRegistrationServiceBinder$startRegistrationInternal$1$2.class  
Build & Test Android Companion	Inspect Wearables Class	2026-07-16T08:05:30.7947961Z   inflating: classes_out/com/meta/wearable/acdc/sdk/service/ACDCRegistrationServiceBinder$startRegistrationInternal$1.class  
Build & Test Android Companion	Inspect Wearables Class	2026-07-16T08:05:30.7949392Z   inflating: classes_out/com/meta/wearable/acdc/sdk/service/ACDCRegistrationServiceBinder$startUnregistrationInternal$1$1.class  
Build & Test Android Companion	Inspect Wearables Class	2026-07-16T08:05:30.7950796Z   inflating: classes_out/com/meta/wearable/acdc/sdk/service/ACDCRegistrationServiceBinder$startUnregistrationInternal$1$2.class  
Build & Test Android Companion	Inspect Wearables Class	2026-07-16T08:05:30.7952043Z   inflating: classes_out/com/meta/wearable/acdc/sdk/service/ACDCRegistrationServiceBinder$startUnregistrationInternal$1.class  
Build & Test Android Companion	Inspect Wearables Class	2026-07-16T08:05:30.7954340Z   inflating: classes_out/com/meta/wearable/acdc/sdk/service/ACDCRegistrationServiceBinder.class  
Build & Test Android Companion	Inspect Wearables Class	2026-07-16T08:05:30.7955574Z   inflating: classes_out/com/meta/wearable/acdc/sdk/service/ACDCTrustedCallerBuilder.class  
Build & Test Android Companion	Inspect Wearables Class	2026-07-16T08:05:30.7957058Z   inflating: classes_out/com/meta/wearable/acdc/sdk/socket/GenericSocket.class  
Build & Test Android Companion	Inspect Wearables Class	2026-07-16T08:05:30.7958794Z   inflating: classes_out/com/meta/wearable/acdc/sdk/socket/bluetooth/BluetoothSocketWrapper$Companion.class  
Build & Test Android Companion	Inspect Wearables Class	2026-07-16T08:05:30.7959968Z   inflating: classes_out/com/meta/wearable/acdc/sdk/socket/bluetooth/BluetoothSocketWrapper$connect$1.class  
Build & Test Android Companion	Inspect Wearables Class	2026-07-16T08:05:30.7961515Z   inflating: classes_out/com/meta/wearable/acdc/sdk/socket/bluetooth/BluetoothSocketWrapper$connectAttempt$2$timeoutJob$1.class  
Build & Test Android Companion	Inspect Wearables Class	2026-07-16T08:05:30.7963144Z   inflating: classes_out/com/meta/wearable/acdc/sdk/socket/bluetooth/BluetoothSocketWrapper$connectAttempt$2.class  
Build & Test Android Companion	Inspect Wearables Class	2026-07-16T08:05:30.7965265Z   inflating: classes_out/com/meta/wearable/acdc/sdk/socket/bluetooth/BluetoothSocketWrapper.class  
Build & Test Android Companion	Inspect Wearables Class	2026-07-16T08:05:30.7966824Z   inflating: classes_out/com/meta/wearable/acdc/sdk/socket/tcp/TcpSocketWrapper$Companion.class  
Build & Test Android Companion	Inspect Wearables Class	2026-07-16T08:05:30.7969006Z   inflating: classes_out/com/meta/wearable/acdc/sdk/socket/tcp/TcpSocketWrapper.class  
Build & Test Android Companion	Inspect Wearables Class	2026-07-16T08:05:30.7970727Z   inflating: classes_out/com/meta/wearable/acdc/sdk/socketfactory/GenericSocketFactory.class  
Build & Test Android Companion	Inspect Wearables Class	2026-07-16T08:05:30.7984662Z   inflating: classes_out/com/meta/wearable/acdc/sdk/socketfactory/ble/ACDCBleConfig$Companion.class  
Build & Test Android Companion	Inspect Wearables Class	2026-07-16T08:05:30.7989265Z   inflating: classes_out/com/meta/wearable/acdc/sdk/socketfactory/ble/ACDCBleConfig.class  
Build & Test Android Companion	Inspect Wearables Class	2026-07-16T08:05:30.7990119Z   inflating: classes_out/com/meta/wearable/acdc/sdk/socketfactory/ble/ACDCConnectionPsm.class  
Build & Test Android Companion	Inspect Wearables Class	2026-07-16T08:05:30.7990747Z   inflating: classes_out/com/meta/wearable/acdc/sdk/socketfactory/ble/BleConfig.class  
Build & Test Android Companion	Inspect Wearables Class	2026-07-16T08:05:30.7991662Z   inflating: classes_out/com/meta/wearable/acdc/sdk/socketfactory/ble/BluetoothLowEnergySocketFactory$buildSocket$1.class  
Build & Test Android Companion	Inspect Wearables Class	2026-07-16T08:05:30.7992562Z   inflating: classes_out/com/meta/wearable/acdc/sdk/socketfactory/ble/BluetoothLowEnergySocketFactory$buildSocket$3.class  
Build & Test Android Companion	Inspect Wearables Class	2026-07-16T08:05:30.7993161Z   inflating: classes_out/com/meta/wearable/acdc/sdk/socketfactory/ble/BluetoothLowEnergySocketFactory$readPsm$1.class  
Build & Test Android Companion	Inspect Wearables Class	2026-07-16T08:05:30.7994196Z   inflating: classes_out/com/meta/wearable/acdc/sdk/socketfactory/ble/BluetoothLowEnergySocketFactory.class  
Build & Test Android Companion	Inspect Wearables Class	2026-07-16T08:05:30.7994837Z   inflating: classes_out/com/meta/wearable/acdc/sdk/socketfactory/ble/GattHandler$Companion.class  
Build & Test Android Companion	Inspect Wearables Class	2026-07-16T08:05:30.7995435Z   inflating: classes_out/com/meta/wearable/acdc/sdk/socketfactory/ble/GattHandler$discoverServices$2$1.class  
Build & Test Android Companion	Inspect Wearables Class	2026-07-16T08:05:30.7995814Z   inflating: classes_out/com/meta/wearable/acdc/sdk/socketfactory/ble/GattHandler$discoverServices$2$2.class  
Build & Test Android Companion	Inspect Wearables Class	2026-07-16T08:05:30.7996131Z   inflating: classes_out/com/meta/wearable/acdc/sdk/socketfactory/ble/GattHandler$discoverServices$2.class  
Build & Test Android Companion	Inspect Wearables Class	2026-07-16T08:05:30.7996721Z   inflating: classes_out/com/meta/wearable/acdc/sdk/socketfactory/ble/GattHandler$readAndParseRelayPsm$1.class  
Build & Test Android Companion	Inspect Wearables Class	2026-07-16T08:05:30.7997340Z   inflating: classes_out/com/meta/wearable/acdc/sdk/socketfactory/ble/GattHandler$readAndParseRelayPsm$2.class  
Build & Test Android Companion	Inspect Wearables Class	2026-07-16T08:05:30.7997936Z   inflating: classes_out/com/meta/wearable/acdc/sdk/socketfactory/ble/GattHandler$readAndParseRelayPsm$3.class  
Build & Test Android Companion	Inspect Wearables Class	2026-07-16T08:05:30.7998559Z   inflating: classes_out/com/meta/wearable/acdc/sdk/socketfactory/ble/GattHandler$readAndParseSecurePsm$1.class  
Build & Test Android Companion	Inspect Wearables Class	2026-07-16T08:05:30.7999196Z   inflating: classes_out/com/meta/wearable/acdc/sdk/socketfactory/ble/GattHandler$readAndParseSecurePsm$2.class  
Build & Test Android Companion	Inspect Wearables Class	2026-07-16T08:05:30.7999794Z   inflating: classes_out/com/meta/wearable/acdc/sdk/socketfactory/ble/GattHandler$readCharacteristic$2$1.class  
Build & Test Android Companion	Inspect Wearables Class	2026-07-16T08:05:30.8000380Z   inflating: classes_out/com/meta/wearable/acdc/sdk/socketfactory/ble/GattHandler$readCharacteristic$2$2.class  
Build & Test Android Companion	Inspect Wearables Class	2026-07-16T08:05:30.8000987Z   inflating: classes_out/com/meta/wearable/acdc/sdk/socketfactory/ble/GattHandler$readCharacteristic$2.class  
Build & Test Android Companion	Inspect Wearables Class	2026-07-16T08:05:30.8014375Z   inflating: classes_out/com/meta/wearable/acdc/sdk/socketfactory/ble/GattHandler$readPsm$1.class  
Build & Test Android Companion	Inspect Wearables Class	2026-07-16T08:05:30.8018067Z   inflating: classes_out/com/meta/wearable/acdc/sdk/socketfactory/ble/GattHandler$readPsmAttempt$1.class  
Build & Test Android Companion	Inspect Wearables Class	2026-07-16T08:05:30.8018421Z   inflating: classes_out/com/meta/wearable/acdc/sdk/socketfactory/ble/GattHandler$readPsmAttempt$2.class  
Build & Test Android Companion	Inspect Wearables Class	2026-07-16T08:05:30.8018755Z   inflating: classes_out/com/meta/wearable/acdc/sdk/socketfactory/ble/GattHandler$readPsmAttempt$3.class  
Build & Test Android Companion	Inspect Wearables Class	2026-07-16T08:05:30.8019227Z   inflating: classes_out/com/meta/wearable/acdc/sdk/socketfactory/ble/GattHandler$readPsmAttempt$4.class  
Build & Test Android Companion	Inspect Wearables Class	2026-07-16T08:05:30.8019544Z   inflating: classes_out/com/meta/wearable/acdc/sdk/socketfactory/ble/GattHandler$readPsmAttempt$5.class  
Build & Test Android Companion	Inspect Wearables Class	2026-07-16T08:05:30.8019911Z   inflating: classes_out/com/meta/wearable/acdc/sdk/socketfactory/ble/GattHandler$readPsmAttempt$6.class  
Build & Test Android Companion	Inspect Wearables Class	2026-07-16T08:05:30.8020464Z   inflating: classes_out/com/meta/wearable/acdc/sdk/socketfactory/ble/GattHandler$requestMtu$2$1.class  
Build & Test Android Companion	Inspect Wearables Class	2026-07-16T08:05:30.8020990Z   inflating: classes_out/com/meta/wearable/acdc/sdk/socketfactory/ble/GattHandler$requestMtu$2$2.class  
Build & Test Android Companion	Inspect Wearables Class	2026-07-16T08:05:30.8021661Z   inflating: classes_out/com/meta/wearable/acdc/sdk/socketfactory/ble/GattHandler$requestMtu$2.class  
Build & Test Android Companion	Inspect Wearables Class	2026-07-16T08:05:30.8039322Z   inflating: classes_out/com/meta/wearable/acdc/sdk/socketfactory/ble/GattHandler$useSafely$1.class  
Build & Test Android Companion	Inspect Wearables Class	2026-07-16T08:05:30.8040228Z   inflating: classes_out/com/meta/wearable/acdc/sdk/socketfactory/ble/GattHandler.class  
Build & Test Android Companion	Inspect Wearables Class	2026-07-16T08:05:30.8040965Z   inflating: classes_out/com/meta/wearable/acdc/sdk/socketfactory/btc/BluetoothClassicSocketFactory$Companion.class  
Build & Test Android Companion	Inspect Wearables Class	2026-07-16T08:05:30.8041728Z   inflating: classes_out/com/meta/wearable/acdc/sdk/socketfactory/btc/BluetoothClassicSocketFactory.class  
Build & Test Android Companion	Inspect Wearables Class	2026-07-16T08:05:30.8042086Z   inflating: classes_out/com/meta/wearable/acdc/sdk/socketfactory/tcp/TcpSocketFactory$buildSocket$1.class  
Build & Test Android Companion	Inspect Wearables Class	2026-07-16T08:05:30.8042360Z   inflating: classes_out/com/meta/wearable/acdc/sdk/socketfactory/tcp/TcpSocketFactory.class  
Build & Test Android Companion	Inspect Wearables Class	2026-07-16T08:05:30.8042609Z   inflating: classes_out/com/meta/wearable/acdc/sdk/state/AllowedToConnectEvent.class  
Build & Test Android Companion	Inspect Wearables Class	2026-07-16T08:05:30.8042889Z   inflating: classes_out/com/meta/wearable/acdc/sdk/state/ConnectivityIndicator$Companion.class  
Build & Test Android Companion	Inspect Wearables Class	2026-07-16T08:05:30.8043137Z   inflating: classes_out/com/meta/wearable/acdc/sdk/state/ConnectivityIndicator.class  
Build & Test Android Companion	Inspect Wearables Class	2026-07-16T08:05:30.8043877Z   inflating: classes_out/com/meta/wearable/acdc/sdk/state/DeviceConnectivityStateMachine$Companion.class  
Build & Test Android Companion	Inspect Wearables Class	2026-07-16T08:05:30.8044393Z   inflating: classes_out/com/meta/wearable/acdc/sdk/state/DeviceConnectivityStateMachine.class  
Build & Test Android Companion	Inspect Wearables Class	2026-07-16T08:05:30.8044786Z   inflating: classes_out/com/meta/wearable/acdc/sdk/state/SystemEvent.class  
Build & Test Android Companion	Inspect Wearables Class	2026-07-16T08:05:30.8045189Z   inflating: classes_out/com/meta/wearable/acdc/sdk/state/TransportEvent.class  
Build & Test Android Companion	Inspect Wearables Class	2026-07-16T08:05:30.8045998Z   inflating: classes_out/com/meta/wearable/acdc/sdk/state/broadcast/BluetoothConnectivityIndicatorBroadcastReceiver$Companion.class  
Build & Test Android Companion	Inspect Wearables Class	2026-07-16T08:05:30.8046735Z   inflating: classes_out/com/meta/wearable/acdc/sdk/state/broadcast/BluetoothConnectivityIndicatorBroadcastReceiver.class  
Build & Test Android Companion	Inspect Wearables Class	2026-07-16T08:05:30.8047455Z   inflating: classes_out/com/meta/wearable/acdc/sdk/state/broadcast/BluetoothGlobalSettingBroadcastReceiver$Companion.class  
Build & Test Android Companion	Inspect Wearables Class	2026-07-16T08:05:30.8047887Z   inflating: classes_out/com/meta/wearable/acdc/sdk/state/broadcast/BluetoothGlobalSettingBroadcastReceiver.class  
Build & Test Android Companion	Inspect Wearables Class	2026-07-16T08:05:30.8048286Z   inflating: classes_out/com/meta/wearable/acdc/sdk/state/broadcast/DeviceBondStateBroadcastReceiver$Companion.class  
Build & Test Android Companion	Inspect Wearables Class	2026-07-16T08:05:30.8048615Z   inflating: classes_out/com/meta/wearable/acdc/sdk/state/broadcast/DeviceBondStateBroadcastReceiver.class  
Build & Test Android Companion	Inspect Wearables Class	2026-07-16T08:05:30.8049000Z   inflating: classes_out/com/meta/wearable/acdc/sdk/state/broadcast/WiFiGlobalSettingBroadcastReceiver$Companion.class  
Build & Test Android Companion	Inspect Wearables Class	2026-07-16T08:05:30.8049347Z   inflating: classes_out/com/meta/wearable/acdc/sdk/state/broadcast/WiFiGlobalSettingBroadcastReceiver.class  
Build & Test Android Companion	Inspect Wearables Class	2026-07-16T08:05:30.8049741Z   inflating: classes_out/com/meta/wearable/acdc/sdk/store/ACDCStore$Companion$getInstance$1$1$appRecordStoreDeferred$1.class  
Build & Test Android Companion	Inspect Wearables Class	2026-07-16T08:05:30.8053409Z   inflating: classes_out/com/meta/wearable/acdc/sdk/store/ACDCStore$Companion$getInstance$1$1$deviceRecordStoreDeferred$1.class  
Build & Test Android Companion	Inspect Wearables Class	2026-07-16T08:05:30.8058137Z   inflating: classes_out/com/meta/wearable/acdc/sdk/store/ACDCStore$Companion$getInstance$1$1$legacyAppRecordStoreDeferred$1.class  
Build & Test Android Companion	Inspect Wearables Class	2026-07-16T08:05:30.8059405Z   inflating: classes_out/com/meta/wearable/acdc/sdk/store/ACDCStore$Companion$getInstance$1$1$legacyManifestRecordStoreDeferred$1.class  
Build & Test Android Companion	Inspect Wearables Class	2026-07-16T08:05:30.8060237Z   inflating: classes_out/com/meta/wearable/acdc/sdk/store/ACDCStore$Companion$getInstance$1$1$manifestRecordStoreDeferred$1.class  
Build & Test Android Companion	Inspect Wearables Class	2026-07-16T08:05:30.8062711Z   inflating: classes_out/com/meta/wearable/acdc/sdk/store/ACDCStore$Companion$getInstance$1$1.class  
Build & Test Android Companion	Inspect Wearables Class	2026-07-16T08:05:30.8084263Z   inflating: classes_out/com/meta/wearable/acdc/sdk/store/ACDCStore$Companion.class  
Build & Test Android Companion	Inspect Wearables Class	2026-07-16T08:05:30.8084999Z   inflating: classes_out/com/meta/wearable/acdc/sdk/store/ACDCStore$WhenMappings.class  
Build & Test Android Companion	Inspect Wearables Class	2026-07-16T08:05:30.8085516Z   inflating: classes_out/com/meta/wearable/acdc/sdk/store/ACDCStore$storeManifestFile$1$1.class  
Build & Test Android Companion	Inspect Wearables Class	2026-07-16T08:05:30.8085875Z   inflating: classes_out/com/meta/wearable/acdc/sdk/store/ACDCStore.class  
Build & Test Android Companion	Inspect Wearables Class	2026-07-16T08:05:30.8086380Z   inflating: classes_out/com/meta/wearable/acdc/sdk/store/AppRecord.class  
Build & Test Android Companion	Inspect Wearables Class	2026-07-16T08:05:30.8087091Z   inflating: classes_out/com/meta/wearable/acdc/sdk/store/AppRecordStore$Companion$createEncryptedPrefsWithTimeout$1.class  
Build & Test Android Companion	Inspect Wearables Class	2026-07-16T08:05:30.8087788Z   inflating: classes_out/com/meta/wearable/acdc/sdk/store/AppRecordStore$Companion$createEncryptedPrefsWithTimeout$2$1.class  
Build & Test Android Companion	Inspect Wearables Class	2026-07-16T08:05:30.8088484Z   inflating: classes_out/com/meta/wearable/acdc/sdk/store/AppRecordStore$Companion$createEncryptedPrefsWithTimeout$2.class  
Build & Test Android Companion	Inspect Wearables Class	2026-07-16T08:05:30.8089050Z   inflating: classes_out/com/meta/wearable/acdc/sdk/store/AppRecordStore$Companion$getInstance$1.class  
Build & Test Android Companion	Inspect Wearables Class	2026-07-16T08:05:30.8089500Z   inflating: classes_out/com/meta/wearable/acdc/sdk/store/AppRecordStore$Companion.class  
Build & Test Android Companion	Inspect Wearables Class	2026-07-16T08:05:30.8089977Z   inflating: classes_out/com/meta/wearable/acdc/sdk/store/AppRecordStore$appRecord$2.class  
Build & Test Android Companion	Inspect Wearables Class	2026-07-16T08:05:30.8090372Z   inflating: classes_out/com/meta/wearable/acdc/sdk/store/AppRecordStore.class  
Build & Test Android Companion	Inspect Wearables Class	2026-07-16T08:05:30.8091085Z   inflating: classes_out/com/meta/wearable/acdc/sdk/store/DeviceRecordStore$Companion$createEncryptedPrefsWithTimeout$1.class  
Build & Test Android Companion	Inspect Wearables Class	2026-07-16T08:05:30.8091796Z   inflating: classes_out/com/meta/wearable/acdc/sdk/store/DeviceRecordStore$Companion$createEncryptedPrefsWithTimeout$2$1.class  
Build & Test Android Companion	Inspect Wearables Class	2026-07-16T08:05:30.8092522Z   inflating: classes_out/com/meta/wearable/acdc/sdk/store/DeviceRecordStore$Companion$createEncryptedPrefsWithTimeout$2.class  
Build & Test Android Companion	Inspect Wearables Class	2026-07-16T08:05:30.8093092Z   inflating: classes_out/com/meta/wearable/acdc/sdk/store/DeviceRecordStore$Companion$getInstance$1.class  
Build & Test Android Companion	Inspect Wearables Class	2026-07-16T08:05:30.8093902Z   inflating: classes_out/com/meta/wearable/acdc/sdk/store/DeviceRecordStore$Companion.class  
Build & Test Android Companion	Inspect Wearables Class	2026-07-16T08:05:30.8094411Z   inflating: classes_out/com/meta/wearable/acdc/sdk/store/DeviceRecordStore$deviceUUIDMap$2.class  
Build & Test Android Companion	Inspect Wearables Class	2026-07-16T08:05:30.8104373Z   inflating: classes_out/com/meta/wearable/acdc/sdk/store/DeviceRecordStore$loadRecords$1$type$1.class  
Build & Test Android Companion	Inspect Wearables Class	2026-07-16T08:05:30.8104939Z   inflating: classes_out/com/meta/wearable/acdc/sdk/store/DeviceRecordStore.class  
Build & Test Android Companion	Inspect Wearables Class	2026-07-16T08:05:30.8105334Z   inflating: classes_out/com/meta/wearable/acdc/sdk/store/ManifestLoadError.class  
Build & Test Android Companion	Inspect Wearables Class	2026-07-16T08:05:30.8105732Z   inflating: classes_out/com/meta/wearable/acdc/sdk/store/ManifestRecord.class  
Build & Test Android Companion	Inspect Wearables Class	2026-07-16T08:05:30.8106492Z   inflating: classes_out/com/meta/wearable/acdc/sdk/store/ManifestRecordStore$Companion$createEncryptedPrefsWithTimeout$1.class  
Build & Test Android Companion	Inspect Wearables Class	2026-07-16T08:05:30.8107235Z   inflating: classes_out/com/meta/wearable/acdc/sdk/store/ManifestRecordStore$Companion$createEncryptedPrefsWithTimeout$2$1.class  
Build & Test Android Companion	Inspect Wearables Class	2026-07-16T08:05:30.8107980Z   inflating: classes_out/com/meta/wearable/acdc/sdk/store/ManifestRecordStore$Companion$createEncryptedPrefsWithTimeout$2.class  
Build & Test Android Companion	Inspect Wearables Class	2026-07-16T08:05:30.8108544Z   inflating: classes_out/com/meta/wearable/acdc/sdk/store/ManifestRecordStore$Companion$getInstance$1.class  
Build & Test Android Companion	Inspect Wearables Class	2026-07-16T08:05:30.8109044Z   inflating: classes_out/com/meta/wearable/acdc/sdk/store/ManifestRecordStore$Companion.class  
Build & Test Android Companion	Inspect Wearables Class	2026-07-16T08:05:30.8109790Z   inflating: classes_out/com/meta/wearable/acdc/sdk/store/ManifestRecordStore$manifestRecord$2.class  
Build & Test Android Companion	Inspect Wearables Class	2026-07-16T08:05:30.8110333Z   inflating: classes_out/com/meta/wearable/acdc/sdk/store/ManifestRecordStore$monitorManifest$1$1.class  
Build & Test Android Companion	Inspect Wearables Class	2026-07-16T08:05:30.8111978Z   inflating: classes_out/com/meta/wearable/acdc/sdk/store/ManifestRecordStore.class  
Build & Test Android Companion	Inspect Wearables Class	2026-07-16T08:05:30.8112544Z   inflating: classes_out/com/meta/wearable/acdc/sdk/store/MasterKeyProvider.class  
Build & Test Android Companion	Inspect Wearables Class	2026-07-16T08:05:30.8113223Z   inflating: classes_out/com/meta/wearable/acdc/sdk/subscription/ConcreteSubscription$Companion.class  
Build & Test Android Companion	Inspect Wearables Class	2026-07-16T08:05:30.8114184Z   inflating: classes_out/com/meta/wearable/acdc/sdk/subscription/ConcreteSubscription$finalize$1.class  
Build & Test Android Companion	Inspect Wearables Class	2026-07-16T08:05:30.8114813Z   inflating: classes_out/com/meta/wearable/acdc/sdk/subscription/ConcreteSubscription.class  
Build & Test Android Companion	Inspect Wearables Class	2026-07-16T08:05:30.8115337Z   inflating: classes_out/com/meta/wearable/acdc/sdk/subscription/LinkLease.class  
Build & Test Android Companion	Inspect Wearables Class	2026-07-16T08:05:30.8116205Z   inflating: classes_out/com/meta/wearable/acdc/sdk/version/CompanionAppVersionGating$Companion.class  
Build & Test Android Companion	Inspect Wearables Class	2026-07-16T08:05:30.8116858Z   inflating: classes_out/com/meta/wearable/acdc/sdk/version/CompanionAppVersionGating.class  
Build & Test Android Companion	Inspect Wearables Class	2026-07-16T08:05:30.8117449Z   inflating: classes_out/com/meta/wearable/acdc/sdk/wired/device/WiredLinkSwitchJob$1$1.class  
Build & Test Android Companion	Inspect Wearables Class	2026-07-16T08:05:30.8118097Z   inflating: classes_out/com/meta/wearable/acdc/sdk/wired/device/WiredLinkSwitchJob$1$2$1.class  
Build & Test Android Companion	Inspect Wearables Class	2026-07-16T08:05:30.8118721Z   inflating: classes_out/com/meta/wearable/acdc/sdk/wired/device/WiredLinkSwitchJob$1$2$10.class  
Build & Test Android Companion	Inspect Wearables Class	2026-07-16T08:05:30.8119332Z   inflating: classes_out/com/meta/wearable/acdc/sdk/wired/device/WiredLinkSwitchJob$1$2$11.class  
Build & Test Android Companion	Inspect Wearables Class	2026-07-16T08:05:30.8119938Z   inflating: classes_out/com/meta/wearable/acdc/sdk/wired/device/WiredLinkSwitchJob$1$2$2.class  
Build & Test Android Companion	Inspect Wearables Class	2026-07-16T08:05:30.8120536Z   inflating: classes_out/com/meta/wearable/acdc/sdk/wired/device/WiredLinkSwitchJob$1$2$3.class  
Build & Test Android Companion	Inspect Wearables Class	2026-07-16T08:05:30.8121140Z   inflating: classes_out/com/meta/wearable/acdc/sdk/wired/device/WiredLinkSwitchJob$1$2$4.class  
Build & Test Android Companion	Inspect Wearables Class	2026-07-16T08:05:30.8121754Z   inflating: classes_out/com/meta/wearable/acdc/sdk/wired/device/WiredLinkSwitchJob$1$2$5.class  
Build & Test Android Companion	Inspect Wearables Class	2026-07-16T08:05:30.8122388Z   inflating: classes_out/com/meta/wearable/acdc/sdk/wired/device/WiredLinkSwitchJob$1$2$6.class  
Build & Test Android Companion	Inspect Wearables Class	2026-07-16T08:05:30.8123002Z   inflating: classes_out/com/meta/wearable/acdc/sdk/wired/device/WiredLinkSwitchJob$1$2$7.class  
Build & Test Android Companion	Inspect Wearables Class	2026-07-16T08:05:30.8123823Z   inflating: classes_out/com/meta/wearable/acdc/sdk/wired/device/WiredLinkSwitchJob$1$2$8.class  
Build & Test Android Companion	Inspect Wearables Class	2026-07-16T08:05:30.8124479Z   inflating: classes_out/com/meta/wearable/acdc/sdk/wired/device/WiredLinkSwitchJob$1$2$9.class  
Build & Test Android Companion	Inspect Wearables Class	2026-07-16T08:05:30.8125105Z   inflating: classes_out/com/meta/wearable/acdc/sdk/wired/device/WiredLinkSwitchJob$1$2.class  
Build & Test Android Companion	Inspect Wearables Class	2026-07-16T08:05:30.8125689Z   inflating: classes_out/com/meta/wearable/acdc/sdk/wired/device/WiredLinkSwitchJob$1.class  
Build & Test Android Companion	Inspect Wearables Class	2026-07-16T08:05:30.8126361Z   inflating: classes_out/com/meta/wearable/acdc/sdk/wired/device/WiredLinkSwitchJob$Companion.class  
Build & Test Android Companion	Inspect Wearables Class	2026-07-16T08:05:30.8127084Z   inflating: classes_out/com/meta/wearable/acdc/sdk/wired/device/WiredLinkSwitchJob$LinkSwitchInfo.class  
Build & Test Android Companion	Inspect Wearables Class	2026-07-16T08:05:30.8127758Z   inflating: classes_out/com/meta/wearable/acdc/sdk/wired/device/WiredLinkSwitchJob$WhenMappings.class  
Build & Test Android Companion	Inspect Wearables Class	2026-07-16T08:05:30.8128548Z   inflating: classes_out/com/meta/wearable/acdc/sdk/wired/device/WiredLinkSwitchJob$combine$$inlined$combine$1$2.class  
Build & Test Android Companion	Inspect Wearables Class	2026-07-16T08:05:30.8129363Z   inflating: classes_out/com/meta/wearable/acdc/sdk/wired/device/WiredLinkSwitchJob$combine$$inlined$combine$1$3.class  
Build & Test Android Companion	Inspect Wearables Class	2026-07-16T08:05:30.8130129Z   inflating: classes_out/com/meta/wearable/acdc/sdk/wired/device/WiredLinkSwitchJob$combine$$inlined$combine$1.class  
Build & Test Android Companion	Inspect Wearables Class	2026-07-16T08:05:30.8130902Z   inflating: classes_out/com/meta/wearable/acdc/sdk/wired/device/WiredLinkSwitchJob$downgradeFromHighToLow$1.class  
Build & Test Android Companion	Inspect Wearables Class	2026-07-16T08:05:30.8131712Z   inflating: classes_out/com/meta/wearable/acdc/sdk/wired/device/WiredLinkSwitchJob$downgradeFromHighToMedium$1.class  
Build & Test Android Companion	Inspect Wearables Class	2026-07-16T08:05:30.8132702Z   inflating: classes_out/com/meta/wearable/acdc/sdk/wired/device/WiredLinkSwitchJob$downgradeFromMediumToLow$1.class  
Build & Test Android Companion	Inspect Wearables Class	2026-07-16T08:05:30.8133696Z   inflating: classes_out/com/meta/wearable/acdc/sdk/wired/device/WiredLinkSwitchJob$switchLink$linkManager$1$1.class  
Build & Test Android Companion	Inspect Wearables Class	2026-07-16T08:05:30.8136433Z   inflating: classes_out/com/meta/wearable/acdc/sdk/wired/device/WiredLinkSwitchJob.class  
Build & Test Android Companion	Inspect Wearables Class	2026-07-16T08:05:30.8137249Z   inflating: classes_out/com/meta/wearable/acdc/sdk/wired/device/WiredMetaWearable$Companion.class  
Build & Test Android Companion	Inspect Wearables Class	2026-07-16T08:05:30.8138492Z   inflating: classes_out/com/meta/wearable/acdc/sdk/wired/device/WiredMetaWearable$WhenMappings.class  
Build & Test Android Companion	Inspect Wearables Class	2026-07-16T08:05:30.8143078Z   inflating: classes_out/com/meta/wearable/acdc/sdk/wired/device/WiredMetaWearable$connection$1.class  
Build & Test Android Companion	Inspect Wearables Class	2026-07-16T08:05:30.8144102Z   inflating: classes_out/com/meta/wearable/acdc/sdk/wired/device/WiredMetaWearable$connection$2$1.class  
Build & Test Android Companion	Inspect Wearables Class	2026-07-16T08:05:30.8145114Z   inflating: classes_out/com/meta/wearable/acdc/sdk/wired/device/WiredMetaWearable$connection$2$2.class  
Build & Test Android Companion	Inspect Wearables Class	2026-07-16T08:05:30.8145826Z   inflating: classes_out/com/meta/wearable/acdc/sdk/wired/device/WiredMetaWearable$connection$2$3.class  
Build & Test Android Companion	Inspect Wearables Class	2026-07-16T08:05:30.8146593Z   inflating: classes_out/com/meta/wearable/acdc/sdk/wired/device/WiredMetaWearable$connection$2$4.class  
Build & Test Android Companion	Inspect Wearables Class	2026-07-16T08:05:30.8147358Z   inflating: classes_out/com/meta/wearable/acdc/sdk/wired/device/WiredMetaWearable$createLinkLease$1$1.class  
Build & Test Android Companion	Inspect Wearables Class	2026-07-16T08:05:30.8148173Z   inflating: classes_out/com/meta/wearable/acdc/sdk/wired/device/WiredMetaWearable$createLinkLease$1$lease$1.class  
Build & Test Android Companion	Inspect Wearables Class	2026-07-16T08:05:30.8148967Z   inflating: classes_out/com/meta/wearable/acdc/sdk/wired/device/WiredMetaWearable$highConnectionJob$1.class  
Build & Test Android Companion	Inspect Wearables Class	2026-07-16T08:05:30.8149743Z   inflating: classes_out/com/meta/wearable/acdc/sdk/wired/device/WiredMetaWearable$highConnectionJob$2$1.class  
Build & Test Android Companion	Inspect Wearables Class	2026-07-16T08:05:30.8150547Z   inflating: classes_out/com/meta/wearable/acdc/sdk/wired/device/WiredMetaWearable$highConnectionJob$2.class  
Build & Test Android Companion	Inspect Wearables Class	2026-07-16T08:05:30.8151525Z   inflating: classes_out/com/meta/wearable/acdc/sdk/wired/device/WiredMetaWearable$linkSwitchingJob$1.class  
Build & Test Android Companion	Inspect Wearables Class	2026-07-16T08:05:30.8152852Z   inflating: classes_out/com/meta/wearable/acdc/sdk/wired/device/WiredMetaWearable$linkSwitchingJob$2.class  
Build & Test Android Companion	Inspect Wearables Class	2026-07-16T08:05:30.8154425Z   inflating: classes_out/com/meta/wearable/acdc/sdk/wired/device/WiredMetaWearable$lowConnectionJob$1.class  
Build & Test Android Companion	Inspect Wearables Class	2026-07-16T08:05:30.8156016Z   inflating: classes_out/com/meta/wearable/acdc/sdk/wired/device/WiredMetaWearable$lowConnectionJob$2$1.class  
Build & Test Android Companion	Inspect Wearables Class	2026-07-16T08:05:30.8157549Z   inflating: classes_out/com/meta/wearable/acdc/sdk/wired/device/WiredMetaWearable$lowConnectionJob$2.class  
Build & Test Android Companion	Inspect Wearables Class	2026-07-16T08:05:30.8158879Z   inflating: classes_out/com/meta/wearable/acdc/sdk/wired/device/WiredMetaWearable$mediumConnectionJob$1.class  
Build & Test Android Companion	Inspect Wearables Class	2026-07-16T08:05:30.8160476Z   inflating: classes_out/com/meta/wearable/acdc/sdk/wired/device/WiredMetaWearable$mediumConnectionJob$2$1.class  
Build & Test Android Companion	Inspect Wearables Class	2026-07-16T08:05:30.8162051Z   inflating: classes_out/com/meta/wearable/acdc/sdk/wired/device/WiredMetaWearable$mediumConnectionJob$2.class  
Build & Test Android Companion	Inspect Wearables Class	2026-07-16T08:05:30.8163230Z   inflating: classes_out/com/meta/wearable/acdc/sdk/wired/device/WiredMetaWearable$monitorState$1.class  
Build & Test Android Companion	Inspect Wearables Class	2026-07-16T08:05:30.8164847Z   inflating: classes_out/com/meta/wearable/acdc/sdk/wired/device/WiredMetaWearable$monitorState$2.class  
Build & Test Android Companion	Inspect Wearables Class	2026-07-16T08:05:30.8166488Z   inflating: classes_out/com/meta/wearable/acdc/sdk/wired/device/WiredMetaWearable$monitorState$stateMonitor$1$stateMonitor$1$1.class  
Build & Test Android Companion	Inspect Wearables Class	2026-07-16T08:05:30.8167906Z   inflating: classes_out/com/meta/wearable/acdc/sdk/wired/device/WiredMetaWearable$monitorState$stateMonitor$1$stateMonitor$1.class  
Build & Test Android Companion	Inspect Wearables Class	2026-07-16T08:05:30.8171269Z   inflating: classes_out/com/meta/wearable/acdc/sdk/wired/device/WiredMetaWearable.class  
Build & Test Android Companion	Inspect Wearables Class	2026-07-16T08:05:30.8172940Z   inflating: classes_out/com/meta/wearable/acdc/sdk/wired/port/WiredPortProvider.class  
Build & Test Android Companion	Inspect Wearables Class	2026-07-16T08:05:30.8175037Z   inflating: classes_out/com/meta/wearable/acdc/sdk/wired/port/broadcast/WiredPortBroadcastReceiver$Companion.class  
Build & Test Android Companion	Inspect Wearables Class	2026-07-16T08:05:30.8176652Z   inflating: classes_out/com/meta/wearable/acdc/sdk/wired/port/broadcast/WiredPortBroadcastReceiver.class  
Build & Test Android Companion	Inspect Wearables Class	2026-07-16T08:05:30.8178774Z   inflating: classes_out/com/meta/wearable/common/logging/dumpsys/DumpsysBLog$Companion.class  
Build & Test Android Companion	Inspect Wearables Class	2026-07-16T08:05:30.8179984Z   inflating: classes_out/com/meta/wearable/common/logging/dumpsys/DumpsysBLog$formatDateTime$1$1.class  
Build & Test Android Companion	Inspect Wearables Class	2026-07-16T08:05:30.8181155Z   inflating: classes_out/com/meta/wearable/common/logging/dumpsys/DumpsysBLog$formatDateTime$1$2.class  
Build & Test Android Companion	Inspect Wearables Class	2026-07-16T08:05:30.8182409Z   inflating: classes_out/com/meta/wearable/common/logging/dumpsys/DumpsysBLog$formatDateTime$1$formatter$1.class  
Build & Test Android Companion	Inspect Wearables Class	2026-07-16T08:05:30.8184287Z   inflating: classes_out/com/meta/wearable/common/logging/dumpsys/DumpsysBLog.class  
Build & Test Android Companion	Inspect Wearables Class	2026-07-16T08:05:30.8185707Z   inflating: classes_out/com/meta/wearable/dat/core/BuildInfo.class  
Build & Test Android Companion	Inspect Wearables Class	2026-07-16T08:05:30.8186950Z   inflating: classes_out/com/meta/wearable/dat/core/StartupOptions.class  
Build & Test Android Companion	Inspect Wearables Class	2026-07-16T08:05:30.8188613Z   inflating: classes_out/com/meta/wearable/dat/core/Wearables$RequestPermissionContract$Companion.class  
Build & Test Android Companion	Inspect Wearables Class	2026-07-16T08:05:30.8190378Z   inflating: classes_out/com/meta/wearable/dat/core/Wearables$RequestPermissionContract.class  
Build & Test Android Companion	Inspect Wearables Class	2026-07-16T08:05:30.8191513Z   inflating: classes_out/com/meta/wearable/dat/core/Wearables$checkPermissionStatus$1.class  
Build & Test Android Companion	Inspect Wearables Class	2026-07-16T08:05:30.8193937Z   inflating: classes_out/com/meta/wearable/dat/core/Wearables.class  
Build & Test Android Companion	Inspect Wearables Class	2026-07-16T08:05:30.8195763Z   inflating: classes_out/com/meta/wearable/dat/core/internal/WearablesImpl$Companion$create$1.class  
Build & Test Android Companion	Inspect Wearables Class	2026-07-16T08:05:30.8197062Z   inflating: classes_out/com/meta/wearable/dat/core/internal/WearablesImpl$Companion$create$sessionManager$1.class  
Build & Test Android Companion	Inspect Wearables Class	2026-07-16T08:05:30.8198733Z   inflating: classes_out/com/meta/wearable/dat/core/internal/WearablesImpl$Companion.class  
Build & Test Android Companion	Inspect Wearables Class	2026-07-16T08:05:30.8200090Z   inflating: classes_out/com/meta/wearable/dat/core/internal/WearablesImpl$checkPermissionStatus$1.class  
Build & Test Android Companion	Inspect Wearables Class	2026-07-16T08:05:30.8201328Z   inflating: classes_out/com/meta/wearable/dat/core/internal/WearablesImpl$checkPermissionStatus$mutex$1.class  
Build & Test Android Companion	Inspect Wearables Class	2026-07-16T08:05:30.8202436Z   inflating: classes_out/com/meta/wearable/dat/core/internal/WearablesImpl$createSession$session$1.class  
Build & Test Android Companion	Inspect Wearables Class	2026-07-16T08:05:30.8205143Z   inflating: classes_out/com/meta/wearable/dat/core/internal/WearablesImpl.class  
Build & Test Android Companion	Inspect Wearables Class	2026-07-16T08:05:30.8207239Z   inflating: classes_out/com/meta/wearable/dat/core/internal/analytics/Analytics$flushEvents$2.class  
Build & Test Android Companion	Inspect Wearables Class	2026-07-16T08:05:30.8208456Z   inflating: classes_out/com/meta/wearable/dat/core/internal/analytics/Analytics$isDevModeProvider$1.class  
Build & Test Android Companion	Inspect Wearables Class	2026-07-16T08:05:30.8209901Z   inflating: classes_out/com/meta/wearable/dat/core/internal/analytics/Analytics$setupLifecycleObserver$callbacks$1.class  
Build & Test Android Companion	Inspect Wearables Class	2026-07-16T08:05:30.8210919Z   inflating: classes_out/com/meta/wearable/dat/core/internal/analytics/Analytics$shutdown$1.class  
Build & Test Android Companion	Inspect Wearables Class	2026-07-16T08:05:30.8213235Z   inflating: classes_out/com/meta/wearable/dat/core/internal/analytics/Analytics.class  
Build & Test Android Companion	Inspect Wearables Class	2026-07-16T08:05:30.8214811Z   inflating: classes_out/com/meta/wearable/dat/core/internal/analytics/AnalyticsDatabase.class  
Build & Test Android Companion	Inspect Wearables Class	2026-07-16T08:05:30.8224671Z   inflating: classes_out/com/meta/wearable/dat/core/internal/analytics/AnalyticsDatabaseImpl$Companion.class  
Build & Test Android Companion	Inspect Wearables Class	2026-07-16T08:05:30.8225451Z   inflating: classes_out/com/meta/wearable/dat/core/internal/analytics/AnalyticsDatabaseImpl$EventEntry.class  
Build & Test Android Companion	Inspect Wearables Class	2026-07-16T08:05:30.8226409Z   inflating: classes_out/com/meta/wearable/dat/core/internal/analytics/AnalyticsDatabaseImpl$deleteUploadedEvents$result$1.class  
Build & Test Android Companion	Inspect Wearables Class	2026-07-16T08:05:30.8227303Z   inflating: classes_out/com/meta/wearable/dat/core/internal/analytics/AnalyticsDatabaseImpl$getPendingEvents$result$1.class  
Build & Test Android Companion	Inspect Wearables Class	2026-07-16T08:05:30.8228324Z   inflating: classes_out/com/meta/wearable/dat/core/internal/analytics/AnalyticsDatabaseImpl$markEventsAsUploaded$result$1$whereClause$1.class  
Build & Test Android Companion	Inspect Wearables Class	2026-07-16T08:05:30.8229440Z   inflating: classes_out/com/meta/wearable/dat/core/internal/analytics/AnalyticsDatabaseImpl$markEventsAsUploaded$result$1.class  
Build & Test Android Companion	Inspect Wearables Class	2026-07-16T08:05:30.8230305Z   inflating: classes_out/com/meta/wearable/dat/core/internal/analytics/AnalyticsDatabaseImpl$storeEvents$result$1.class  
Build & Test Android Companion	Inspect Wearables Class	2026-07-16T08:05:30.8230949Z   inflating: classes_out/com/meta/wearable/dat/core/internal/analytics/AnalyticsDatabaseImpl.class  
Build & Test Android Companion	Inspect Wearables Class	2026-07-16T08:05:30.8231590Z   inflating: classes_out/com/meta/wearable/dat/core/internal/analytics/AnalyticsEvent.class  
Build & Test Android Companion	Inspect Wearables Class	2026-07-16T08:05:30.8232303Z   inflating: classes_out/com/meta/wearable/dat/core/internal/analytics/AnalyticsEventEntry.class  
Build & Test Android Companion	Inspect Wearables Class	2026-07-16T08:05:30.8233011Z   inflating: classes_out/com/meta/wearable/dat/core/internal/analytics/AnalyticsUploader.class  
Build & Test Android Companion	Inspect Wearables Class	2026-07-16T08:05:30.8234026Z   inflating: classes_out/com/meta/wearable/dat/core/internal/analytics/AnalyticsUploaderImpl$Companion.class  
Build & Test Android Companion	Inspect Wearables Class	2026-07-16T08:05:30.8235124Z   inflating: classes_out/com/meta/wearable/dat/core/internal/analytics/AnalyticsUploaderImpl$queryAndUploadEvents$1.class  
Build & Test Android Companion	Inspect Wearables Class	2026-07-16T08:05:30.8235974Z   inflating: classes_out/com/meta/wearable/dat/core/internal/analytics/AnalyticsUploaderImpl$retryIfNeeded$1.class  
Build & Test Android Companion	Inspect Wearables Class	2026-07-16T08:05:30.8236854Z   inflating: classes_out/com/meta/wearable/dat/core/internal/analytics/AnalyticsUploaderImpl$startBackgroundChecking$1.class  
Build & Test Android Companion	Inspect Wearables Class	2026-07-16T08:05:30.8237595Z   inflating: classes_out/com/meta/wearable/dat/core/internal/analytics/AnalyticsUploaderImpl.class  
Build & Test Android Companion	Inspect Wearables Class	2026-07-16T08:05:30.8238337Z   inflating: classes_out/com/meta/wearable/dat/core/internal/analytics/PerformanceAnalytics$qpl$2$1.class  
Build & Test Android Companion	Inspect Wearables Class	2026-07-16T08:05:30.8239074Z   inflating: classes_out/com/meta/wearable/dat/core/internal/analytics/PerformanceAnalytics$qpl$2.class  
Build & Test Android Companion	Inspect Wearables Class	2026-07-16T08:05:30.8239801Z   inflating: classes_out/com/meta/wearable/dat/core/internal/analytics/PerformanceAnalytics.class  
Build & Test Android Companion	Inspect Wearables Class	2026-07-16T08:05:30.8240451Z   inflating: classes_out/com/meta/wearable/dat/core/internal/analytics/events/QPLEvent.class  
Build & Test Android Companion	Inspect Wearables Class	2026-07-16T08:05:30.8241400Z   inflating: classes_out/com/meta/wearable/dat/core/internal/analytics/events/generated/WearablesSDKAttestationEvent$Builder.class  
Build & Test Android Companion	Inspect Wearables Class	2026-07-16T08:05:30.8242320Z   inflating: classes_out/com/meta/wearable/dat/core/internal/analytics/events/generated/WearablesSDKAttestationEvent$Companion.class  
Build & Test Android Companion	Inspect Wearables Class	2026-07-16T08:05:30.8243260Z   inflating: classes_out/com/meta/wearable/dat/core/internal/analytics/events/generated/WearablesSDKAttestationEvent.class  
Build & Test Android Companion	Inspect Wearables Class	2026-07-16T08:05:30.8244518Z   inflating: classes_out/com/meta/wearable/dat/core/internal/analytics/events/generated/WearablesSDKAttestationEventData.class  
Build & Test Android Companion	Inspect Wearables Class	2026-07-16T08:05:30.8245435Z   inflating: classes_out/com/meta/wearable/dat/core/internal/analytics/events/generated/WearablesSDKAttestationEventType.class  
Build & Test Android Companion	Inspect Wearables Class	2026-07-16T08:05:30.8246516Z   inflating: classes_out/com/meta/wearable/dat/core/internal/analytics/events/generated/WearablesSDKCheckPermissionEvent$Builder.class  
Build & Test Android Companion	Inspect Wearables Class	2026-07-16T08:05:30.8247846Z   inflating: classes_out/com/meta/wearable/dat/core/internal/analytics/events/generated/WearablesSDKCheckPermissionEvent$Companion.class  
Build & Test Android Companion	Inspect Wearables Class	2026-07-16T08:05:30.8249758Z   inflating: classes_out/com/meta/wearable/dat/core/internal/analytics/events/generated/WearablesSDKCheckPermissionEvent.class  
Build & Test Android Companion	Inspect Wearables Class	2026-07-16T08:05:30.8251615Z   inflating: classes_out/com/meta/wearable/dat/core/internal/analytics/events/generated/WearablesSDKCheckPermissionEventData.class  
Build & Test Android Companion	Inspect Wearables Class	2026-07-16T08:05:30.8253542Z   inflating: classes_out/com/meta/wearable/dat/core/internal/analytics/events/generated/WearablesSDKDeviceAnalyticsEvent$Builder.class  
Build & Test Android Companion	Inspect Wearables Class	2026-07-16T08:05:30.8254911Z   inflating: classes_out/com/meta/wearable/dat/core/internal/analytics/events/generated/WearablesSDKDeviceAnalyticsEvent$Companion.class  
Build & Test Android Companion	Inspect Wearables Class	2026-07-16T08:05:30.8256711Z   inflating: classes_out/com/meta/wearable/dat/core/internal/analytics/events/generated/WearablesSDKDeviceAnalyticsEvent.class  
Build & Test Android Companion	Inspect Wearables Class	2026-07-16T08:05:30.8258484Z   inflating: classes_out/com/meta/wearable/dat/core/internal/analytics/events/generated/WearablesSDKDeviceAnalyticsEventData.class  
Build & Test Android Companion	Inspect Wearables Class	2026-07-16T08:05:30.8259880Z   inflating: classes_out/com/meta/wearable/dat/core/internal/analytics/events/generated/WearablesSDKDeviceAnalyticsEventType.class  
Build & Test Android Companion	Inspect Wearables Class	2026-07-16T08:05:30.8261725Z   inflating: classes_out/com/meta/wearable/dat/core/internal/analytics/events/generated/WearablesSDKDisplayEvent$Builder.class  
Build & Test Android Companion	Inspect Wearables Class	2026-07-16T08:05:30.8263071Z   inflating: classes_out/com/meta/wearable/dat/core/internal/analytics/events/generated/WearablesSDKDisplayEvent$Companion.class  
Build & Test Android Companion	Inspect Wearables Class	2026-07-16T08:05:30.8265387Z   inflating: classes_out/com/meta/wearable/dat/core/internal/analytics/events/generated/WearablesSDKDisplayEvent.class  
Build & Test Android Companion	Inspect Wearables Class	2026-07-16T08:05:30.8267393Z   inflating: classes_out/com/meta/wearable/dat/core/internal/analytics/events/generated/WearablesSDKDisplayEventData.class  
Build & Test Android Companion	Inspect Wearables Class	2026-07-16T08:05:30.8268936Z   inflating: classes_out/com/meta/wearable/dat/core/internal/analytics/events/generated/WearablesSDKDisplayEventType.class  
Build & Test Android Companion	Inspect Wearables Class	2026-07-16T08:05:30.8270727Z   inflating: classes_out/com/meta/wearable/dat/core/internal/analytics/events/generated/WearablesSDKGetPermissionsEvent$Builder.class  
Build & Test Android Companion	Inspect Wearables Class	2026-07-16T08:05:30.8272029Z   inflating: classes_out/com/meta/wearable/dat/core/internal/analytics/events/generated/WearablesSDKGetPermissionsEvent$Companion.class  
Build & Test Android Companion	Inspect Wearables Class	2026-07-16T08:05:30.8274163Z   inflating: classes_out/com/meta/wearable/dat/core/internal/analytics/events/generated/WearablesSDKGetPermissionsEvent.class  
Build & Test Android Companion	Inspect Wearables Class	2026-07-16T08:05:30.8276036Z   inflating: classes_out/com/meta/wearable/dat/core/internal/analytics/events/generated/WearablesSDKGetPermissionsEventData.class  
Build & Test Android Companion	Inspect Wearables Class	2026-07-16T08:05:30.8277758Z   inflating: classes_out/com/meta/wearable/dat/core/internal/analytics/events/generated/WearablesSDKMockDeviceEvent$Builder.class  
Build & Test Android Companion	Inspect Wearables Class	2026-07-16T08:05:30.8279107Z   inflating: classes_out/com/meta/wearable/dat/core/internal/analytics/events/generated/WearablesSDKMockDeviceEvent$Companion.class  
Build & Test Android Companion	Inspect Wearables Class	2026-07-16T08:05:30.8280921Z   inflating: classes_out/com/meta/wearable/dat/core/internal/analytics/events/generated/WearablesSDKMockDeviceEvent.class  
Build & Test Android Companion	Inspect Wearables Class	2026-07-16T08:05:30.8282704Z   inflating: classes_out/com/meta/wearable/dat/core/internal/analytics/events/generated/WearablesSDKMockDeviceEventData.class  
Build & Test Android Companion	Inspect Wearables Class	2026-07-16T08:05:30.8284385Z   inflating: classes_out/com/meta/wearable/dat/core/internal/analytics/events/generated/WearablesSDKMockDeviceEventType.class  
Build & Test Android Companion	Inspect Wearables Class	2026-07-16T08:05:30.8286172Z   inflating: classes_out/com/meta/wearable/dat/core/internal/analytics/events/generated/WearablesSDKMockServiceEvent$Builder.class  
Build & Test Android Companion	Inspect Wearables Class	2026-07-16T08:05:30.8287502Z   inflating: classes_out/com/meta/wearable/dat/core/internal/analytics/events/generated/WearablesSDKMockServiceEvent$Companion.class  
Build & Test Android Companion	Inspect Wearables Class	2026-07-16T08:05:30.8289445Z   inflating: classes_out/com/meta/wearable/dat/core/internal/analytics/events/generated/WearablesSDKMockServiceEvent.class  
Build & Test Android Companion	Inspect Wearables Class	2026-07-16T08:05:30.8291229Z   inflating: classes_out/com/meta/wearable/dat/core/internal/analytics/events/generated/WearablesSDKMockServiceEventData.class  
Build & Test Android Companion	Inspect Wearables Class	2026-07-16T08:05:30.8292664Z   inflating: classes_out/com/meta/wearable/dat/core/internal/analytics/events/generated/WearablesSDKMockServiceEventType.class  
Build & Test Android Companion	Inspect Wearables Class	2026-07-16T08:05:30.8294550Z   inflating: classes_out/com/meta/wearable/dat/core/internal/analytics/events/generated/WearablesSDKRegisterEvent$Builder.class  
Build & Test Android Companion	Inspect Wearables Class	2026-07-16T08:05:30.8295866Z   inflating: classes_out/com/meta/wearable/dat/core/internal/analytics/events/generated/WearablesSDKRegisterEvent$Companion.class  
Build & Test Android Companion	Inspect Wearables Class	2026-07-16T08:05:30.8297707Z   inflating: classes_out/com/meta/wearable/dat/core/internal/analytics/events/generated/WearablesSDKRegisterEvent.class  
Build & Test Android Companion	Inspect Wearables Class	2026-07-16T08:05:30.8299453Z   inflating: classes_out/com/meta/wearable/dat/core/internal/analytics/events/generated/WearablesSDKRegisterEventData.class  
Build & Test Android Companion	Inspect Wearables Class	2026-07-16T08:05:30.8300874Z   inflating: classes_out/com/meta/wearable/dat/core/internal/analytics/events/generated/WearablesSDKRegisterEventType.class  
Build & Test Android Companion	Inspect Wearables Class	2026-07-16T08:05:30.8302577Z   inflating: classes_out/com/meta/wearable/dat/core/internal/analytics/events/generated/WearablesSDKSessionEvent$Builder.class  
Build & Test Android Companion	Inspect Wearables Class	2026-07-16T08:05:30.8304166Z   inflating: classes_out/com/meta/wearable/dat/core/internal/analytics/events/generated/WearablesSDKSessionEvent$Companion.class  
Build & Test Android Companion	Inspect Wearables Class	2026-07-16T08:05:30.8306184Z   inflating: classes_out/com/meta/wearable/dat/core/internal/analytics/events/generated/WearablesSDKSessionEvent.class  
Build & Test Android Companion	Inspect Wearables Class	2026-07-16T08:05:30.8308118Z   inflating: classes_out/com/meta/wearable/dat/core/internal/analytics/events/generated/WearablesSDKSessionEventData.class  
Build & Test Android Companion	Inspect Wearables Class	2026-07-16T08:05:30.8309500Z   inflating: classes_out/com/meta/wearable/dat/core/internal/analytics/events/generated/WearablesSDKSessionState.class  
Build & Test Android Companion	Inspect Wearables Class	2026-07-16T08:05:30.8311679Z   inflating: classes_out/com/meta/wearable/dat/core/internal/analytics/events/generated/WearablesSDKStreamSessionEvent$Builder.class  
Build & Test Android Companion	Inspect Wearables Class	2026-07-16T08:05:30.8313003Z   inflating: classes_out/com/meta/wearable/dat/core/internal/analytics/events/generated/WearablesSDKStreamSessionEvent$Companion.class  
Build & Test Android Companion	Inspect Wearables Class	2026-07-16T08:05:30.8315446Z   inflating: classes_out/com/meta/wearable/dat/core/internal/analytics/events/generated/WearablesSDKStreamSessionEvent.class  
Build & Test Android Companion	Inspect Wearables Class	2026-07-16T08:05:30.8317716Z   inflating: classes_out/com/meta/wearable/dat/core/internal/analytics/events/generated/WearablesSDKStreamSessionEventData.class  
Build & Test Android Companion	Inspect Wearables Class	2026-07-16T08:05:30.8319215Z   inflating: classes_out/com/meta/wearable/dat/core/internal/analytics/events/generated/WearablesSDKStreamSessionEventType.class  
Build & Test Android Companion	Inspect Wearables Class	2026-07-16T08:05:30.8321117Z   inflating: classes_out/com/meta/wearable/dat/core/internal/analytics/events/generated/WearablesSDKVoiceInvocationsEvent$Builder.class  
Build & Test Android Companion	Inspect Wearables Class	2026-07-16T08:05:30.8322519Z   inflating: classes_out/com/meta/wearable/dat/core/internal/analytics/events/generated/WearablesSDKVoiceInvocationsEvent$Companion.class  
Build & Test Android Companion	Inspect Wearables Class	2026-07-16T08:05:30.8324817Z   inflating: classes_out/com/meta/wearable/dat/core/internal/analytics/events/generated/WearablesSDKVoiceInvocationsEvent.class  
Build & Test Android Companion	Inspect Wearables Class	2026-07-16T08:05:30.8326868Z   inflating: classes_out/com/meta/wearable/dat/core/internal/analytics/events/generated/WearablesSDKVoiceInvocationsEventData.class  
Build & Test Android Companion	Inspect Wearables Class	2026-07-16T08:05:30.8328360Z   inflating: classes_out/com/meta/wearable/dat/core/internal/analytics/events/generated/WearablesSDKVoiceInvocationsEventType.class  
Build & Test Android Companion	Inspect Wearables Class	2026-07-16T08:05:30.8329471Z   inflating: classes_out/com/meta/wearable/dat/core/internal/a/a.class  
Build & Test Android Companion	Inspect Wearables Class	2026-07-16T08:05:30.8330695Z   inflating: classes_out/com/meta/wearable/dat/core/internal/a/b$a.class  
Build & Test Android Companion	Inspect Wearables Class	2026-07-16T08:05:30.8331925Z   inflating: classes_out/com/meta/wearable/dat/core/internal/a/b$b.class  
Build & Test Android Companion	Inspect Wearables Class	2026-07-16T08:05:30.8333881Z   inflating: classes_out/com/meta/wearable/dat/core/internal/a/b$c.class  
Build & Test Android Companion	Inspect Wearables Class	2026-07-16T08:05:30.8335456Z   inflating: classes_out/com/meta/wearable/dat/core/internal/a/b.class  
Build & Test Android Companion	Inspect Wearables Class	2026-07-16T08:05:30.8336742Z   inflating: classes_out/com/meta/wearable/dat/core/internal/a/c.class  
Build & Test Android Companion	Inspect Wearables Class	2026-07-16T08:05:30.8338068Z   inflating: classes_out/com/meta/wearable/dat/core/internal/a/d.class  
Build & Test Android Companion	Inspect Wearables Class	2026-07-16T08:05:30.8354372Z   inflating: classes_out/com/meta/wearable/dat/core/internal/a/e$a.class  
Build & Test Android Companion	Inspect Wearables Class	2026-07-16T08:05:30.8354883Z   inflating: classes_out/com/meta/wearable/dat/core/internal/a/e$b.class  
Build & Test Android Companion	Inspect Wearables Class	2026-07-16T08:05:30.8355354Z   inflating: classes_out/com/meta/wearable/dat/core/internal/a/e.class  
Build & Test Android Companion	Inspect Wearables Class	2026-07-16T08:05:30.8355874Z   inflating: classes_out/com/meta/wearable/dat/core/internal/a/f$a.class  
Build & Test Android Companion	Inspect Wearables Class	2026-07-16T08:05:30.8356384Z   inflating: classes_out/com/meta/wearable/dat/core/internal/a/f$b.class  
Build & Test Android Companion	Inspect Wearables Class	2026-07-16T08:05:30.8356914Z   inflating: classes_out/com/meta/wearable/dat/core/internal/a/f.class  
Build & Test Android Companion	Inspect Wearables Class	2026-07-16T08:05:30.8357414Z   inflating: classes_out/com/meta/wearable/dat/core/internal/a/g.class  
Build & Test Android Companion	Inspect Wearables Class	2026-07-16T08:05:30.8357933Z   inflating: classes_out/com/meta/wearable/dat/core/internal/a/h.class  
Build & Test Android Companion	Inspect Wearables Class	2026-07-16T08:05:30.8358464Z   inflating: classes_out/com/meta/wearable/dat/core/internal/a/i$a.class  
Build & Test Android Companion	Inspect Wearables Class	2026-07-16T08:05:30.8358977Z   inflating: classes_out/com/meta/wearable/dat/core/internal/a/i$b.class  
Build & Test Android Companion	Inspect Wearables Class	2026-07-16T08:05:30.8359689Z   inflating: classes_out/com/meta/wearable/dat/core/internal/a/i.class  
Build & Test Android Companion	Inspect Wearables Class	2026-07-16T08:05:30.8360476Z   inflating: classes_out/com/meta/wearable/dat/core/internal/configuration/DatConfiguration$Companion.class  
Build & Test Android Companion	Inspect Wearables Class	2026-07-16T08:05:30.8361182Z   inflating: classes_out/com/meta/wearable/dat/core/internal/configuration/DatConfiguration.class  
Build & Test Android Companion	Inspect Wearables Class	2026-07-16T08:05:30.8361815Z   inflating: classes_out/com/meta/wearable/dat/core/internal/crashreporting/CrashDeviceInfo.class  
Build & Test Android Companion	Inspect Wearables Class	2026-07-16T08:05:30.8362664Z   inflating: classes_out/com/meta/wearable/dat/core/internal/crashreporting/CrashExceptionHandler$Companion.class  
Build & Test Android Companion	Inspect Wearables Class	2026-07-16T08:05:30.8363656Z   inflating: classes_out/com/meta/wearable/dat/core/internal/crashreporting/CrashExceptionHandler.class  
Build & Test Android Companion	Inspect Wearables Class	2026-07-16T08:05:30.8364354Z   inflating: classes_out/com/meta/wearable/dat/core/internal/crashreporting/CrashReport.class  
Build & Test Android Companion	Inspect Wearables Class	2026-07-16T08:05:30.8365166Z   inflating: classes_out/com/meta/wearable/dat/core/internal/crashreporting/CrashReportStorage$Companion.class  
Build & Test Android Companion	Inspect Wearables Class	2026-07-16T08:05:30.8366416Z   inflating: classes_out/com/meta/wearable/dat/core/internal/crashreporting/CrashReportStorage$loadReports$$inlined$sortedByDescending$1.class  
Build & Test Android Companion	Inspect Wearables Class	2026-07-16T08:05:30.8367304Z   inflating: classes_out/com/meta/wearable/dat/core/internal/crashreporting/CrashReportStorage$loadReports$jsonFiles$1.class  
Build & Test Android Companion	Inspect Wearables Class	2026-07-16T08:05:30.8368252Z   inflating: classes_out/com/meta/wearable/dat/core/internal/crashreporting/CrashReportStorage$processRawCrashFiles$rawFiles$1.class  
Build & Test Android Companion	Inspect Wearables Class	2026-07-16T08:05:30.8368968Z   inflating: classes_out/com/meta/wearable/dat/core/internal/crashreporting/CrashReportStorage.class  
Build & Test Android Companion	Inspect Wearables Class	2026-07-16T08:05:30.8369705Z   inflating: classes_out/com/meta/wearable/dat/core/internal/crashreporting/CrashReportUtils.class  
Build & Test Android Companion	Inspect Wearables Class	2026-07-16T08:05:30.8370443Z   inflating: classes_out/com/meta/wearable/dat/core/internal/crashreporting/CrashReporter$Companion.class  
Build & Test Android Companion	Inspect Wearables Class	2026-07-16T08:05:30.8371147Z   inflating: classes_out/com/meta/wearable/dat/core/internal/crashreporting/CrashReporter.class  
Build & Test Android Companion	Inspect Wearables Class	2026-07-16T08:05:30.8371846Z   inflating: classes_out/com/meta/wearable/dat/core/internal/crashreporting/JvmExceptionInfo.class  
Build & Test Android Companion	Inspect Wearables Class	2026-07-16T08:05:30.8372546Z   inflating: classes_out/com/meta/wearable/dat/core/internal/crashreporting/JvmStackFrame.class  
Build & Test Android Companion	Inspect Wearables Class	2026-07-16T08:05:30.8373505Z   inflating: classes_out/com/meta/wearable/dat/core/internal/crashreporting/NativeStackFrame.class  
Build & Test Android Companion	Inspect Wearables Class	2026-07-16T08:05:30.8374219Z   inflating: classes_out/com/meta/wearable/dat/core/internal/crashreporting/SharedLibrary.class  
Build & Test Android Companion	Inspect Wearables Class	2026-07-16T08:05:30.8374900Z   inflating: classes_out/com/meta/wearable/dat/core/internal/crashreporting/SignalInfo.class  
Build & Test Android Companion	Inspect Wearables Class	2026-07-16T08:05:30.8375644Z   inflating: classes_out/com/meta/wearable/dat/core/internal/device/AcdcDeviceTypeMappingKt.class  
Build & Test Android Companion	Inspect Wearables Class	2026-07-16T08:05:30.8376343Z   inflating: classes_out/com/meta/wearable/dat/core/internal/device/DeviceManager$Companion.class  
Build & Test Android Companion	Inspect Wearables Class	2026-07-16T08:05:30.8377096Z   inflating: classes_out/com/meta/wearable/dat/core/internal/device/DeviceManager$attachFake$1$1.class  
Build & Test Android Companion	Inspect Wearables Class	2026-07-16T08:05:30.8377844Z   inflating: classes_out/com/meta/wearable/dat/core/internal/device/DeviceManager$attachFake$1$2.class  
Build & Test Android Companion	Inspect Wearables Class	2026-07-16T08:05:30.8378601Z   inflating: classes_out/com/meta/wearable/dat/core/internal/device/DeviceManager$detachFake$1$1.class  
Build & Test Android Companion	Inspect Wearables Class	2026-07-16T08:05:30.8379350Z   inflating: classes_out/com/meta/wearable/dat/core/internal/device/DeviceManager$detachFake$1$2.class  
Build & Test Android Companion	Inspect Wearables Class	2026-07-16T08:05:30.8380056Z   inflating: classes_out/com/meta/wearable/dat/core/internal/device/DeviceManager$start$1$1.class  
Build & Test Android Companion	Inspect Wearables Class	2026-07-16T08:05:30.8380886Z   inflating: classes_out/com/meta/wearable/dat/core/internal/device/DeviceManager$start$1$2.class  
Build & Test Android Companion	Inspect Wearables Class	2026-07-16T08:05:30.8382279Z   inflating: classes_out/com/meta/wearable/dat/core/internal/device/DeviceManager$startMonitoringDevice$1.class  
Build & Test Android Companion	Inspect Wearables Class	2026-07-16T08:05:30.8384451Z   inflating: classes_out/com/meta/wearable/dat/core/internal/device/DeviceManager$startMonitoringDevice$subscription$1$1$2.class  
Build & Test Android Companion	Inspect Wearables Class	2026-07-16T08:05:30.8404723Z   inflating: classes_out/com/meta/wearable/dat/core/internal/device/DeviceManager$startMonitoringDevice$subscription$1.class  
Build & Test Android Companion	Inspect Wearables Class	2026-07-16T08:05:30.8405346Z   inflating: classes_out/com/meta/wearable/dat/core/internal/device/DeviceManager.class  
Build & Test Android Companion	Inspect Wearables Class	2026-07-16T08:05:30.8406029Z   inflating: classes_out/com/meta/wearable/dat/core/internal/device/DeviceManagerKt.class  
Build & Test Android Companion	Inspect Wearables Class	2026-07-16T08:05:30.8406691Z   inflating: classes_out/com/meta/wearable/dat/core/internal/device/DeviceTypeMappingKt.class  
Build & Test Android Companion	Inspect Wearables Class	2026-07-16T08:05:30.8407436Z   inflating: classes_out/com/meta/wearable/dat/core/internal/device/PeerBuildInfoProtos$DeviceInfo.class  
Build & Test Android Companion	Inspect Wearables Class	2026-07-16T08:05:30.8408122Z   inflating: classes_out/com/meta/wearable/dat/core/internal/device/PeerBuildInfoProtos.class  
Build & Test Android Companion	Inspect Wearables Class	2026-07-16T08:05:30.8408847Z   inflating: classes_out/com/meta/wearable/dat/core/internal/device/PeerBuildInfoRequestError.class  
Build & Test Android Companion	Inspect Wearables Class	2026-07-16T08:05:30.8409619Z   inflating: classes_out/com/meta/wearable/dat/core/internal/device/PeerBuildInfoRequester$Companion.class  
Build & Test Android Companion	Inspect Wearables Class	2026-07-16T08:05:30.8410693Z   inflating: classes_out/com/meta/wearable/dat/core/internal/device/PeerBuildInfoRequester$requestFirmwareVersion$1.class  
Build & Test Android Companion	Inspect Wearables Class	2026-07-16T08:05:30.8411630Z   inflating: classes_out/com/meta/wearable/dat/core/internal/device/PeerBuildInfoRequester$requestFirmwareVersion$2$1$1.class  
Build & Test Android Companion	Inspect Wearables Class	2026-07-16T08:05:30.8412538Z   inflating: classes_out/com/meta/wearable/dat/core/internal/device/PeerBuildInfoRequester$requestFirmwareVersion$2$1$2.class  
Build & Test Android Companion	Inspect Wearables Class	2026-07-16T08:05:30.8413647Z   inflating: classes_out/com/meta/wearable/dat/core/internal/device/PeerBuildInfoRequester$requestFirmwareVersion$2$1$3.class  
Build & Test Android Companion	Inspect Wearables Class	2026-07-16T08:05:30.8414561Z   inflating: classes_out/com/meta/wearable/dat/core/internal/device/PeerBuildInfoRequester$requestFirmwareVersion$2$1$4.class  
Build & Test Android Companion	Inspect Wearables Class	2026-07-16T08:05:30.8415451Z   inflating: classes_out/com/meta/wearable/dat/core/internal/device/PeerBuildInfoRequester$requestFirmwareVersion$2.class  
Build & Test Android Companion	Inspect Wearables Class	2026-07-16T08:05:30.8416157Z   inflating: classes_out/com/meta/wearable/dat/core/internal/device/PeerBuildInfoRequester.class  
Build & Test Android Companion	Inspect Wearables Class	2026-07-16T08:05:30.8416917Z   inflating: classes_out/com/meta/wearable/dat/core/internal/health/DeviceHealthChannel$Companion.class  
Build & Test Android Companion	Inspect Wearables Class	2026-07-16T08:05:30.8417591Z   inflating: classes_out/com/meta/wearable/dat/core/internal/health/DeviceHealthChannel$connect$1$1.class  
Build & Test Android Companion	Inspect Wearables Class	2026-07-16T08:05:30.8418270Z   inflating: classes_out/com/meta/wearable/dat/core/internal/health/DeviceHealthChannel$connect$1$2.class  
Build & Test Android Companion	Inspect Wearables Class	2026-07-16T08:05:30.8419007Z   inflating: classes_out/com/meta/wearable/dat/core/internal/health/DeviceHealthChannel$connect$1$3.class  
Build & Test Android Companion	Inspect Wearables Class	2026-07-16T08:05:30.8419746Z   inflating: classes_out/com/meta/wearable/dat/core/internal/health/DeviceHealthChannel.class  
Build & Test Android Companion	Inspect Wearables Class	2026-07-16T08:05:30.8420481Z   inflating: classes_out/com/meta/wearable/dat/core/internal/health/DeviceHealthManager$Companion.class  
Build & Test Android Companion	Inspect Wearables Class	2026-07-16T08:05:30.8421235Z   inflating: classes_out/com/meta/wearable/dat/core/internal/health/DeviceHealthManager$HealthState.class  
Build & Test Android Companion	Inspect Wearables Class	2026-07-16T08:05:30.8422045Z   inflating: classes_out/com/meta/wearable/dat/core/internal/health/DeviceHealthManager$connectChannel$1.class  
Build & Test Android Companion	Inspect Wearables Class	2026-07-16T08:05:30.8422849Z   inflating: classes_out/com/meta/wearable/dat/core/internal/health/DeviceHealthManager$createChannel$1$1.class  
Build & Test Android Companion	Inspect Wearables Class	2026-07-16T08:05:30.8423870Z   inflating: classes_out/com/meta/wearable/dat/core/internal/health/DeviceHealthManager$createChannel$1$2.class  
Build & Test Android Companion	Inspect Wearables Class	2026-07-16T08:05:30.8424688Z   inflating: classes_out/com/meta/wearable/dat/core/internal/health/DeviceHealthManager$createChannel$1$3.class  
Build & Test Android Companion	Inspect Wearables Class	2026-07-16T08:05:30.8425525Z   inflating: classes_out/com/meta/wearable/dat/core/internal/health/DeviceHealthManager$disconnectChannel$1.class  
Build & Test Android Companion	Inspect Wearables Class	2026-07-16T08:05:30.8426326Z   inflating: classes_out/com/meta/wearable/dat/core/internal/health/DeviceHealthManager$rebindChannel$2.class  
Build & Test Android Companion	Inspect Wearables Class	2026-07-16T08:05:30.8427066Z   inflating: classes_out/com/meta/wearable/dat/core/internal/health/DeviceHealthManager$start$1$1$1.class  
Build & Test Android Companion	Inspect Wearables Class	2026-07-16T08:05:30.8427811Z   inflating: classes_out/com/meta/wearable/dat/core/internal/health/DeviceHealthManager$start$1$1.class  
Build & Test Android Companion	Inspect Wearables Class	2026-07-16T08:05:30.8428667Z   inflating: classes_out/com/meta/wearable/dat/core/internal/health/DeviceHealthManager.class  
Build & Test Android Companion	Inspect Wearables Class	2026-07-16T08:05:30.8429346Z   inflating: classes_out/com/meta/wearable/dat/core/internal/health/HealthListener.class  
Build & Test Android Companion	Inspect Wearables Class	2026-07-16T08:05:30.8429978Z   inflating: classes_out/com/meta/wearable/dat/core/internal/health/PeakPowerLevel.class  
Build & Test Android Companion	Inspect Wearables Class	2026-07-16T08:05:30.8430758Z   inflating: classes_out/com/meta/wearable/dat/core/internal/health/PeakPowerLevelMapper$WhenMappings.class  
Build & Test Android Companion	Inspect Wearables Class	2026-07-16T08:05:30.8431465Z   inflating: classes_out/com/meta/wearable/dat/core/internal/health/PeakPowerLevelMapper.class  
Build & Test Android Companion	Inspect Wearables Class	2026-07-16T08:05:30.8432233Z   inflating: classes_out/com/meta/wearable/dat/core/internal/health/ThermalLevelMapper$WhenMappings.class  
Build & Test Android Companion	Inspect Wearables Class	2026-07-16T08:05:30.8432910Z   inflating: classes_out/com/meta/wearable/dat/core/internal/health/ThermalLevelMapper.class  
Build & Test Android Companion	Inspect Wearables Class	2026-07-16T08:05:30.8433879Z   inflating: classes_out/com/meta/wearable/dat/core/internal/permissions/PermissionRequestHandler.class  
Build & Test Android Companion	Inspect Wearables Class	2026-07-16T08:05:30.8434859Z   inflating: classes_out/com/meta/wearable/dat/core/internal/permissions/PermissionsEventListener.class  
Build & Test Android Companion	Inspect Wearables Class	2026-07-16T08:05:30.8435667Z   inflating: classes_out/com/meta/wearable/dat/core/internal/permissions/PermissionsSession$Companion.class  
Build & Test Android Companion	Inspect Wearables Class	2026-07-16T08:05:30.8436498Z   inflating: classes_out/com/meta/wearable/dat/core/internal/permissions/PermissionsSession$checkPermission$1.class  
Build & Test Android Companion	Inspect Wearables Class	2026-07-16T08:05:30.8437393Z   inflating: classes_out/com/meta/wearable/dat/core/internal/permissions/PermissionsSession$checkPermission$2$1$1.class  
Build & Test Android Companion	Inspect Wearables Class	2026-07-16T08:05:30.8438213Z   inflating: classes_out/com/meta/wearable/dat/core/internal/permissions/PermissionsSession$checkPermission$2$1$2.class  
Build & Test Android Companion	Inspect Wearables Class	2026-07-16T08:05:30.8439054Z   inflating: classes_out/com/meta/wearable/dat/core/internal/permissions/PermissionsSession$checkPermission$2$1$3.class  
Build & Test Android Companion	Inspect Wearables Class	2026-07-16T08:05:30.8439909Z   inflating: classes_out/com/meta/wearable/dat/core/internal/permissions/PermissionsSession$checkPermission$2$1$4.class  
Build & Test Android Companion	Inspect Wearables Class	2026-07-16T08:05:30.8440736Z   inflating: classes_out/com/meta/wearable/dat/core/internal/permissions/PermissionsSession$checkPermission$2$1$5.class  
Build & Test Android Companion	Inspect Wearables Class	2026-07-16T08:05:30.8441571Z   inflating: classes_out/com/meta/wearable/dat/core/internal/permissions/PermissionsSession$checkPermission$2$1$6.class  
Build & Test Android Companion	Inspect Wearables Class	2026-07-16T08:05:30.8442634Z   inflating: classes_out/com/meta/wearable/dat/core/internal/permissions/PermissionsSession$checkPermission$2$1$eventListener$1$onPermissionsError$1.class  
Build & Test Android Companion	Inspect Wearables Class	2026-07-16T08:05:30.8444020Z   inflating: classes_out/com/meta/wearable/dat/core/internal/permissions/PermissionsSession$checkPermission$2$1$eventListener$1$onPermissionsReceived$1.class  
Build & Test Android Companion	Inspect Wearables Class	2026-07-16T08:05:30.8445045Z   inflating: classes_out/com/meta/wearable/dat/core/internal/permissions/PermissionsSession$checkPermission$2$1$eventListener$1.class  
Build & Test Android Companion	Inspect Wearables Class	2026-07-16T08:05:30.8445988Z   inflating: classes_out/com/meta/wearable/dat/core/internal/permissions/PermissionsSession$checkPermission$2$WhenMappings.class  
Build & Test Android Companion	Inspect Wearables Class	2026-07-16T08:05:30.8446869Z   inflating: classes_out/com/meta/wearable/dat/core/internal/permissions/PermissionsSession$checkPermission$2.class  
Build & Test Android Companion	Inspect Wearables Class	2026-07-16T08:05:30.8447549Z   inflating: classes_out/com/meta/wearable/dat/core/internal/permissions/PermissionsSession.class  
Build & Test Android Companion	Inspect Wearables Class	2026-07-16T08:05:30.8448470Z   inflating: classes_out/com/meta/wearable/dat/core/internal/registration/BluetoothDeviceDetectionProvider$Companion.class  
Build & Test Android Companion	Inspect Wearables Class	2026-07-16T08:05:30.8449461Z   inflating: classes_out/com/meta/wearable/dat/core/internal/registration/BluetoothDeviceDetectionProvider$bluetoothReceiver$1.class  
Build & Test Android Companion	Inspect Wearables Class	2026-07-16T08:05:30.8450335Z   inflating: classes_out/com/meta/wearable/dat/core/internal/registration/BluetoothDeviceDetectionProvider.class  
Build & Test Android Companion	Inspect Wearables Class	2026-07-16T08:05:30.8451109Z   inflating: classes_out/com/meta/wearable/dat/core/internal/registration/DeviceDetectionProvider.class  
Build & Test Android Companion	Inspect Wearables Class	2026-07-16T08:05:30.8451788Z   inflating: classes_out/com/meta/wearable/dat/core/internal/registration/IntentLauncher.class  
Build & Test Android Companion	Inspect Wearables Class	2026-07-16T08:05:30.8452788Z   inflating: classes_out/com/meta/wearable/dat/core/internal/registration/IntentLauncherImpl$Companion.class  
Build & Test Android Companion	Inspect Wearables Class	2026-07-16T08:05:30.8453764Z   inflating: classes_out/com/meta/wearable/dat/core/internal/registration/IntentLauncherImpl.class  
Build & Test Android Companion	Inspect Wearables Class	2026-07-16T08:05:30.8454599Z   inflating: classes_out/com/meta/wearable/dat/core/internal/registration/RegistrationData$AlreadyHandled.class  
Build & Test Android Companion	Inspect Wearables Class	2026-07-16T08:05:30.8455434Z   inflating: classes_out/com/meta/wearable/dat/core/internal/registration/RegistrationData$LaunchIntent.class  
Build & Test Android Companion	Inspect Wearables Class	2026-07-16T08:05:30.8456145Z   inflating: classes_out/com/meta/wearable/dat/core/internal/registration/RegistrationData.class  
Build & Test Android Companion	Inspect Wearables Class	2026-07-16T08:05:30.8456911Z   inflating: classes_out/com/meta/wearable/dat/core/internal/registration/RegistrationManager.class  
Build & Test Android Companion	Inspect Wearables Class	2026-07-16T08:05:30.8457981Z   inflating: classes_out/com/meta/wearable/dat/core/internal/registration/RegistrationManagerImpl$Companion.class  
Build & Test Android Companion	Inspect Wearables Class	2026-07-16T08:05:30.8459181Z   inflating: classes_out/com/meta/wearable/dat/core/internal/registration/RegistrationManagerImpl$WhenMappings.class  
Build & Test Android Companion	Inspect Wearables Class	2026-07-16T08:05:30.8460895Z   inflating: classes_out/com/meta/wearable/dat/core/internal/registration/RegistrationManagerImpl$askRegistration$1$1.class  
Build & Test Android Companion	Inspect Wearables Class	2026-07-16T08:05:30.8462233Z   inflating: classes_out/com/meta/wearable/dat/core/internal/registration/RegistrationManagerImpl$launchIntentForResult$1$1$WhenMappings.class  
Build & Test Android Companion	Inspect Wearables Class	2026-07-16T08:05:30.8464032Z   inflating: classes_out/com/meta/wearable/dat/core/internal/registration/RegistrationManagerImpl$launchIntentForResult$1$1.class  
Build & Test Android Companion	Inspect Wearables Class	2026-07-16T08:05:30.8465428Z   inflating: classes_out/com/meta/wearable/dat/core/internal/registration/RegistrationManagerImpl$setRegistration$1$3.class  
Build & Test Android Companion	Inspect Wearables Class	2026-07-16T08:05:30.8466861Z   inflating: classes_out/com/meta/wearable/dat/core/internal/registration/RegistrationManagerImpl$setRegistration$1$4.class  
Build & Test Android Companion	Inspect Wearables Class	2026-07-16T08:05:30.8468239Z   inflating: classes_out/com/meta/wearable/dat/core/internal/registration/RegistrationManagerImpl$setupAvailabilityMonitoring$1$1$WhenMappings.class  
Build & Test Android Companion	Inspect Wearables Class	2026-07-16T08:05:30.8469688Z   inflating: classes_out/com/meta/wearable/dat/core/internal/registration/RegistrationManagerImpl$setupAvailabilityMonitoring$1$1.class  
Build & Test Android Companion	Inspect Wearables Class	2026-07-16T08:05:30.8484689Z   inflating: classes_out/com/meta/wearable/dat/core/internal/registration/RegistrationManagerImpl$setupRegistrarMonitoring$1$1.class  
Build & Test Android Companion	Inspect Wearables Class	2026-07-16T08:05:30.8485449Z   inflating: classes_out/com/meta/wearable/dat/core/internal/registration/RegistrationManagerImpl.class  
Build & Test Android Companion	Inspect Wearables Class	2026-07-16T08:05:30.8486179Z   inflating: classes_out/com/meta/wearable/dat/core/internal/registration/RegistrationUtil$Companion.class  
Build & Test Android Companion	Inspect Wearables Class	2026-07-16T08:05:30.8486765Z   inflating: classes_out/com/meta/wearable/dat/core/internal/registration/RegistrationUtil.class  
Build & Test Android Companion	Inspect Wearables Class	2026-07-16T08:05:30.8487554Z   inflating: classes_out/com/meta/wearable/dat/core/internal/selectors/AutoDeviceSelector$DeviceSelectionState.class  
Build & Test Android Companion	Inspect Wearables Class	2026-07-16T08:05:30.8488428Z   inflating: classes_out/com/meta/wearable/dat/core/internal/selectors/AutoDeviceSelector$selectDevice$$inlined$filter$1$2$1.class  
Build & Test Android Companion	Inspect Wearables Class	2026-07-16T08:05:30.8489304Z   inflating: classes_out/com/meta/wearable/dat/core/internal/selectors/AutoDeviceSelector$selectDevice$$inlined$filter$1$2.class  
Build & Test Android Companion	Inspect Wearables Class	2026-07-16T08:05:30.8490137Z   inflating: classes_out/com/meta/wearable/dat/core/internal/selectors/AutoDeviceSelector$selectDevice$$inlined$filter$1.class  
Build & Test Android Companion	Inspect Wearables Class	2026-07-16T08:05:30.8490892Z   inflating: classes_out/com/meta/wearable/dat/core/internal/selectors/AutoDeviceSelector$selectDevice$$inlined$map$1$2$1.class  
Build & Test Android Companion	Inspect Wearables Class	2026-07-16T08:05:30.8491723Z   inflating: classes_out/com/meta/wearable/dat/core/internal/selectors/AutoDeviceSelector$selectDevice$$inlined$map$1$2.class  
Build & Test Android Companion	Inspect Wearables Class	2026-07-16T08:05:30.8492545Z   inflating: classes_out/com/meta/wearable/dat/core/internal/selectors/AutoDeviceSelector$selectDevice$$inlined$map$1.class  
Build & Test Android Companion	Inspect Wearables Class	2026-07-16T08:05:30.8493484Z   inflating: classes_out/com/meta/wearable/dat/core/internal/selectors/AutoDeviceSelector$selectDevice$1.class  
Build & Test Android Companion	Inspect Wearables Class	2026-07-16T08:05:30.8494457Z   inflating: classes_out/com/meta/wearable/dat/core/internal/selectors/AutoDeviceSelector$selectDevice$2.class  
Build & Test Android Companion	Inspect Wearables Class	2026-07-16T08:05:30.8495325Z   inflating: classes_out/com/meta/wearable/dat/core/internal/selectors/AutoDeviceSelector$selectDevice$metadataUpdate$1.class  
Build & Test Android Companion	Inspect Wearables Class	2026-07-16T08:05:30.8496209Z   inflating: classes_out/com/meta/wearable/dat/core/internal/selectors/AutoDeviceSelector$selectDeviceSync$$inlined$compareBy$1.class  
Build & Test Android Companion	Inspect Wearables Class	2026-07-16T08:05:30.8496864Z   inflating: classes_out/com/meta/wearable/dat/core/internal/selectors/AutoDeviceSelector.class  
Build & Test Android Companion	Inspect Wearables Class	2026-07-16T08:05:30.8497459Z   inflating: classes_out/com/meta/wearable/dat/core/internal/session/DATSession$Companion.class  
Build & Test Android Companion	Inspect Wearables Class	2026-07-16T08:05:30.8498096Z   inflating: classes_out/com/meta/wearable/dat/core/internal/session/DATSession$WhenMappings.class  
Build & Test Android Companion	Inspect Wearables Class	2026-07-16T08:05:30.8498658Z   inflating: classes_out/com/meta/wearable/dat/core/internal/session/DATSession.class  
Build & Test Android Companion	Inspect Wearables Class	2026-07-16T08:05:30.8499429Z   inflating: classes_out/com/meta/wearable/dat/core/internal/session/DwaCapabilityChannel$CallbackRegistration.class  
Build & Test Android Companion	Inspect Wearables Class	2026-07-16T08:05:30.8500316Z   inflating: classes_out/com/meta/wearable/dat/core/internal/session/DwaCapabilityChannel$Companion.class  
Build & Test Android Companion	Inspect Wearables Class	2026-07-16T08:05:30.8501138Z   inflating: classes_out/com/meta/wearable/dat/core/internal/session/DwaCapabilityChannel$RegisteredClosedCallback.class  
Build & Test Android Companion	Inspect Wearables Class	2026-07-16T08:05:30.8501944Z   inflating: classes_out/com/meta/wearable/dat/core/internal/session/DwaCapabilityChannel$RegisteredErrorCallback.class  
Build & Test Android Companion	Inspect Wearables Class	2026-07-16T08:05:30.8502597Z   inflating: classes_out/com/meta/wearable/dat/core/internal/session/DwaCapabilityChannel$RegisteredEventCallback.class  
Build & Test Android Companion	Inspect Wearables Class	2026-07-16T08:05:30.8503602Z   inflating: classes_out/com/meta/wearable/dat/core/internal/session/DwaCapabilityChannel$RegisteredResponseCallback.class  
Build & Test Android Companion	Inspect Wearables Class	2026-07-16T08:05:30.8504363Z   inflating: classes_out/com/meta/wearable/dat/core/internal/session/DwaCapabilityChannel$open$1$1$1.class  
Build & Test Android Companion	Inspect Wearables Class	2026-07-16T08:05:30.8505060Z   inflating: classes_out/com/meta/wearable/dat/core/internal/session/DwaCapabilityChannel$open$1$1$2.class  
Build & Test Android Companion	Inspect Wearables Class	2026-07-16T08:05:30.8505789Z   inflating: classes_out/com/meta/wearable/dat/core/internal/session/DwaCapabilityChannel$open$1$1$3.class  
Build & Test Android Companion	Inspect Wearables Class	2026-07-16T08:05:30.8506446Z   inflating: classes_out/com/meta/wearable/dat/core/internal/session/DwaCapabilityChannel.class  
Build & Test Android Companion	Inspect Wearables Class	2026-07-16T08:05:30.8507130Z   inflating: classes_out/com/meta/wearable/dat/core/internal/session/DwaHeartbeatMonitor$Companion.class  
Build & Test Android Companion	Inspect Wearables Class	2026-07-16T08:05:30.8507946Z   inflating: classes_out/com/meta/wearable/dat/core/internal/session/DwaHeartbeatMonitor$DwaAvailability$Available.class  
Build & Test Android Companion	Inspect Wearables Class	2026-07-16T08:05:30.8508750Z   inflating: classes_out/com/meta/wearable/dat/core/internal/session/DwaHeartbeatMonitor$DwaAvailability$Unavailable.class  
Build & Test Android Companion	Inspect Wearables Class	2026-07-16T08:05:30.8509486Z   inflating: classes_out/com/meta/wearable/dat/core/internal/session/DwaHeartbeatMonitor$DwaAvailability.class  
Build & Test Android Companion	Inspect Wearables Class	2026-07-16T08:05:30.8510167Z   inflating: classes_out/com/meta/wearable/dat/core/internal/session/DwaHeartbeatMonitor$resetTimeout$1$1.class  
Build & Test Android Companion	Inspect Wearables Class	2026-07-16T08:05:30.8511008Z   inflating: classes_out/com/meta/wearable/dat/core/internal/session/DwaHeartbeatMonitor.class  
Build & Test Android Companion	Inspect Wearables Class	2026-07-16T08:05:30.8512191Z   inflating: classes_out/com/meta/wearable/dat/core/internal/session/SessionAnalyticsKt$WhenMappings.class  
Build & Test Android Companion	Inspect Wearables Class	2026-07-16T08:05:30.8513531Z   inflating: classes_out/com/meta/wearable/dat/core/internal/session/SessionAnalyticsKt.class  
Build & Test Android Companion	Inspect Wearables Class	2026-07-16T08:05:30.8514641Z   inflating: classes_out/com/meta/wearable/dat/core/internal/session/SessionChannel$1.class  
Build & Test Android Companion	Inspect Wearables Class	2026-07-16T08:05:30.8515702Z   inflating: classes_out/com/meta/wearable/dat/core/internal/session/SessionChannel$2.class  
Build & Test Android Companion	Inspect Wearables Class	2026-07-16T08:05:30.8516750Z   inflating: classes_out/com/meta/wearable/dat/core/internal/session/SessionChannel$3.class  
Build & Test Android Companion	Inspect Wearables Class	2026-07-16T08:05:30.8518128Z   inflating: classes_out/com/meta/wearable/dat/core/internal/session/SessionChannel$Companion.class  
Build & Test Android Companion	Inspect Wearables Class	2026-07-16T08:05:30.8519350Z   inflating: classes_out/com/meta/wearable/dat/core/internal/session/SessionChannel$WhenMappings.class  
Build & Test Android Companion	Inspect Wearables Class	2026-07-16T08:05:30.8520597Z   inflating: classes_out/com/meta/wearable/dat/core/internal/session/SessionChannel$attemptDwaReadinessProbe$1.class  
Build & Test Android Companion	Inspect Wearables Class	2026-07-16T08:05:30.8521813Z   inflating: classes_out/com/meta/wearable/dat/core/internal/session/SessionChannel$attemptDwaReadinessProbe$2.class  
Build & Test Android Companion	Inspect Wearables Class	2026-07-16T08:05:30.8523052Z   inflating: classes_out/com/meta/wearable/dat/core/internal/session/SessionChannel$attemptDwaReadinessProbe$registration$1.class  
Build & Test Android Companion	Inspect Wearables Class	2026-07-16T08:05:30.8524372Z   inflating: classes_out/com/meta/wearable/dat/core/internal/session/SessionChannel$attemptDwaReadinessProbe$registration$2.class  
Build & Test Android Companion	Inspect Wearables Class	2026-07-16T08:05:30.8525562Z   inflating: classes_out/com/meta/wearable/dat/core/internal/session/SessionChannel$attemptDwaReadinessProbe$registration$3.class  
Build & Test Android Companion	Inspect Wearables Class	2026-07-16T08:05:30.8526531Z   inflating: classes_out/com/meta/wearable/dat/core/internal/session/SessionChannel$getChannel$1$1.class  
Build & Test Android Companion	Inspect Wearables Class	2026-07-16T08:05:30.8527649Z   inflating: classes_out/com/meta/wearable/dat/core/internal/session/SessionChannel$getChannel$1$2$1.class  
Build & Test Android Companion	Inspect Wearables Class	2026-07-16T08:05:30.8528735Z   inflating: classes_out/com/meta/wearable/dat/core/internal/session/SessionChannel$getChannel$1$2$2.class  
Build & Test Android Companion	Inspect Wearables Class	2026-07-16T08:05:30.8529878Z   inflating: classes_out/com/meta/wearable/dat/core/internal/session/SessionChannel$getChannel$1$2$3.class  
Build & Test Android Companion	Inspect Wearables Class	2026-07-16T08:05:30.8531169Z   inflating: classes_out/com/meta/wearable/dat/core/internal/session/SessionChannel$getOrCreateSharedDwaChannel$1$1.class  
Build & Test Android Companion	Inspect Wearables Class	2026-07-16T08:05:30.8532376Z   inflating: classes_out/com/meta/wearable/dat/core/internal/session/SessionChannel$reacquireSessionLinkLease$1$1.class  
Build & Test Android Companion	Inspect Wearables Class	2026-07-16T08:05:30.8533998Z   inflating: classes_out/com/meta/wearable/dat/core/internal/session/SessionChannel$startDwaReadinessProbe$1$1.class  
Build & Test Android Companion	Inspect Wearables Class	2026-07-16T08:05:30.8544416Z   inflating: classes_out/com/meta/wearable/dat/core/internal/session/SessionChannel.class  
Build & Test Android Companion	Inspect Wearables Class	2026-07-16T08:05:30.8566003Z   inflating: classes_out/com/meta/wearable/dat/core/internal/session/SessionError.class  
Build & Test Android Companion	Inspect Wearables Class	2026-07-16T08:05:30.8568861Z   inflating: classes_out/com/meta/wearable/dat/core/internal/session/SessionHandle.class  
Build & Test Android Companion	Inspect Wearables Class	2026-07-16T08:05:30.8596893Z   inflating: classes_out/com/meta/wearable/dat/core/internal/session/SessionId.class  
Build & Test Android Companion	Inspect Wearables Class	2026-07-16T08:05:30.8597553Z   inflating: classes_out/com/meta/wearable/dat/core/internal/session/SessionManager$1.class  
Build & Test Android Companion	Inspect Wearables Class	2026-07-16T08:05:30.8598282Z   inflating: classes_out/com/meta/wearable/dat/core/internal/session/SessionManager$2.class  
Build & Test Android Companion	Inspect Wearables Class	2026-07-16T08:05:30.8599162Z   inflating: classes_out/com/meta/wearable/dat/core/internal/session/SessionManager$Companion$startSession$1.class  
Build & Test Android Companion	Inspect Wearables Class	2026-07-16T08:05:30.8600090Z   inflating: classes_out/com/meta/wearable/dat/core/internal/session/SessionManager$Companion.class  
Build & Test Android Companion	Inspect Wearables Class	2026-07-16T08:05:30.8600778Z   inflating: classes_out/com/meta/wearable/dat/core/internal/session/SessionManager$startSession$1.class  
Build & Test Android Companion	Inspect Wearables Class	2026-07-16T08:05:30.8609539Z   inflating: classes_out/com/meta/wearable/dat/core/internal/session/SessionManager$startSession$2$channel$1$1.class  
Build & Test Android Companion	Inspect Wearables Class	2026-07-16T08:05:30.8610457Z   inflating: classes_out/com/meta/wearable/dat/core/internal/session/SessionManager$startSession$2$channel$1$2.class  
Build & Test Android Companion	Inspect Wearables Class	2026-07-16T08:05:30.8611331Z   inflating: classes_out/com/meta/wearable/dat/core/internal/session/SessionManager$startSession$2$channel$1$3.class  
Build & Test Android Companion	Inspect Wearables Class	2026-07-16T08:05:30.8628107Z   inflating: classes_out/com/meta/wearable/dat/core/internal/session/SessionManager$startSession$2$sessionHandle$1.class  
Build & Test Android Companion	Inspect Wearables Class	2026-07-16T08:05:30.8628855Z   inflating: classes_out/com/meta/wearable/dat/core/internal/session/SessionManager.class  
Build & Test Android Companion	Inspect Wearables Class	2026-07-16T08:05:30.8629643Z   inflating: classes_out/com/meta/wearable/dat/core/internal/types/DatErrorAnalytics$Companion.class  
Build & Test Android Companion	Inspect Wearables Class	2026-07-16T08:05:30.8630391Z   inflating: classes_out/com/meta/wearable/dat/core/internal/types/DatErrorAnalytics.class  
Build & Test Android Companion	Inspect Wearables Class	2026-07-16T08:05:30.8631090Z   inflating: classes_out/com/meta/wearable/dat/core/internal/types/DatErrorAnalyticsImpl.class  
Build & Test Android Companion	Inspect Wearables Class	2026-07-16T08:05:30.8632005Z   inflating: classes_out/com/meta/wearable/dat/core/internal/types/DatErrorAnalyticsKt.class  
Build & Test Android Companion	Inspect Wearables Class	2026-07-16T08:05:30.8637715Z   inflating: classes_out/com/meta/wearable/dat/core/internal/types/LinkError.class  
Build & Test Android Companion	Inspect Wearables Class	2026-07-16T08:05:30.8638520Z   inflating: classes_out/com/meta/wearable/dat/core/internal/version/TierSpecificFirmwareVersionsKt.class  
Build & Test Android Companion	Inspect Wearables Class	2026-07-16T08:05:30.8639214Z   inflating: classes_out/com/meta/wearable/dat/core/internal/version/VersionData.class  
Build & Test Android Companion	Inspect Wearables Class	2026-07-16T08:05:30.8639907Z   inflating: classes_out/com/meta/wearable/dat/core/selectors/AutoDeviceSelector$1.class  
Build & Test Android Companion	Inspect Wearables Class	2026-07-16T08:05:30.8640861Z   inflating: classes_out/com/meta/wearable/dat/core/selectors/AutoDeviceSelector$AvailableDeviceFirstComparator.class  
Build & Test Android Companion	Inspect Wearables Class	2026-07-16T08:05:30.8659185Z   inflating: classes_out/com/meta/wearable/dat/core/selectors/AutoDeviceSelector$Companion$eligibleDeviceFilter$1.class  
Build & Test Android Companion	Inspect Wearables Class	2026-07-16T08:05:30.8659995Z   inflating: classes_out/com/meta/wearable/dat/core/selectors/AutoDeviceSelector$Companion.class  
Build & Test Android Companion	Inspect Wearables Class	2026-07-16T08:05:30.8660953Z   inflating: classes_out/com/meta/wearable/dat/core/selectors/AutoDeviceSelector.class  
Build & Test Android Companion	Inspect Wearables Class	2026-07-16T08:05:30.8661619Z   inflating: classes_out/com/meta/wearable/dat/core/selectors/DeviceSelector.class  
Build & Test Android Companion	Inspect Wearables Class	2026-07-16T08:05:30.8662293Z   inflating: classes_out/com/meta/wearable/dat/core/selectors/DeviceSelectorBase.class  
Build & Test Android Companion	Inspect Wearables Class	2026-07-16T08:05:30.8663012Z   inflating: classes_out/com/meta/wearable/dat/core/selectors/SpecificDeviceSelector$1.class  
Build & Test Android Companion	Inspect Wearables Class	2026-07-16T08:05:30.8664164Z   inflating: classes_out/com/meta/wearable/dat/core/selectors/SpecificDeviceSelector$2.class  
Build & Test Android Companion	Inspect Wearables Class	2026-07-16T08:05:30.8664823Z   inflating: classes_out/com/meta/wearable/dat/core/selectors/SpecificDeviceSelector.class  
Build & Test Android Companion	Inspect Wearables Class	2026-07-16T08:05:30.8665439Z   inflating: classes_out/com/meta/wearable/dat/core/session/Capability$Companion.class  
Build & Test Android Companion	Inspect Wearables Class	2026-07-16T08:05:30.8666041Z   inflating: classes_out/com/meta/wearable/dat/core/session/Capability.class  
Build & Test Android Companion	Inspect Wearables Class	2026-07-16T08:05:30.8666693Z   inflating: classes_out/com/meta/wearable/dat/core/session/CapabilityFactory.class  
Build & Test Android Companion	Inspect Wearables Class	2026-07-16T08:05:30.8667420Z   inflating: classes_out/com/meta/wearable/dat/core/session/DeviceSession$Companion.class  
Build & Test Android Companion	Inspect Wearables Class	2026-07-16T08:05:30.8668122Z   inflating: classes_out/com/meta/wearable/dat/core/session/DeviceSession$WhenMappings.class  
Build & Test Android Companion	Inspect Wearables Class	2026-07-16T08:05:30.8694289Z   inflating: classes_out/com/meta/wearable/dat/core/session/DeviceSession$connectToDevice$handle$1.class  
Build & Test Android Companion	Inspect Wearables Class	2026-07-16T08:05:30.8695157Z   inflating: classes_out/com/meta/wearable/dat/core/session/DeviceSession$connectToDevice$handle$2.class  
Build & Test Android Companion	Inspect Wearables Class	2026-07-16T08:05:30.8695905Z   inflating: classes_out/com/meta/wearable/dat/core/session/DeviceSession$healthListener$2$1.class  
Build & Test Android Companion	Inspect Wearables Class	2026-07-16T08:05:30.8696660Z   inflating: classes_out/com/meta/wearable/dat/core/session/DeviceSession$healthListener$2.class  
Build & Test Android Companion	Inspect Wearables Class	2026-07-16T08:05:30.8697493Z   inflating: classes_out/com/meta/wearable/dat/core/session/DeviceSession$monitorDeviceSessionErrors$1$1.class  
Build & Test Android Companion	Inspect Wearables Class	2026-07-16T08:05:30.8698346Z   inflating: classes_out/com/meta/wearable/dat/core/session/DeviceSession$monitorDeviceSessionErrors$1.class  
Build & Test Android Companion	Inspect Wearables Class	2026-07-16T08:05:30.8699193Z   inflating: classes_out/com/meta/wearable/dat/core/session/DeviceSession$monitorSessionState$1$1$WhenMappings.class  
Build & Test Android Companion	Inspect Wearables Class	2026-07-16T08:05:30.8699984Z   inflating: classes_out/com/meta/wearable/dat/core/session/DeviceSession$monitorSessionState$1$1.class  
Build & Test Android Companion	Inspect Wearables Class	2026-07-16T08:05:30.8700772Z   inflating: classes_out/com/meta/wearable/dat/core/session/DeviceSession$monitorSessionState$1.class  
Build & Test Android Companion	Inspect Wearables Class	2026-07-16T08:05:30.8701453Z   inflating: classes_out/com/meta/wearable/dat/core/session/DeviceSession$start$2.class  
Build & Test Android Companion	Inspect Wearables Class	2026-07-16T08:05:30.8702093Z   inflating: classes_out/com/meta/wearable/dat/core/session/DeviceSession.class  
Build & Test Android Companion	Inspect Wearables Class	2026-07-16T08:05:30.8702775Z   inflating: classes_out/com/meta/wearable/dat/core/session/DeviceSessionState.class  
Build & Test Android Companion	Inspect Wearables Class	2026-07-16T08:05:30.8703628Z   inflating: classes_out/com/meta/wearable/dat/core/types/DatError.class  
Build & Test Android Companion	Inspect Wearables Class	2026-07-16T08:05:30.8704250Z   inflating: classes_out/com/meta/wearable/dat/core/types/DatErrorImpl$Companion.class  
Build & Test Android Companion	Inspect Wearables Class	2026-07-16T08:05:30.8705078Z   inflating: classes_out/com/meta/wearable/dat/core/types/DatErrorImpl.class  
Build & Test Android Companion	Inspect Wearables Class	2026-07-16T08:05:30.8705696Z   inflating: classes_out/com/meta/wearable/dat/core/types/DatException.class  
Build & Test Android Companion	Inspect Wearables Class	2026-07-16T08:05:30.8706348Z   inflating: classes_out/com/meta/wearable/dat/core/types/DatResult$Companion.class  
Build & Test Android Companion	Inspect Wearables Class	2026-07-16T08:05:30.8706916Z   inflating: classes_out/com/meta/wearable/dat/core/types/DatResult.class  
Build & Test Android Companion	Inspect Wearables Class	2026-07-16T08:05:30.8707537Z   inflating: classes_out/com/meta/wearable/dat/core/types/DatResultKt.class  
Build & Test Android Companion	Inspect Wearables Class	2026-07-16T08:05:30.8708083Z   inflating: classes_out/com/meta/wearable/dat/core/types/Device.class  
Build & Test Android Companion	Inspect Wearables Class	2026-07-16T08:05:30.8708675Z   inflating: classes_out/com/meta/wearable/dat/core/types/DeviceCompatibility.class  
Build & Test Android Companion	Inspect Wearables Class	2026-07-16T08:05:30.8709337Z   inflating: classes_out/com/meta/wearable/dat/core/types/DeviceIdentifier$1.class  
Build & Test Android Companion	Inspect Wearables Class	2026-07-16T08:05:30.8710002Z   inflating: classes_out/com/meta/wearable/dat/core/types/DeviceIdentifier.class  
Build & Test Android Companion	Inspect Wearables Class	2026-07-16T08:05:30.8710856Z   inflating: classes_out/com/meta/wearable/dat/core/types/DeviceSessionError.class  
Build & Test Android Companion	Inspect Wearables Class	2026-07-16T08:05:30.8711473Z   inflating: classes_out/com/meta/wearable/dat/core/types/DeviceState.class  
Build & Test Android Companion	Inspect Wearables Class	2026-07-16T08:05:30.8712185Z   inflating: classes_out/com/meta/wearable/dat/core/types/DeviceType$WhenMappings.class  
Build & Test Android Companion	Inspect Wearables Class	2026-07-16T08:05:30.8712769Z   inflating: classes_out/com/meta/wearable/dat/core/types/DeviceType.class  
Build & Test Android Companion	Inspect Wearables Class	2026-07-16T08:05:30.8718440Z   inflating: classes_out/com/meta/wearable/dat/core/types/LinkState.class  
Build & Test Android Companion	Inspect Wearables Class	2026-07-16T08:05:30.8719089Z   inflating: classes_out/com/meta/wearable/dat/core/types/LinkStateKt$WhenMappings.class  
Build & Test Android Companion	Inspect Wearables Class	2026-07-16T08:05:30.8719690Z   inflating: classes_out/com/meta/wearable/dat/core/types/LinkStateKt.class  
Build & Test Android Companion	Inspect Wearables Class	2026-07-16T08:05:30.8720344Z   inflating: classes_out/com/meta/wearable/dat/core/types/NavigationError.class  
Build & Test Android Companion	Inspect Wearables Class	2026-07-16T08:05:30.8729538Z   inflating: classes_out/com/meta/wearable/dat/core/types/Permission.class  
Build & Test Android Companion	Inspect Wearables Class	2026-07-16T08:05:30.8730226Z   inflating: classes_out/com/meta/wearable/dat/core/types/PermissionError.class  
Build & Test Android Companion	Inspect Wearables Class	2026-07-16T08:05:30.8730923Z   inflating: classes_out/com/meta/wearable/dat/core/types/PermissionStatus$Denied.class  
Build & Test Android Companion	Inspect Wearables Class	2026-07-16T08:05:30.8731639Z   inflating: classes_out/com/meta/wearable/dat/core/types/PermissionStatus$Granted.class  
Build & Test Android Companion	Inspect Wearables Class	2026-07-16T08:05:30.8732274Z   inflating: classes_out/com/meta/wearable/dat/core/types/PermissionStatus.class  
Build & Test Android Companion	Inspect Wearables Class	2026-07-16T08:05:30.8737105Z   inflating: classes_out/com/meta/wearable/dat/core/types/RegistrationError.class  
Build & Test Android Companion	Inspect Wearables Class	2026-07-16T08:05:30.8737762Z   inflating: classes_out/com/meta/wearable/dat/core/types/RegistrationState.class  
Build & Test Android Companion	Inspect Wearables Class	2026-07-16T08:05:30.8740137Z   inflating: classes_out/com/meta/wearable/dat/core/types/ThermalLevel.class  
Build & Test Android Companion	Inspect Wearables Class	2026-07-16T08:05:30.8766774Z   inflating: classes_out/com/meta/wearable/dat/core/types/WearablesError.class  
Build & Test Android Companion	Inspect Wearables Class	2026-07-16T08:05:30.8767510Z   inflating: classes_out/com/meta/wearable/dat/core/types/WearablesException.class  
Build & Test Android Companion	Inspect Wearables Class	2026-07-16T08:05:30.8768186Z   inflating: classes_out/com/meta/wearable/dat/dwa/protos/AddCapabilityRequest$1.class  
Build & Test Android Companion	Inspect Wearables Class	2026-07-16T08:05:30.8768927Z   inflating: classes_out/com/meta/wearable/dat/dwa/protos/AddCapabilityRequest$Builder.class  
Build & Test Android Companion	Inspect Wearables Class	2026-07-16T08:05:30.8769612Z   inflating: classes_out/com/meta/wearable/dat/dwa/protos/AddCapabilityRequest.class  
Build & Test Android Companion	Inspect Wearables Class	2026-07-16T08:05:30.8770373Z   inflating: classes_out/com/meta/wearable/dat/dwa/protos/AddCapabilityRequestOrBuilder.class  
Build & Test Android Companion	Inspect Wearables Class	2026-07-16T08:05:30.8771063Z   inflating: classes_out/com/meta/wearable/dat/dwa/protos/AddCapabilityResponse$1.class  
Build & Test Android Companion	Inspect Wearables Class	2026-07-16T08:05:30.8771818Z   inflating: classes_out/com/meta/wearable/dat/dwa/protos/AddCapabilityResponse$Builder.class  
Build & Test Android Companion	Inspect Wearables Class	2026-07-16T08:05:30.8772472Z   inflating: classes_out/com/meta/wearable/dat/dwa/protos/AddCapabilityResponse.class  
Build & Test Android Companion	Inspect Wearables Class	2026-07-16T08:05:30.8773228Z   inflating: classes_out/com/meta/wearable/dat/dwa/protos/AddCapabilityResponseOrBuilder.class  
Build & Test Android Companion	Inspect Wearables Class	2026-07-16T08:05:30.8773993Z   inflating: classes_out/com/meta/wearable/dat/dwa/protos/Capability$1.class  
Build & Test Android Companion	Inspect Wearables Class	2026-07-16T08:05:30.8774985Z   inflating: classes_out/com/meta/wearable/dat/dwa/protos/Capability$CapabilityVerifier.class  
Build & Test Android Companion	Inspect Wearables Class	2026-07-16T08:05:30.8775596Z   inflating: classes_out/com/meta/wearable/dat/dwa/protos/Capability.class  
Build & Test Android Companion	Inspect Wearables Class	2026-07-16T08:05:30.8776281Z   inflating: classes_out/com/meta/wearable/dat/dwa/protos/CapabilityDeniedInfo$1.class  
Build & Test Android Companion	Inspect Wearables Class	2026-07-16T08:05:30.8777016Z   inflating: classes_out/com/meta/wearable/dat/dwa/protos/CapabilityDeniedInfo$Builder.class  
Build & Test Android Companion	Inspect Wearables Class	2026-07-16T08:05:30.8777697Z   inflating: classes_out/com/meta/wearable/dat/dwa/protos/CapabilityDeniedInfo.class  
Build & Test Android Companion	Inspect Wearables Class	2026-07-16T08:05:30.8778454Z   inflating: classes_out/com/meta/wearable/dat/dwa/protos/CapabilityDeniedInfoOrBuilder.class  
Build & Test Android Companion	Inspect Wearables Class	2026-07-16T08:05:30.8779166Z   inflating: classes_out/com/meta/wearable/dat/dwa/protos/CapabilityDeniedReason$1.class  
Build & Test Android Companion	Inspect Wearables Class	2026-07-16T08:05:30.8780109Z   inflating: classes_out/com/meta/wearable/dat/dwa/protos/CapabilityDeniedReason$CapabilityDeniedReasonVerifier.class  
Build & Test Android Companion	Inspect Wearables Class	2026-07-16T08:05:30.8781016Z   inflating: classes_out/com/meta/wearable/dat/dwa/protos/CapabilityDeniedReason.class  
Build & Test Android Companion	Inspect Wearables Class	2026-07-16T08:05:30.8781645Z   inflating: classes_out/com/meta/wearable/dat/dwa/protos/CapabilityInfo$1.class  
Build & Test Android Companion	Inspect Wearables Class	2026-07-16T08:05:30.8782333Z   inflating: classes_out/com/meta/wearable/dat/dwa/protos/CapabilityInfo$Builder.class  
Build & Test Android Companion	Inspect Wearables Class	2026-07-16T08:05:30.8782882Z   inflating: classes_out/com/meta/wearable/dat/dwa/protos/CapabilityInfo.class  
Build & Test Android Companion	Inspect Wearables Class	2026-07-16T08:05:30.8783913Z   inflating: classes_out/com/meta/wearable/dat/dwa/protos/CapabilityInfoOrBuilder.class  
Build & Test Android Companion	Inspect Wearables Class	2026-07-16T08:05:30.8784563Z   inflating: classes_out/com/meta/wearable/dat/dwa/protos/CapabilityQueryRequest$1.class  
Build & Test Android Companion	Inspect Wearables Class	2026-07-16T08:05:30.8785320Z   inflating: classes_out/com/meta/wearable/dat/dwa/protos/CapabilityQueryRequest$Builder.class  
Build & Test Android Companion	Inspect Wearables Class	2026-07-16T08:05:30.8786028Z   inflating: classes_out/com/meta/wearable/dat/dwa/protos/CapabilityQueryRequest.class  
Build & Test Android Companion	Inspect Wearables Class	2026-07-16T08:05:30.8786769Z   inflating: classes_out/com/meta/wearable/dat/dwa/protos/CapabilityQueryRequestOrBuilder.class  
Build & Test Android Companion	Inspect Wearables Class	2026-07-16T08:05:30.8787494Z   inflating: classes_out/com/meta/wearable/dat/dwa/protos/CapabilityQueryResponse$1.class  
Build & Test Android Companion	Inspect Wearables Class	2026-07-16T08:05:30.8788237Z   inflating: classes_out/com/meta/wearable/dat/dwa/protos/CapabilityQueryResponse$Builder.class  
Build & Test Android Companion	Inspect Wearables Class	2026-07-16T08:05:30.8788837Z   inflating: classes_out/com/meta/wearable/dat/dwa/protos/CapabilityQueryResponse.class  
Build & Test Android Companion	Inspect Wearables Class	2026-07-16T08:05:30.8789610Z   inflating: classes_out/com/meta/wearable/dat/dwa/protos/CapabilityQueryResponseOrBuilder.class  
Build & Test Android Companion	Inspect Wearables Class	2026-07-16T08:05:30.8790292Z   inflating: classes_out/com/meta/wearable/dat/dwa/protos/DeviceHealthUpdate$1.class  
Build & Test Android Companion	Inspect Wearables Class	2026-07-16T08:05:30.8791001Z   inflating: classes_out/com/meta/wearable/dat/dwa/protos/DeviceHealthUpdate$Builder.class  
Build & Test Android Companion	Inspect Wearables Class	2026-07-16T08:05:30.8791636Z   inflating: classes_out/com/meta/wearable/dat/dwa/protos/DeviceHealthUpdate.class  
Build & Test Android Companion	Inspect Wearables Class	2026-07-16T08:05:30.8792361Z   inflating: classes_out/com/meta/wearable/dat/dwa/protos/DeviceHealthUpdateOrBuilder.class  
Build & Test Android Companion	Inspect Wearables Class	2026-07-16T08:05:30.8792979Z   inflating: classes_out/com/meta/wearable/dat/dwa/protos/DonState$1.class  
Build & Test Android Companion	Inspect Wearables Class	2026-07-16T08:05:30.8794110Z   inflating: classes_out/com/meta/wearable/dat/dwa/protos/DonState$DonStateVerifier.class  
Build & Test Android Companion	Inspect Wearables Class	2026-07-16T08:05:30.8794501Z   inflating: classes_out/com/meta/wearable/dat/dwa/protos/DonState.class  
Build & Test Android Companion	Inspect Wearables Class	2026-07-16T08:05:30.8795090Z   inflating: classes_out/com/meta/wearable/dat/dwa/protos/DwaApiResponse$1.class  
Build & Test Android Companion	Inspect Wearables Class	2026-07-16T08:05:30.8795814Z   inflating: classes_out/com/meta/wearable/dat/dwa/protos/DwaApiResponse$Builder.class  
Build & Test Android Companion	Inspect Wearables Class	2026-07-16T08:05:30.8796495Z   inflating: classes_out/com/meta/wearable/dat/dwa/protos/DwaApiResponse$ResponseTypeCase.class  
Build & Test Android Companion	Inspect Wearables Class	2026-07-16T08:05:30.8806241Z   inflating: classes_out/com/meta/wearable/dat/dwa/protos/DwaApiResponse.class  
Build & Test Android Companion	Inspect Wearables Class	2026-07-16T08:05:30.8806866Z   inflating: classes_out/com/meta/wearable/dat/dwa/protos/DwaApiResponseOrBuilder.class  
Build & Test Android Companion	Inspect Wearables Class	2026-07-16T08:05:30.8807369Z   inflating: classes_out/com/meta/wearable/dat/dwa/protos/DwaEvent$1.class  
Build & Test Android Companion	Inspect Wearables Class	2026-07-16T08:05:30.8807898Z   inflating: classes_out/com/meta/wearable/dat/dwa/protos/DwaEvent$Builder.class  
Build & Test Android Companion	Inspect Wearables Class	2026-07-16T08:05:30.8808678Z   inflating: classes_out/com/meta/wearable/dat/dwa/protos/DwaEvent$EventTypeCase.class  
Build & Test Android Companion	Inspect Wearables Class	2026-07-16T08:05:30.8809181Z   inflating: classes_out/com/meta/wearable/dat/dwa/protos/DwaEvent.class  
Build & Test Android Companion	Inspect Wearables Class	2026-07-16T08:05:30.8809741Z   inflating: classes_out/com/meta/wearable/dat/dwa/protos/DwaEventOrBuilder.class  
Build & Test Android Companion	Inspect Wearables Class	2026-07-16T08:05:30.8810232Z   inflating: classes_out/com/meta/wearable/dat/dwa/protos/DwaRequest$1.class  
Build & Test Android Companion	Inspect Wearables Class	2026-07-16T08:05:30.8810778Z   inflating: classes_out/com/meta/wearable/dat/dwa/protos/DwaRequest$Builder.class  
Build & Test Android Companion	Inspect Wearables Class	2026-07-16T08:05:30.8811259Z   inflating: classes_out/com/meta/wearable/dat/dwa/protos/DwaRequest.class  
Build & Test Android Companion	Inspect Wearables Class	2026-07-16T08:05:30.8811728Z   inflating: classes_out/com/meta/wearable/dat/dwa/protos/DwaRequestBody$1.class  
Build & Test Android Companion	Inspect Wearables Class	2026-07-16T08:05:30.8812287Z   inflating: classes_out/com/meta/wearable/dat/dwa/protos/DwaRequestBody$Builder.class  
Build & Test Android Companion	Inspect Wearables Class	2026-07-16T08:05:30.8812928Z   inflating: classes_out/com/meta/wearable/dat/dwa/protos/DwaRequestBody$RequestTypeCase.class  
Build & Test Android Companion	Inspect Wearables Class	2026-07-16T08:05:30.8813891Z   inflating: classes_out/com/meta/wearable/dat/dwa/protos/DwaRequestBody.class  
Build & Test Android Companion	Inspect Wearables Class	2026-07-16T08:05:30.8814517Z   inflating: classes_out/com/meta/wearable/dat/dwa/protos/DwaRequestBodyOrBuilder.class  
Build & Test Android Companion	Inspect Wearables Class	2026-07-16T08:05:30.8815084Z   inflating: classes_out/com/meta/wearable/dat/dwa/protos/DwaRequestHeader$1.class  
Build & Test Android Companion	Inspect Wearables Class	2026-07-16T08:05:30.8815619Z   inflating: classes_out/com/meta/wearable/dat/dwa/protos/DwaRequestHeader$Builder.class  
Build & Test Android Companion	Inspect Wearables Class	2026-07-16T08:05:30.8816149Z   inflating: classes_out/com/meta/wearable/dat/dwa/protos/DwaRequestHeader.class  
Build & Test Android Companion	Inspect Wearables Class	2026-07-16T08:05:30.8816742Z   inflating: classes_out/com/meta/wearable/dat/dwa/protos/DwaRequestHeaderOrBuilder.class  
Build & Test Android Companion	Inspect Wearables Class	2026-07-16T08:05:30.8817315Z   inflating: classes_out/com/meta/wearable/dat/dwa/protos/DwaRequestOrBuilder.class  
Build & Test Android Companion	Inspect Wearables Class	2026-07-16T08:05:30.8817819Z   inflating: classes_out/com/meta/wearable/dat/dwa/protos/Envelope.class  
Build & Test Android Companion	Inspect Wearables Class	2026-07-16T08:05:30.8818306Z   inflating: classes_out/com/meta/wearable/dat/dwa/protos/ErrorCode$1.class  
Build & Test Android Companion	Inspect Wearables Class	2026-07-16T08:05:30.8818943Z   inflating: classes_out/com/meta/wearable/dat/dwa/protos/ErrorCode$ErrorCodeVerifier.class  
Build & Test Android Companion	Inspect Wearables Class	2026-07-16T08:05:30.8819423Z   inflating: classes_out/com/meta/wearable/dat/dwa/protos/ErrorCode.class  
Build & Test Android Companion	Inspect Wearables Class	2026-07-16T08:05:30.8819929Z   inflating: classes_out/com/meta/wearable/dat/dwa/protos/ErrorInfo$1.class  
Build & Test Android Companion	Inspect Wearables Class	2026-07-16T08:05:30.8820483Z   inflating: classes_out/com/meta/wearable/dat/dwa/protos/ErrorInfo$Builder.class  
Build & Test Android Companion	Inspect Wearables Class	2026-07-16T08:05:30.8820954Z   inflating: classes_out/com/meta/wearable/dat/dwa/protos/ErrorInfo.class  
Build & Test Android Companion	Inspect Wearables Class	2026-07-16T08:05:30.8821491Z   inflating: classes_out/com/meta/wearable/dat/dwa/protos/ErrorInfoOrBuilder.class  
Build & Test Android Companion	Inspect Wearables Class	2026-07-16T08:05:30.8822045Z   inflating: classes_out/com/meta/wearable/dat/dwa/protos/ForcedShutdownEvent$1.class  
Build & Test Android Companion	Inspect Wearables Class	2026-07-16T08:05:30.8822589Z   inflating: classes_out/com/meta/wearable/dat/dwa/protos/ForcedShutdownEvent$Builder.class  
Build & Test Android Companion	Inspect Wearables Class	2026-07-16T08:05:30.8823141Z   inflating: classes_out/com/meta/wearable/dat/dwa/protos/ForcedShutdownEvent.class  
Build & Test Android Companion	Inspect Wearables Class	2026-07-16T08:05:30.8824046Z   inflating: classes_out/com/meta/wearable/dat/dwa/protos/ForcedShutdownEventOrBuilder.class  
Build & Test Android Companion	Inspect Wearables Class	2026-07-16T08:05:30.8824618Z   inflating: classes_out/com/meta/wearable/dat/dwa/protos/HeartbeatEvent$1.class  
Build & Test Android Companion	Inspect Wearables Class	2026-07-16T08:05:30.8825190Z   inflating: classes_out/com/meta/wearable/dat/dwa/protos/HeartbeatEvent$Builder.class  
Build & Test Android Companion	Inspect Wearables Class	2026-07-16T08:05:30.8825713Z   inflating: classes_out/com/meta/wearable/dat/dwa/protos/HeartbeatEvent.class  
Build & Test Android Companion	Inspect Wearables Class	2026-07-16T08:05:30.8826291Z   inflating: classes_out/com/meta/wearable/dat/dwa/protos/HeartbeatEventOrBuilder.class  
Build & Test Android Companion	Inspect Wearables Class	2026-07-16T08:05:30.8826775Z   inflating: classes_out/com/meta/wearable/dat/dwa/protos/HingeState$1.class  
Build & Test Android Companion	Inspect Wearables Class	2026-07-16T08:05:30.8827390Z   inflating: classes_out/com/meta/wearable/dat/dwa/protos/HingeState$HingeStateVerifier.class  
Build & Test Android Companion	Inspect Wearables Class	2026-07-16T08:05:30.8827910Z   inflating: classes_out/com/meta/wearable/dat/dwa/protos/HingeState.class  
Build & Test Android Companion	Inspect Wearables Class	2026-07-16T08:05:30.8828430Z   inflating: classes_out/com/meta/wearable/dat/dwa/protos/PeakPowerLevel$1.class  
Build & Test Android Companion	Inspect Wearables Class	2026-07-16T08:05:30.8829295Z   inflating: classes_out/com/meta/wearable/dat/dwa/protos/PeakPowerLevel$PeakPowerLevelVerifier.class  
Build & Test Android Companion	Inspect Wearables Class	2026-07-16T08:05:30.8829828Z   inflating: classes_out/com/meta/wearable/dat/dwa/protos/PeakPowerLevel.class  
Build & Test Android Companion	Inspect Wearables Class	2026-07-16T08:05:30.8830435Z   inflating: classes_out/com/meta/wearable/dat/dwa/protos/RemoveCapabilityRequest$1.class  
Build & Test Android Companion	Inspect Wearables Class	2026-07-16T08:05:30.8831077Z   inflating: classes_out/com/meta/wearable/dat/dwa/protos/RemoveCapabilityRequest$Builder.class  
Build & Test Android Companion	Inspect Wearables Class	2026-07-16T08:05:30.8831666Z   inflating: classes_out/com/meta/wearable/dat/dwa/protos/RemoveCapabilityRequest.class  
Build & Test Android Companion	Inspect Wearables Class	2026-07-16T08:05:30.8832309Z   inflating: classes_out/com/meta/wearable/dat/dwa/protos/RemoveCapabilityRequestOrBuilder.class  
Build & Test Android Companion	Inspect Wearables Class	2026-07-16T08:05:30.8832924Z   inflating: classes_out/com/meta/wearable/dat/dwa/protos/RemoveCapabilityResponse$1.class  
Build & Test Android Companion	Inspect Wearables Class	2026-07-16T08:05:30.8833813Z   inflating: classes_out/com/meta/wearable/dat/dwa/protos/RemoveCapabilityResponse$Builder.class  
Build & Test Android Companion	Inspect Wearables Class	2026-07-16T08:05:30.8834636Z   inflating: classes_out/com/meta/wearable/dat/dwa/protos/RemoveCapabilityResponse.class  
Build & Test Android Companion	Inspect Wearables Class	2026-07-16T08:05:30.8835329Z   inflating: classes_out/com/meta/wearable/dat/dwa/protos/RemoveCapabilityResponseOrBuilder.class  
Build & Test Android Companion	Inspect Wearables Class	2026-07-16T08:05:30.8835870Z   inflating: classes_out/com/meta/wearable/dat/dwa/protos/ResponseStatus$1.class  
Build & Test Android Companion	Inspect Wearables Class	2026-07-16T08:05:30.8836565Z   inflating: classes_out/com/meta/wearable/dat/dwa/protos/ResponseStatus$ResponseStatusVerifier.class  
Build & Test Android Companion	Inspect Wearables Class	2026-07-16T08:05:30.8837077Z   inflating: classes_out/com/meta/wearable/dat/dwa/protos/ResponseStatus.class  
Build & Test Android Companion	Inspect Wearables Class	2026-07-16T08:05:30.8837631Z   inflating: classes_out/com/meta/wearable/dat/dwa/protos/SessionEndReason$1.class  
Build & Test Android Companion	Inspect Wearables Class	2026-07-16T08:05:30.8838350Z   inflating: classes_out/com/meta/wearable/dat/dwa/protos/SessionEndReason$SessionEndReasonVerifier.class  
Build & Test Android Companion	Inspect Wearables Class	2026-07-16T08:05:30.8838890Z   inflating: classes_out/com/meta/wearable/dat/dwa/protos/SessionEndReason.class  
Build & Test Android Companion	Inspect Wearables Class	2026-07-16T08:05:30.8839435Z   inflating: classes_out/com/meta/wearable/dat/dwa/protos/SignalQuality$1.class  
Build & Test Android Companion	Inspect Wearables Class	2026-07-16T08:05:30.8840086Z   inflating: classes_out/com/meta/wearable/dat/dwa/protos/SignalQuality$SignalQualityVerifier.class  
Build & Test Android Companion	Inspect Wearables Class	2026-07-16T08:05:30.8840541Z   inflating: classes_out/com/meta/wearable/dat/dwa/protos/SignalQuality.class  
Build & Test Android Companion	Inspect Wearables Class	2026-07-16T08:05:30.8841037Z   inflating: classes_out/com/meta/wearable/dat/dwa/protos/ThermalLevel$1.class  
Build & Test Android Companion	Inspect Wearables Class	2026-07-16T08:05:30.8841696Z   inflating: classes_out/com/meta/wearable/dat/dwa/protos/ThermalLevel$ThermalLevelVerifier.class  
Build & Test Android Companion	Inspect Wearables Class	2026-07-16T08:05:30.8842199Z   inflating: classes_out/com/meta/wearable/dat/dwa/protos/ThermalLevel.class  
Build & Test Android Companion	Inspect Wearables Class	2026-07-16T08:05:30.8842664Z   inflating: classes_out/com/meta/wearable/qpl3p/IQPLLogger.class  
Build & Test Android Companion	Inspect Wearables Class	2026-07-16T08:05:30.8843193Z   inflating: classes_out/com/meta/wearable/qpl3p/IQPLLoggerImpl$Companion.class  
Build & Test Android Companion	Inspect Wearables Class	2026-07-16T08:05:30.8844000Z   inflating: classes_out/com/meta/wearable/qpl3p/IQPLLoggerImpl.class  
Build & Test Android Companion	Inspect Wearables Class	2026-07-16T08:05:30.8844738Z   inflating: classes_out/com/meta/wearable/qpl3p/IQPLLoggerLogLevel$H2KTGuard.class  
Build & Test Android Companion	Inspect Wearables Class	2026-07-16T08:05:30.8845243Z   inflating: classes_out/com/meta/wearable/qpl3p/IQPLLoggerLogLevel.class  
Build & Test Android Companion	Inspect Wearables Class	2026-07-16T08:05:30.8845759Z   inflating: classes_out/com/meta/wearable/qpl3p/QPL3PLogger$Companion.class  
Build & Test Android Companion	Inspect Wearables Class	2026-07-16T08:05:30.8846221Z   inflating: classes_out/com/meta/wearable/qpl3p/QPL3PLogger.class  
Build & Test Android Companion	Inspect Wearables Class	2026-07-16T08:05:30.8846738Z   inflating: classes_out/com/meta/wearable/qpl3p/QPLInstanceType$H2KTGuard.class  
Build & Test Android Companion	Inspect Wearables Class	2026-07-16T08:05:30.8847192Z   inflating: classes_out/com/meta/wearable/qpl3p/QPLInstanceType.class  
Build & Test Android Companion	Inspect Wearables Class	2026-07-16T08:05:30.8847784Z   inflating: classes_out/com/meta/wearable/remotepermissions/EcosystemPermissions.class  
Build & Test Android Companion	Inspect Wearables Class	2026-07-16T08:05:30.8848528Z   inflating: classes_out/com/meta/wearable/remotepermissions/EcosystemPermissionsMetaData$Companion.class  
Build & Test Android Companion	Inspect Wearables Class	2026-07-16T08:05:30.8849200Z   inflating: classes_out/com/meta/wearable/remotepermissions/EcosystemPermissionsMetaData.class  
Build & Test Android Companion	Inspect Wearables Class	2026-07-16T08:05:30.8849679Z   inflating: classes_out/com/meta/wearable/remotepermissions/Errors.class  
Build & Test Android Companion	Inspect Wearables Class	2026-07-16T08:05:30.8850452Z   inflating: classes_out/com/meta/wearable/remotepermissions/MessageType$Companion.class  
Build & Test Android Companion	Inspect Wearables Class	2026-07-16T08:05:30.8850977Z   inflating: classes_out/com/meta/wearable/remotepermissions/MessageType.class  
Build & Test Android Companion	Inspect Wearables Class	2026-07-16T08:05:30.8851538Z   inflating: classes_out/com/meta/wearable/remotepermissions/PermissionEntry$1.class  
Build & Test Android Companion	Inspect Wearables Class	2026-07-16T08:05:30.8852058Z   inflating: classes_out/com/meta/wearable/remotepermissions/PermissionEntry$Builder.class  
Build & Test Android Companion	Inspect Wearables Class	2026-07-16T08:05:30.8852611Z   inflating: classes_out/com/meta/wearable/remotepermissions/PermissionEntry.class  
Build & Test Android Companion	Inspect Wearables Class	2026-07-16T08:05:30.8853247Z   inflating: classes_out/com/meta/wearable/remotepermissions/PermissionEntryOrBuilder.class  
Build & Test Android Companion	Inspect Wearables Class	2026-07-16T08:05:30.8854099Z   inflating: classes_out/com/meta/wearable/remotepermissions/PermissionsList$1.class  
Build & Test Android Companion	Inspect Wearables Class	2026-07-16T08:05:30.8854712Z   inflating: classes_out/com/meta/wearable/remotepermissions/PermissionsList$Builder.class  
Build & Test Android Companion	Inspect Wearables Class	2026-07-16T08:05:30.8855448Z   inflating: classes_out/com/meta/wearable/remotepermissions/PermissionsList.class  
Build & Test Android Companion	Inspect Wearables Class	2026-07-16T08:05:30.8856080Z   inflating: classes_out/com/meta/wearable/remotepermissions/PermissionsListOrBuilder.class  
Build & Test Android Companion	Inspect Wearables Class	2026-07-16T08:05:30.8856844Z   inflating: classes_out/com/meta/wearable/sdk/concurrency/coroutines/CheckedCancellableContinuation$resume$1.class  
Build & Test Android Companion	Inspect Wearables Class	2026-07-16T08:05:30.8857593Z   inflating: classes_out/com/meta/wearable/sdk/concurrency/coroutines/CheckedCancellableContinuation.class  
Build & Test Android Companion	Inspect Wearables Class	2026-07-16T08:05:30.8858188Z   inflating: classes_out/com/meta/wearable/sdk/concurrency/coroutines/Continuation.class  
Build & Test Android Companion	Inspect Wearables Class	2026-07-16T08:05:30.8858797Z   inflating: classes_out/com/meta/wearable/sdk/concurrency/coroutines/DirectDispatcher.class  
Build & Test Android Companion	Inspect Wearables Class	2026-07-16T08:05:30.8859582Z   inflating: classes_out/com/meta/wearable/sdk/concurrency/coroutines/SuspendCheckedCancellableCoroutineKt.class  
Build & Test Android Companion	Inspect Wearables Class	2026-07-16T08:05:30.8860269Z   inflating: classes_out/com/meta/wearable/sdk/concurrency/coroutines/WearableCoroutineScopes.class  
Build & Test Android Companion	Inspect Wearables Class	2026-07-16T08:05:30.8861101Z   inflating: classes_out/com/meta/wearable/sdk/concurrency/coroutines/WearableCoroutineUtilsKt$withTimeoutOrDefault$1.class  
Build & Test Android Companion	Inspect Wearables Class	2026-07-16T08:05:30.8861973Z   inflating: classes_out/com/meta/wearable/sdk/concurrency/coroutines/WearableCoroutineUtilsKt$withTimeoutOrDefault$2.class  
Build & Test Android Companion	Inspect Wearables Class	2026-07-16T08:05:30.8862650Z   inflating: classes_out/com/meta/wearable/sdk/concurrency/coroutines/WearableCoroutineUtilsKt.class  
Build & Test Android Companion	Inspect Wearables Class	2026-07-16T08:05:30.8863535Z   inflating: classes_out/com/meta/wearable/sdk/concurrency/coroutines/WearableDispatchers.class  
Build & Test Android Companion	Inspect Wearables Class	2026-07-16T08:05:30.8864154Z   inflating: classes_out/com/meta/wearable/sdk/concurrency/executors/WearableExecutors.class  
Build & Test Android Companion	Inspect Wearables Class	2026-07-16T08:05:30.8864726Z   inflating: classes_out/com/meta/wearable/sdk/memory/WearableLeakAwareService.class  
Build & Test Android Companion	Inspect Wearables Class	2026-07-16T08:05:30.8865239Z   inflating: classes_out/com/meta/wearable/sdk/memory/WearableLeakHelperApi.class  
Build & Test Android Companion	Inspect Wearables Class	2026-07-16T08:05:30.8865781Z   inflating: classes_out/com/meta/wearable/sdk/memory/WearableLeakHelperRegistry.class  
Build & Test Android Companion	Inspect Wearables Class	2026-07-16T08:05:30.8866210Z   inflating: classes_out/com/oculus/atc/CommonProto.class  
Build & Test Android Companion	Inspect Wearables Class	2026-07-16T08:05:30.8866661Z   inflating: classes_out/com/oculus/atc/CreateSoftApNetwork$1.class  
Build & Test Android Companion	Inspect Wearables Class	2026-07-16T08:05:30.8867148Z   inflating: classes_out/com/oculus/atc/CreateSoftApNetwork$Builder.class  
Build & Test Android Companion	Inspect Wearables Class	2026-07-16T08:05:30.8867601Z   inflating: classes_out/com/oculus/atc/CreateSoftApNetwork.class  
Build & Test Android Companion	Inspect Wearables Class	2026-07-16T08:05:30.8868109Z   inflating: classes_out/com/oculus/atc/CreateSoftApNetworkOrBuilder.class  
Build & Test Android Companion	Inspect Wearables Class	2026-07-16T08:05:30.8868596Z   inflating: classes_out/com/oculus/atc/CreateSoftApNetworkProto.class  
Build & Test Android Companion	Inspect Wearables Class	2026-07-16T08:05:30.8869050Z   inflating: classes_out/com/oculus/atc/CreateWifiDirectNetwork$1.class  
Build & Test Android Companion	Inspect Wearables Class	2026-07-16T08:05:30.8869549Z   inflating: classes_out/com/oculus/atc/CreateWifiDirectNetwork$Builder.class  
Build & Test Android Companion	Inspect Wearables Class	2026-07-16T08:05:30.8870011Z   inflating: classes_out/com/oculus/atc/CreateWifiDirectNetwork.class  
Build & Test Android Companion	Inspect Wearables Class	2026-07-16T08:05:30.8870545Z   inflating: classes_out/com/oculus/atc/CreateWifiDirectNetworkOrBuilder.class  
Build & Test Android Companion	Inspect Wearables Class	2026-07-16T08:05:30.8871241Z   inflating: classes_out/com/oculus/atc/CreateWifiDirectNetworkResult$1.class  
Build & Test Android Companion	Inspect Wearables Class	2026-07-16T08:05:30.8871807Z   inflating: classes_out/com/oculus/atc/CreateWifiDirectNetworkResult$Builder.class  
Build & Test Android Companion	Inspect Wearables Class	2026-07-16T08:05:30.8872330Z   inflating: classes_out/com/oculus/atc/CreateWifiDirectNetworkResult$Status$1.class  
Build & Test Android Companion	Inspect Wearables Class	2026-07-16T08:05:30.8872995Z   inflating: classes_out/com/oculus/atc/CreateWifiDirectNetworkResult$Status$StatusVerifier.class  
Build & Test Android Companion	Inspect Wearables Class	2026-07-16T08:05:30.8873745Z   inflating: classes_out/com/oculus/atc/CreateWifiDirectNetworkResult$Status.class  
Build & Test Android Companion	Inspect Wearables Class	2026-07-16T08:05:30.8874224Z   inflating: classes_out/com/oculus/atc/CreateWifiDirectNetworkResult.class  
Build & Test Android Companion	Inspect Wearables Class	2026-07-16T08:05:30.8874822Z   inflating: classes_out/com/oculus/atc/CreateWifiDirectNetworkResultOrBuilder.class  
Build & Test Android Companion	Inspect Wearables Class	2026-07-16T08:05:30.8875228Z   inflating: classes_out/com/oculus/atc/Credentials$1.class  
Build & Test Android Companion	Inspect Wearables Class	2026-07-16T08:05:30.8875641Z   inflating: classes_out/com/oculus/atc/Credentials$Builder.class  
Build & Test Android Companion	Inspect Wearables Class	2026-07-16T08:05:30.8876224Z   inflating: classes_out/com/oculus/atc/Credentials.class  
Build & Test Android Companion	Inspect Wearables Class	2026-07-16T08:05:30.8876664Z   inflating: classes_out/com/oculus/atc/CredentialsOrBuilder.class  
Build & Test Android Companion	Inspect Wearables Class	2026-07-16T08:05:30.8877121Z   inflating: classes_out/com/oculus/atc/DestroySoftApNetwork$1.class  
Build & Test Android Companion	Inspect Wearables Class	2026-07-16T08:05:30.8877615Z   inflating: classes_out/com/oculus/atc/DestroySoftApNetwork$Builder.class  
Build & Test Android Companion	Inspect Wearables Class	2026-07-16T08:05:30.8878031Z   inflating: classes_out/com/oculus/atc/DestroySoftApNetwork.class  
Build & Test Android Companion	Inspect Wearables Class	2026-07-16T08:05:30.8878547Z   inflating: classes_out/com/oculus/atc/DestroySoftApNetworkOrBuilder.class  
Build & Test Android Companion	Inspect Wearables Class	2026-07-16T08:05:30.8879026Z   inflating: classes_out/com/oculus/atc/DestroySoftApNetworkProto.class  
Build & Test Android Companion	Inspect Wearables Class	2026-07-16T08:05:30.8879459Z   inflating: classes_out/com/oculus/atc/DestroySoftApNetworkResult$1.class  
Build & Test Android Companion	Inspect Wearables Class	2026-07-16T08:05:30.8879943Z   inflating: classes_out/com/oculus/atc/DestroySoftApNetworkResult$Builder.class  
Build & Test Android Companion	Inspect Wearables Class	2026-07-16T08:05:30.8880492Z   inflating: classes_out/com/oculus/atc/DestroySoftApNetworkResult$Status$1.class  
Build & Test Android Companion	Inspect Wearables Class	2026-07-16T08:05:30.8881138Z   inflating: classes_out/com/oculus/atc/DestroySoftApNetworkResult$Status$StatusVerifier.class  
Build & Test Android Companion	Inspect Wearables Class	2026-07-16T08:05:30.8881684Z   inflating: classes_out/com/oculus/atc/DestroySoftApNetworkResult$Status.class  
Build & Test Android Companion	Inspect Wearables Class	2026-07-16T08:05:30.8882182Z   inflating: classes_out/com/oculus/atc/DestroySoftApNetworkResult.class  
Build & Test Android Companion	Inspect Wearables Class	2026-07-16T08:05:30.8882729Z   inflating: classes_out/com/oculus/atc/DestroySoftApNetworkResultOrBuilder.class  
Build & Test Android Companion	Inspect Wearables Class	2026-07-16T08:05:30.8883202Z   inflating: classes_out/com/oculus/atc/DestroyWifiAwareNetwork$1.class  
Build & Test Android Companion	Inspect Wearables Class	2026-07-16T08:05:30.8883972Z   inflating: classes_out/com/oculus/atc/DestroyWifiAwareNetwork$Builder.class  
Build & Test Android Companion	Inspect Wearables Class	2026-07-16T08:05:30.8884350Z   inflating: classes_out/com/oculus/atc/DestroyWifiAwareNetwork.class  
Build & Test Android Companion	Inspect Wearables Class	2026-07-16T08:05:30.8884738Z   inflating: classes_out/com/oculus/atc/DestroyWifiAwareNetworkOrBuilder.class  
Build & Test Android Companion	Inspect Wearables Class	2026-07-16T08:05:30.8885110Z   inflating: classes_out/com/oculus/atc/DestroyWifiAwareNetworkResult$1.class  
Build & Test Android Companion	Inspect Wearables Class	2026-07-16T08:05:30.8885497Z   inflating: classes_out/com/oculus/atc/DestroyWifiAwareNetworkResult$Builder.class  
Build & Test Android Companion	Inspect Wearables Class	2026-07-16T08:05:30.8885947Z   inflating: classes_out/com/oculus/atc/DestroyWifiAwareNetworkResult$Status$1.class  
Build & Test Android Companion	Inspect Wearables Class	2026-07-16T08:05:30.8886484Z   inflating: classes_out/com/oculus/atc/DestroyWifiAwareNetworkResult$Status$StatusVerifier.class  
Build & Test Android Companion	Inspect Wearables Class	2026-07-16T08:05:30.8886992Z   inflating: classes_out/com/oculus/atc/DestroyWifiAwareNetworkResult$Status.class  
Build & Test Android Companion	Inspect Wearables Class	2026-07-16T08:05:30.8887383Z   inflating: classes_out/com/oculus/atc/DestroyWifiAwareNetworkResult.class  
Build & Test Android Companion	Inspect Wearables Class	2026-07-16T08:05:30.8887834Z   inflating: classes_out/com/oculus/atc/DestroyWifiAwareNetworkResultOrBuilder.class  
Build & Test Android Companion	Inspect Wearables Class	2026-07-16T08:05:30.8888227Z   inflating: classes_out/com/oculus/atc/DestroyWifiDirectNetwork$1.class  
Build & Test Android Companion	Inspect Wearables Class	2026-07-16T08:05:30.8888646Z   inflating: classes_out/com/oculus/atc/DestroyWifiDirectNetwork$Builder.class  
Build & Test Android Companion	Inspect Wearables Class	2026-07-16T08:05:30.8889028Z   inflating: classes_out/com/oculus/atc/DestroyWifiDirectNetwork.class  
Build & Test Android Companion	Inspect Wearables Class	2026-07-16T08:05:30.8889455Z   inflating: classes_out/com/oculus/atc/DestroyWifiDirectNetworkOrBuilder.class  
Build & Test Android Companion	Inspect Wearables Class	2026-07-16T08:05:30.8890084Z   inflating: classes_out/com/oculus/atc/DestroyWifiDirectNetworkResult$1.class  
Build & Test Android Companion	Inspect Wearables Class	2026-07-16T08:05:30.8890504Z   inflating: classes_out/com/oculus/atc/DestroyWifiDirectNetworkResult$Builder.class  
Build & Test Android Companion	Inspect Wearables Class	2026-07-16T08:05:30.8890933Z   inflating: classes_out/com/oculus/atc/DestroyWifiDirectNetworkResult$Status$1.class  
Build & Test Android Companion	Inspect Wearables Class	2026-07-16T08:05:30.8891463Z   inflating: classes_out/com/oculus/atc/DestroyWifiDirectNetworkResult$Status$StatusVerifier.class  
Build & Test Android Companion	Inspect Wearables Class	2026-07-16T08:05:30.8891857Z   inflating: classes_out/com/oculus/atc/DestroyWifiDirectNetworkResult$Status.class  
Build & Test Android Companion	Inspect Wearables Class	2026-07-16T08:05:30.8892232Z   inflating: classes_out/com/oculus/atc/DestroyWifiDirectNetworkResult.class  
Build & Test Android Companion	Inspect Wearables Class	2026-07-16T08:05:30.8892679Z   inflating: classes_out/com/oculus/atc/DestroyWifiDirectNetworkResultOrBuilder.class  
Build & Test Android Companion	Inspect Wearables Class	2026-07-16T08:05:30.8892983Z   inflating: classes_out/com/oculus/atc/EllipticCurve$1.class  
Build & Test Android Companion	Inspect Wearables Class	2026-07-16T08:05:30.8893603Z   inflating: classes_out/com/oculus/atc/EllipticCurve$EllipticCurveVerifier.class  
Build & Test Android Companion	Inspect Wearables Class	2026-07-16T08:05:30.8894074Z   inflating: classes_out/com/oculus/atc/EllipticCurve.class  
Build & Test Android Companion	Inspect Wearables Class	2026-07-16T08:05:30.8894373Z   inflating: classes_out/com/oculus/atc/EnableEncryption$1.class  
Build & Test Android Companion	Inspect Wearables Class	2026-07-16T08:05:30.8894726Z   inflating: classes_out/com/oculus/atc/EnableEncryption$Builder.class  
Build & Test Android Companion	Inspect Wearables Class	2026-07-16T08:05:30.8895052Z   inflating: classes_out/com/oculus/atc/EnableEncryption.class  
Build & Test Android Companion	Inspect Wearables Class	2026-07-16T08:05:30.8895448Z   inflating: classes_out/com/oculus/atc/EnableEncryptionOrBuilder.class  
Build & Test Android Companion	Inspect Wearables Class	2026-07-16T08:05:30.8895804Z   inflating: classes_out/com/oculus/atc/EncryptionParameters$1.class  
Build & Test Android Companion	Inspect Wearables Class	2026-07-16T08:05:30.8896340Z   inflating: classes_out/com/oculus/atc/EncryptionParameters$EncryptionParametersVerifier.class  
Build & Test Android Companion	Inspect Wearables Class	2026-07-16T08:05:30.8896652Z   inflating: classes_out/com/oculus/atc/EncryptionParameters.class  
Build & Test Android Companion	Inspect Wearables Class	2026-07-16T08:05:30.8896926Z   inflating: classes_out/com/oculus/atc/EndLinkSetup$1.class  
Build & Test Android Companion	Inspect Wearables Class	2026-07-16T08:05:30.8897223Z   inflating: classes_out/com/oculus/atc/EndLinkSetup$Builder.class  
Build & Test Android Companion	Inspect Wearables Class	2026-07-16T08:05:30.8897571Z   inflating: classes_out/com/oculus/atc/EndLinkSetup$TargetState$1.class  
Build & Test Android Companion	Inspect Wearables Class	2026-07-16T08:05:30.8898030Z   inflating: classes_out/com/oculus/atc/EndLinkSetup$TargetState$TargetStateVerifier.class  
Build & Test Android Companion	Inspect Wearables Class	2026-07-16T08:05:30.8898359Z   inflating: classes_out/com/oculus/atc/EndLinkSetup$TargetState.class  
Build & Test Android Companion	Inspect Wearables Class	2026-07-16T08:05:30.8898784Z   inflating: classes_out/com/oculus/atc/EndLinkSetup$UserDataDefaultEntryHolder.class  
Build & Test Android Companion	Inspect Wearables Class	2026-07-16T08:05:30.8899058Z   inflating: classes_out/com/oculus/atc/EndLinkSetup.class  
Build & Test Android Companion	Inspect Wearables Class	2026-07-16T08:05:30.8899398Z   inflating: classes_out/com/oculus/atc/EndLinkSetupOrBuilder.class  
Build & Test Android Companion	Inspect Wearables Class	2026-07-16T08:05:30.8899690Z   inflating: classes_out/com/oculus/atc/EndWifiSession$1.class  
Build & Test Android Companion	Inspect Wearables Class	2026-07-16T08:05:30.8900100Z   inflating: classes_out/com/oculus/atc/EndWifiSession$Builder.class  
Build & Test Android Companion	Inspect Wearables Class	2026-07-16T08:05:30.8900385Z   inflating: classes_out/com/oculus/atc/EndWifiSession.class  
Build & Test Android Companion	Inspect Wearables Class	2026-07-16T08:05:30.8900735Z   inflating: classes_out/com/oculus/atc/EndWifiSessionOrBuilder.class  
Build & Test Android Companion	Inspect Wearables Class	2026-07-16T08:05:30.8901093Z   inflating: classes_out/com/oculus/atc/EndWifiSessionProto.class  
Build & Test Android Companion	Inspect Wearables Class	2026-07-16T08:05:30.8901440Z   inflating: classes_out/com/oculus/atc/GetManifestVersion$1.class  
Build & Test Android Companion	Inspect Wearables Class	2026-07-16T08:05:30.8901816Z   inflating: classes_out/com/oculus/atc/GetManifestVersion$Builder.class  
Build & Test Android Companion	Inspect Wearables Class	2026-07-16T08:05:30.8902130Z   inflating: classes_out/com/oculus/atc/GetManifestVersion.class  
Build & Test Android Companion	Inspect Wearables Class	2026-07-16T08:05:30.8902491Z   inflating: classes_out/com/oculus/atc/GetManifestVersionOrBuilder.class  
Build & Test Android Companion	Inspect Wearables Class	2026-07-16T08:05:30.8902786Z   inflating: classes_out/com/oculus/atc/JoinAccessPoint$1.class  
Build & Test Android Companion	Inspect Wearables Class	2026-07-16T08:05:30.8903106Z   inflating: classes_out/com/oculus/atc/JoinAccessPoint$Builder.class  
Build & Test Android Companion	Inspect Wearables Class	2026-07-16T08:05:30.8904172Z   inflating: classes_out/com/oculus/atc/JoinAccessPoint.class  
Build & Test Android Companion	Inspect Wearables Class	2026-07-16T08:05:30.8904575Z   inflating: classes_out/com/oculus/atc/JoinAccessPointOrBuilder.class  
Build & Test Android Companion	Inspect Wearables Class	2026-07-16T08:05:30.8904906Z   inflating: classes_out/com/oculus/atc/JoinAccessPointProto.class  
Build & Test Android Companion	Inspect Wearables Class	2026-07-16T08:05:30.8905436Z   inflating: classes_out/com/oculus/atc/JoinAccessPointResult$1.class  
Build & Test Android Companion	Inspect Wearables Class	2026-07-16T08:05:30.8905813Z   inflating: classes_out/com/oculus/atc/JoinAccessPointResult$Builder.class  
Build & Test Android Companion	Inspect Wearables Class	2026-07-16T08:05:30.8906204Z   inflating: classes_out/com/oculus/atc/JoinAccessPointResult$Status$1.class  
Build & Test Android Companion	Inspect Wearables Class	2026-07-16T08:05:30.8906671Z   inflating: classes_out/com/oculus/atc/JoinAccessPointResult$Status$StatusVerifier.class  
Build & Test Android Companion	Inspect Wearables Class	2026-07-16T08:05:30.8907021Z   inflating: classes_out/com/oculus/atc/JoinAccessPointResult$Status.class  
Build & Test Android Companion	Inspect Wearables Class	2026-07-16T08:05:30.8907353Z   inflating: classes_out/com/oculus/atc/JoinAccessPointResult.class  
Build & Test Android Companion	Inspect Wearables Class	2026-07-16T08:05:30.8907753Z   inflating: classes_out/com/oculus/atc/JoinAccessPointResultOrBuilder.class  
Build & Test Android Companion	Inspect Wearables Class	2026-07-16T08:05:30.8908068Z   inflating: classes_out/com/oculus/atc/JoinWifiDirectGroup$1.class  
Build & Test Android Companion	Inspect Wearables Class	2026-07-16T08:05:30.8908403Z   inflating: classes_out/com/oculus/atc/JoinWifiDirectGroup$Builder.class  
Build & Test Android Companion	Inspect Wearables Class	2026-07-16T08:05:30.8908676Z   inflating: classes_out/com/oculus/atc/JoinWifiDirectGroup.class  
Build & Test Android Companion	Inspect Wearables Class	2026-07-16T08:05:30.8909244Z   inflating: classes_out/com/oculus/atc/JoinWifiDirectGroupOrBuilder.class  
Build & Test Android Companion	Inspect Wearables Class	2026-07-16T08:05:30.8909601Z   inflating: classes_out/com/oculus/atc/JoinWifiDirectGroupProto.class  
Build & Test Android Companion	Inspect Wearables Class	2026-07-16T08:05:30.8909962Z   inflating: classes_out/com/oculus/atc/JoinWifiDirectGroupResult$1.class  
Build & Test Android Companion	Inspect Wearables Class	2026-07-16T08:05:30.8910417Z   inflating: classes_out/com/oculus/atc/JoinWifiDirectGroupResult$Builder.class  
Build & Test Android Companion	Inspect Wearables Class	2026-07-16T08:05:30.8924373Z   inflating: classes_out/com/oculus/atc/JoinWifiDirectGroupResult$Status$1.class  
Build & Test Android Companion	Inspect Wearables Class	2026-07-16T08:05:30.8925088Z   inflating: classes_out/com/oculus/atc/JoinWifiDirectGroupResult$Status$StatusVerifier.class  
Build & Test Android Companion	Inspect Wearables Class	2026-07-16T08:05:30.8925629Z   inflating: classes_out/com/oculus/atc/JoinWifiDirectGroupResult$Status.class  
Build & Test Android Companion	Inspect Wearables Class	2026-07-16T08:05:30.8926079Z   inflating: classes_out/com/oculus/atc/JoinWifiDirectGroupResult.class  
Build & Test Android Companion	Inspect Wearables Class	2026-07-16T08:05:30.8926655Z   inflating: classes_out/com/oculus/atc/JoinWifiDirectGroupResultOrBuilder.class  
Build & Test Android Companion	Inspect Wearables Class	2026-07-16T08:05:30.8927103Z   inflating: classes_out/com/oculus/atc/LeControlProto.class  
Build & Test Android Companion	Inspect Wearables Class	2026-07-16T08:05:30.8927524Z   inflating: classes_out/com/oculus/atc/LePairingInfo$1.class  
Build & Test Android Companion	Inspect Wearables Class	2026-07-16T08:05:30.8927967Z   inflating: classes_out/com/oculus/atc/LePairingInfo$Builder.class  
Build & Test Android Companion	Inspect Wearables Class	2026-07-16T08:05:30.8928384Z   inflating: classes_out/com/oculus/atc/LePairingInfo.class  
Build & Test Android Companion	Inspect Wearables Class	2026-07-16T08:05:30.8928843Z   inflating: classes_out/com/oculus/atc/LePairingInfoOrBuilder.class  
Build & Test Android Companion	Inspect Wearables Class	2026-07-16T08:05:30.8929284Z   inflating: classes_out/com/oculus/atc/LeaveAccessPoint$1.class  
Build & Test Android Companion	Inspect Wearables Class	2026-07-16T08:05:30.8929741Z   inflating: classes_out/com/oculus/atc/LeaveAccessPoint$Builder.class  
Build & Test Android Companion	Inspect Wearables Class	2026-07-16T08:05:30.8930170Z   inflating: classes_out/com/oculus/atc/LeaveAccessPoint.class  
Build & Test Android Companion	Inspect Wearables Class	2026-07-16T08:05:30.8930659Z   inflating: classes_out/com/oculus/atc/LeaveAccessPointOrBuilder.class  
Build & Test Android Companion	Inspect Wearables Class	2026-07-16T08:05:30.8931120Z   inflating: classes_out/com/oculus/atc/LeaveAccessPointProto.class  
Build & Test Android Companion	Inspect Wearables Class	2026-07-16T08:05:30.8931598Z   inflating: classes_out/com/oculus/atc/LeaveAccessPointResult$1.class  
Build & Test Android Companion	Inspect Wearables Class	2026-07-16T08:05:30.8932122Z   inflating: classes_out/com/oculus/atc/LeaveAccessPointResult$Builder.class  
Build & Test Android Companion	Inspect Wearables Class	2026-07-16T08:05:30.8932618Z   inflating: classes_out/com/oculus/atc/LeaveAccessPointResult$Status$1.class  
Build & Test Android Companion	Inspect Wearables Class	2026-07-16T08:05:30.8933231Z   inflating: classes_out/com/oculus/atc/LeaveAccessPointResult$Status$StatusVerifier.class  
Build & Test Android Companion	Inspect Wearables Class	2026-07-16T08:05:30.8933905Z   inflating: classes_out/com/oculus/atc/LeaveAccessPointResult$Status.class  
Build & Test Android Companion	Inspect Wearables Class	2026-07-16T08:05:30.8934386Z   inflating: classes_out/com/oculus/atc/LeaveAccessPointResult.class  
Build & Test Android Companion	Inspect Wearables Class	2026-07-16T08:05:30.8934915Z   inflating: classes_out/com/oculus/atc/LeaveAccessPointResultOrBuilder.class  
Build & Test Android Companion	Inspect Wearables Class	2026-07-16T08:05:30.8935421Z   inflating: classes_out/com/oculus/atc/LeaveWifiDirectGroup$1.class  
Build & Test Android Companion	Inspect Wearables Class	2026-07-16T08:05:30.8935923Z   inflating: classes_out/com/oculus/atc/LeaveWifiDirectGroup$Builder.class  
Build & Test Android Companion	Inspect Wearables Class	2026-07-16T08:05:30.8936381Z   inflating: classes_out/com/oculus/atc/LeaveWifiDirectGroup.class  
Build & Test Android Companion	Inspect Wearables Class	2026-07-16T08:05:30.8936902Z   inflating: classes_out/com/oculus/atc/LeaveWifiDirectGroupOrBuilder.class  
Build & Test Android Companion	Inspect Wearables Class	2026-07-16T08:05:30.8937577Z   inflating: classes_out/com/oculus/atc/LeaveWifiDirectGroupProto.class  
Build & Test Android Companion	Inspect Wearables Class	2026-07-16T08:05:30.8938094Z   inflating: classes_out/com/oculus/atc/LeaveWifiDirectGroupResult$1.class  
Build & Test Android Companion	Inspect Wearables Class	2026-07-16T08:05:30.8938615Z   inflating: classes_out/com/oculus/atc/LeaveWifiDirectGroupResult$Builder.class  
Build & Test Android Companion	Inspect Wearables Class	2026-07-16T08:05:30.8939163Z   inflating: classes_out/com/oculus/atc/LeaveWifiDirectGroupResult$Status$1.class  
Build & Test Android Companion	Inspect Wearables Class	2026-07-16T08:05:30.8939813Z   inflating: classes_out/com/oculus/atc/LeaveWifiDirectGroupResult$Status$StatusVerifier.class  
Build & Test Android Companion	Inspect Wearables Class	2026-07-16T08:05:30.8940350Z   inflating: classes_out/com/oculus/atc/LeaveWifiDirectGroupResult$Status.class  
Build & Test Android Companion	Inspect Wearables Class	2026-07-16T08:05:30.8940858Z   inflating: classes_out/com/oculus/atc/LeaveWifiDirectGroupResult.class  
Build & Test Android Companion	Inspect Wearables Class	2026-07-16T08:05:30.8941423Z   inflating: classes_out/com/oculus/atc/LeaveWifiDirectGroupResultOrBuilder.class  
Build & Test Android Companion	Inspect Wearables Class	2026-07-16T08:05:30.8941872Z   inflating: classes_out/com/oculus/atc/LinkEncryptionProto.class  
Build & Test Android Companion	Inspect Wearables Class	2026-07-16T08:05:30.8942413Z   inflating: classes_out/com/oculus/atc/LinkHealthProto.class  
Build & Test Android Companion	Inspect Wearables Class	2026-07-16T08:05:30.8942835Z   inflating: classes_out/com/oculus/atc/LinkHealthUpdate$1.class  
Build & Test Android Companion	Inspect Wearables Class	2026-07-16T08:05:30.8943519Z   inflating: classes_out/com/oculus/atc/LinkHealthUpdate$Builder.class  
Build & Test Android Companion	Inspect Wearables Class	2026-07-16T08:05:30.8944078Z   inflating: classes_out/com/oculus/atc/LinkHealthUpdate$Event$1.class  
Build & Test Android Companion	Inspect Wearables Class	2026-07-16T08:05:30.8944648Z   inflating: classes_out/com/oculus/atc/LinkHealthUpdate$Event$EventVerifier.class  
Build & Test Android Companion	Inspect Wearables Class	2026-07-16T08:05:30.8945138Z   inflating: classes_out/com/oculus/atc/LinkHealthUpdate$Event.class  
Build & Test Android Companion	Inspect Wearables Class	2026-07-16T08:05:30.8945567Z   inflating: classes_out/com/oculus/atc/LinkHealthUpdate.class  
Build & Test Android Companion	Inspect Wearables Class	2026-07-16T08:05:30.8946041Z   inflating: classes_out/com/oculus/atc/LinkHealthUpdateOrBuilder.class  
Build & Test Android Companion	Inspect Wearables Class	2026-07-16T08:05:30.8946501Z   inflating: classes_out/com/oculus/atc/LinkSetupConfig$1.class  
Build & Test Android Companion	Inspect Wearables Class	2026-07-16T08:05:30.8946921Z   inflating: classes_out/com/oculus/atc/LinkSetupConfig$Builder.class  
Build & Test Android Companion	Inspect Wearables Class	2026-07-16T08:05:30.8947806Z   inflating: classes_out/com/oculus/atc/LinkSetupConfig.class  
Build & Test Android Companion	Inspect Wearables Class	2026-07-16T08:05:30.8948829Z   inflating: classes_out/com/oculus/atc/LinkSetupConfigOrBuilder.class  
Build & Test Android Companion	Inspect Wearables Class	2026-07-16T08:05:30.8949729Z   inflating: classes_out/com/oculus/atc/LinkSetupConfigProto.class  
Build & Test Android Companion	Inspect Wearables Class	2026-07-16T08:05:30.8950608Z   inflating: classes_out/com/oculus/atc/LinkSetupProto.class  
Build & Test Android Companion	Inspect Wearables Class	2026-07-16T08:05:30.8951629Z   inflating: classes_out/com/oculus/atc/LinkSwitchProto.class  
Build & Test Android Companion	Inspect Wearables Class	2026-07-16T08:05:30.8952625Z   inflating: classes_out/com/oculus/atc/ManifestComplete$1.class  
Build & Test Android Companion	Inspect Wearables Class	2026-07-16T08:05:30.8953851Z   inflating: classes_out/com/oculus/atc/ManifestComplete$Builder.class  
Build & Test Android Companion	Inspect Wearables Class	2026-07-16T08:05:30.8955235Z   inflating: classes_out/com/oculus/atc/ManifestComplete.class  
Build & Test Android Companion	Inspect Wearables Class	2026-07-16T08:05:30.8956215Z   inflating: classes_out/com/oculus/atc/ManifestCompleteOrBuilder.class  
Build & Test Android Companion	Inspect Wearables Class	2026-07-16T08:05:30.8957142Z   inflating: classes_out/com/oculus/atc/ManifestFileTransferProto.class  
Build & Test Android Companion	Inspect Wearables Class	2026-07-16T08:05:30.8958108Z   inflating: classes_out/com/oculus/atc/ManifestVersionInfo$1.class  
Build & Test Android Companion	Inspect Wearables Class	2026-07-16T08:05:30.8959160Z   inflating: classes_out/com/oculus/atc/ManifestVersionInfo$Builder.class  
Build & Test Android Companion	Inspect Wearables Class	2026-07-16T08:05:30.8960533Z   inflating: classes_out/com/oculus/atc/ManifestVersionInfo.class  
Build & Test Android Companion	Inspect Wearables Class	2026-07-16T08:05:30.8961554Z   inflating: classes_out/com/oculus/atc/ManifestVersionInfoOrBuilder.class  
Build & Test Android Companion	Inspect Wearables Class	2026-07-16T08:05:30.8962436Z   inflating: classes_out/com/oculus/atc/MessageType$1.class  
Build & Test Android Companion	Inspect Wearables Class	2026-07-16T08:05:30.8963770Z   inflating: classes_out/com/oculus/atc/MessageType$MessageTypeVerifier.class  
Build & Test Android Companion	Inspect Wearables Class	2026-07-16T08:05:30.8965351Z   inflating: classes_out/com/oculus/atc/MessageType.class  
Build & Test Android Companion	Inspect Wearables Class	2026-07-16T08:05:30.8984563Z   inflating: classes_out/com/oculus/atc/MessageTypesProto.class  
Build & Test Android Companion	Inspect Wearables Class	2026-07-16T08:05:30.8985055Z   inflating: classes_out/com/oculus/atc/NanNetworkProto.class  
Build & Test Android Companion	Inspect Wearables Class	2026-07-16T08:05:30.8985524Z   inflating: classes_out/com/oculus/atc/NanPinReq$1.class  
Build & Test Android Companion	Inspect Wearables Class	2026-07-16T08:05:30.8986008Z   inflating: classes_out/com/oculus/atc/NanPinReq$Builder.class  
Build & Test Android Companion	Inspect Wearables Class	2026-07-16T08:05:30.8986670Z   inflating: classes_out/com/oculus/atc/NanPinReq.class  
Build & Test Android Companion	Inspect Wearables Class	2026-07-16T08:05:30.8987165Z   inflating: classes_out/com/oculus/atc/NanPinReqOrBuilder.class  
Build & Test Android Companion	Inspect Wearables Class	2026-07-16T08:05:30.8987630Z   inflating: classes_out/com/oculus/atc/NanPinResp$1.class  
Build & Test Android Companion	Inspect Wearables Class	2026-07-16T08:05:30.8988057Z   inflating: classes_out/com/oculus/atc/NanPinResp$Builder.class  
Build & Test Android Companion	Inspect Wearables Class	2026-07-16T08:05:30.8988538Z   inflating: classes_out/com/oculus/atc/NanPinResp$Status$1.class  
Build & Test Android Companion	Inspect Wearables Class	2026-07-16T08:05:30.8989109Z   inflating: classes_out/com/oculus/atc/NanPinResp$Status$StatusVerifier.class  
Build & Test Android Companion	Inspect Wearables Class	2026-07-16T08:05:30.8989607Z   inflating: classes_out/com/oculus/atc/NanPinResp$Status.class  
Build & Test Android Companion	Inspect Wearables Class	2026-07-16T08:05:30.8990046Z   inflating: classes_out/com/oculus/atc/NanPinResp.class  
Build & Test Android Companion	Inspect Wearables Class	2026-07-16T08:05:30.8990534Z   inflating: classes_out/com/oculus/atc/NanPinRespOrBuilder.class  
Build & Test Android Companion	Inspect Wearables Class	2026-07-16T08:05:30.8990992Z   inflating: classes_out/com/oculus/atc/NanPublishReq$1.class  
Build & Test Android Companion	Inspect Wearables Class	2026-07-16T08:05:30.8991489Z   inflating: classes_out/com/oculus/atc/NanPublishReq$Builder.class  
Build & Test Android Companion	Inspect Wearables Class	2026-07-16T08:05:30.8992168Z   inflating: classes_out/com/oculus/atc/NanPublishReq.class  
Build & Test Android Companion	Inspect Wearables Class	2026-07-16T08:05:30.8992703Z   inflating: classes_out/com/oculus/atc/NanPublishReqOrBuilder.class  
Build & Test Android Companion	Inspect Wearables Class	2026-07-16T08:05:30.8993197Z   inflating: classes_out/com/oculus/atc/NanPublishResult$1.class  
Build & Test Android Companion	Inspect Wearables Class	2026-07-16T08:05:30.8993976Z   inflating: classes_out/com/oculus/atc/NanPublishResult$Builder.class  
Build & Test Android Companion	Inspect Wearables Class	2026-07-16T08:05:30.8994473Z   inflating: classes_out/com/oculus/atc/NanPublishResult$Status$1.class  
Build & Test Android Companion	Inspect Wearables Class	2026-07-16T08:05:30.8995093Z   inflating: classes_out/com/oculus/atc/NanPublishResult$Status$StatusVerifier.class  
Build & Test Android Companion	Inspect Wearables Class	2026-07-16T08:05:30.8995566Z   inflating: classes_out/com/oculus/atc/NanPublishResult$Status.class  
Build & Test Android Companion	Inspect Wearables Class	2026-07-16T08:05:30.8996068Z   inflating: classes_out/com/oculus/atc/NanPublishResult.class  
Build & Test Android Companion	Inspect Wearables Class	2026-07-16T08:05:30.8996620Z   inflating: classes_out/com/oculus/atc/NanPublishResultOrBuilder.class  
Build & Test Android Companion	Inspect Wearables Class	2026-07-16T08:05:30.8997067Z   inflating: classes_out/com/oculus/atc/NanStop$1.class  
Build & Test Android Companion	Inspect Wearables Class	2026-07-16T08:05:30.8997556Z   inflating: classes_out/com/oculus/atc/NanStop$Builder.class  
Build & Test Android Companion	Inspect Wearables Class	2026-07-16T08:05:30.8997996Z   inflating: classes_out/com/oculus/atc/NanStop.class  
Build & Test Android Companion	Inspect Wearables Class	2026-07-16T08:05:30.8998471Z   inflating: classes_out/com/oculus/atc/NanStopOrBuilder.class  
Build & Test Android Companion	Inspect Wearables Class	2026-07-16T08:05:30.8998940Z   inflating: classes_out/com/oculus/atc/NanStopResult$1.class  
Build & Test Android Companion	Inspect Wearables Class	2026-07-16T08:05:30.8999446Z   inflating: classes_out/com/oculus/atc/NanStopResult$Builder.class  
Build & Test Android Companion	Inspect Wearables Class	2026-07-16T08:05:30.8999960Z   inflating: classes_out/com/oculus/atc/NanStopResult$Status$1.class  
Build & Test Android Companion	Inspect Wearables Class	2026-07-16T08:05:30.9000563Z   inflating: classes_out/com/oculus/atc/NanStopResult$Status$StatusVerifier.class  
Build & Test Android Companion	Inspect Wearables Class	2026-07-16T08:05:30.9001083Z   inflating: classes_out/com/oculus/atc/NanStopResult$Status.class  
Build & Test Android Companion	Inspect Wearables Class	2026-07-16T08:05:30.9001556Z   inflating: classes_out/com/oculus/atc/NanStopResult.class  
Build & Test Android Companion	Inspect Wearables Class	2026-07-16T08:05:30.9002084Z   inflating: classes_out/com/oculus/atc/NanStopResultOrBuilder.class  
Build & Test Android Companion	Inspect Wearables Class	2026-07-16T08:05:30.9002516Z   inflating: classes_out/com/oculus/atc/NetworkAddress$1.class  
Build & Test Android Companion	Inspect Wearables Class	2026-07-16T08:05:30.9003012Z   inflating: classes_out/com/oculus/atc/NetworkAddress$Builder.class  
Build & Test Android Companion	Inspect Wearables Class	2026-07-16T08:05:30.9003736Z   inflating: classes_out/com/oculus/atc/NetworkAddress$Type$1.class  
Build & Test Android Companion	Inspect Wearables Class	2026-07-16T08:05:30.9004342Z   inflating: classes_out/com/oculus/atc/NetworkAddress$Type$TypeVerifier.class  
Build & Test Android Companion	Inspect Wearables Class	2026-07-16T08:05:30.9004877Z   inflating: classes_out/com/oculus/atc/NetworkAddress$Type.class  
Build & Test Android Companion	Inspect Wearables Class	2026-07-16T08:05:30.9005345Z   inflating: classes_out/com/oculus/atc/NetworkAddress.class  
Build & Test Android Companion	Inspect Wearables Class	2026-07-16T08:05:30.9005867Z   inflating: classes_out/com/oculus/atc/NetworkAddressOrBuilder.class  
Build & Test Android Companion	Inspect Wearables Class	2026-07-16T08:05:30.9006382Z   inflating: classes_out/com/oculus/atc/NetworkEventProto.class  
Build & Test Android Companion	Inspect Wearables Class	2026-07-16T08:05:30.9006860Z   inflating: classes_out/com/oculus/atc/PublishWifiAwareNetwork$1.class  
Build & Test Android Companion	Inspect Wearables Class	2026-07-16T08:05:30.9007553Z   inflating: classes_out/com/oculus/atc/PublishWifiAwareNetwork$Builder.class  
Build & Test Android Companion	Inspect Wearables Class	2026-07-16T08:05:30.9009583Z   inflating: classes_out/com/oculus/atc/PublishWifiAwareNetwork.class  
Build & Test Android Companion	Inspect Wearables Class	2026-07-16T08:05:30.9010747Z   inflating: classes_out/com/oculus/atc/PublishWifiAwareNetworkOrBuilder.class  
Build & Test Android Companion	Inspect Wearables Class	2026-07-16T08:05:30.9011691Z   inflating: classes_out/com/oculus/atc/QuirksMode$1.class  
Build & Test Android Companion	Inspect Wearables Class	2026-07-16T08:05:30.9012916Z   inflating: classes_out/com/oculus/atc/QuirksMode$QuirksModeVerifier.class  
Build & Test Android Companion	Inspect Wearables Class	2026-07-16T08:05:30.9014273Z   inflating: classes_out/com/oculus/atc/QuirksMode.class  
Build & Test Android Companion	Inspect Wearables Class	2026-07-16T08:05:30.9015474Z   inflating: classes_out/com/oculus/atc/RequestEncryption$1.class  
Build & Test Android Companion	Inspect Wearables Class	2026-07-16T08:05:30.9017023Z   inflating: classes_out/com/oculus/atc/RequestEncryption$Builder.class  
Build & Test Android Companion	Inspect Wearables Class	2026-07-16T08:05:30.9018213Z   inflating: classes_out/com/oculus/atc/RequestEncryption$KeyTypeCase.class  
Build & Test Android Companion	Inspect Wearables Class	2026-07-16T08:05:30.9020178Z   inflating: classes_out/com/oculus/atc/RequestEncryption.class  
Build & Test Android Companion	Inspect Wearables Class	2026-07-16T08:05:30.9021412Z   inflating: classes_out/com/oculus/atc/RequestEncryptionOrBuilder.class  
Build & Test Android Companion	Inspect Wearables Class	2026-07-16T08:05:30.9022468Z   inflating: classes_out/com/oculus/atc/SetBtcConnectionMode$1.class  
Build & Test Android Companion	Inspect Wearables Class	2026-07-16T08:05:30.9023897Z   inflating: classes_out/com/oculus/atc/SetBtcConnectionMode$Builder.class  
Build & Test Android Companion	Inspect Wearables Class	2026-07-16T08:05:30.9025130Z   inflating: classes_out/com/oculus/atc/SetBtcConnectionMode$ProfileConnectionMode$1.class  
Build & Test Android Companion	Inspect Wearables Class	2026-07-16T08:05:30.9026447Z   inflating: classes_out/com/oculus/atc/SetBtcConnectionMode$ProfileConnectionMode$ProfileConnectionModeVerifier.class  
Build & Test Android Companion	Inspect Wearables Class	2026-07-16T08:05:30.9027480Z   inflating: classes_out/com/oculus/atc/SetBtcConnectionMode$ProfileConnectionMode.class  
Build & Test Android Companion	Inspect Wearables Class	2026-07-16T08:05:30.9028877Z   inflating: classes_out/com/oculus/atc/SetBtcConnectionMode.class  
Build & Test Android Companion	Inspect Wearables Class	2026-07-16T08:05:30.9030003Z   inflating: classes_out/com/oculus/atc/SetBtcConnectionModeOrBuilder.class  
Build & Test Android Companion	Inspect Wearables Class	2026-07-16T08:05:30.9031109Z   inflating: classes_out/com/oculus/atc/SetBtcConnectionModeResult$1.class  
Build & Test Android Companion	Inspect Wearables Class	2026-07-16T08:05:30.9032837Z   inflating: classes_out/com/oculus/atc/SetBtcConnectionModeResult$Builder.class  
Build & Test Android Companion	Inspect Wearables Class	2026-07-16T08:05:30.9034175Z   inflating: classes_out/com/oculus/atc/SetBtcConnectionModeResult$Status$1.class  
Build & Test Android Companion	Inspect Wearables Class	2026-07-16T08:05:30.9035396Z   inflating: classes_out/com/oculus/atc/SetBtcConnectionModeResult$Status$StatusVerifier.class  
Build & Test Android Companion	Inspect Wearables Class	2026-07-16T08:05:30.9039949Z   inflating: classes_out/com/oculus/atc/SetBtcConnectionModeResult$Status.class  
Build & Test Android Companion	Inspect Wearables Class	2026-07-16T08:05:30.9040480Z   inflating: classes_out/com/oculus/atc/SetBtcConnectionModeResult.class  
Build & Test Android Companion	Inspect Wearables Class	2026-07-16T08:05:30.9041143Z   inflating: classes_out/com/oculus/atc/SetBtcConnectionModeResultOrBuilder.class  
Build & Test Android Companion	Inspect Wearables Class	2026-07-16T08:05:30.9041647Z   inflating: classes_out/com/oculus/atc/SetBtcModeProto.class  
Build & Test Android Companion	Inspect Wearables Class	2026-07-16T08:05:30.9042151Z   inflating: classes_out/com/oculus/atc/SetLinkMessage$1.class  
Build & Test Android Companion	Inspect Wearables Class	2026-07-16T08:05:30.9042686Z   inflating: classes_out/com/oculus/atc/SetLinkMessage$Builder.class  
Build & Test Android Companion	Inspect Wearables Class	2026-07-16T08:05:30.9043184Z   inflating: classes_out/com/oculus/atc/SetLinkMessage$Link$1.class  
Build & Test Android Companion	Inspect Wearables Class	2026-07-16T08:05:30.9044091Z   inflating: classes_out/com/oculus/atc/SetLinkMessage$Link$LinkVerifier.class  
Build & Test Android Companion	Inspect Wearables Class	2026-07-16T08:05:30.9044582Z   inflating: classes_out/com/oculus/atc/SetLinkMessage$Link.class  
Build & Test Android Companion	Inspect Wearables Class	2026-07-16T08:05:30.9045661Z   inflating: classes_out/com/oculus/atc/SetLinkMessage.class  
Build & Test Android Companion	Inspect Wearables Class	2026-07-16T08:05:30.9046776Z   inflating: classes_out/com/oculus/atc/SetLinkMessageOrBuilder.class  
Build & Test Android Companion	Inspect Wearables Class	2026-07-16T08:05:30.9047728Z   inflating: classes_out/com/oculus/atc/SetLinkProto.class  
Build & Test Android Companion	Inspect Wearables Class	2026-07-16T08:05:30.9048957Z   inflating: classes_out/com/oculus/atc/SetManifestAuthorityKey$1.class  
Build & Test Android Companion	Inspect Wearables Class	2026-07-16T08:05:30.9050087Z   inflating: classes_out/com/oculus/atc/SetManifestAuthorityKey$Builder.class  
Build & Test Android Companion	Inspect Wearables Class	2026-07-16T08:05:30.9051577Z   inflating: classes_out/com/oculus/atc/SetManifestAuthorityKey.class  
Build & Test Android Companion	Inspect Wearables Class	2026-07-16T08:05:30.9052724Z   inflating: classes_out/com/oculus/atc/SetManifestAuthorityKeyOrBuilder.class  
Build & Test Android Companion	Inspect Wearables Class	2026-07-16T08:05:30.9053941Z   inflating: classes_out/com/oculus/atc/SetSessionInfo$1.class  
Build & Test Android Companion	Inspect Wearables Class	2026-07-16T08:05:30.9055125Z   inflating: classes_out/com/oculus/atc/SetSessionInfo$Builder.class  
Build & Test Android Companion	Inspect Wearables Class	2026-07-16T08:05:30.9056609Z   inflating: classes_out/com/oculus/atc/SetSessionInfo.class  
Build & Test Android Companion	Inspect Wearables Class	2026-07-16T08:05:30.9057675Z   inflating: classes_out/com/oculus/atc/SetSessionInfoOrBuilder.class  
Build & Test Android Companion	Inspect Wearables Class	2026-07-16T08:05:30.9058754Z   inflating: classes_out/com/oculus/atc/SetWifiProperties$1.class  
Build & Test Android Companion	Inspect Wearables Class	2026-07-16T08:05:30.9060024Z   inflating: classes_out/com/oculus/atc/SetWifiProperties$Builder.class  
Build & Test Android Companion	Inspect Wearables Class	2026-07-16T08:05:30.9061736Z   inflating: classes_out/com/oculus/atc/SetWifiProperties.class  
Build & Test Android Companion	Inspect Wearables Class	2026-07-16T08:05:30.9062897Z   inflating: classes_out/com/oculus/atc/SetWifiPropertiesOrBuilder.class  
Build & Test Android Companion	Inspect Wearables Class	2026-07-16T08:05:30.9084651Z   inflating: classes_out/com/oculus/atc/SetWifiPropertiesProto.class  
Build & Test Android Companion	Inspect Wearables Class	2026-07-16T08:05:30.9085203Z   inflating: classes_out/com/oculus/atc/SetWifiPropertiesResult$1.class  
Build & Test Android Companion	Inspect Wearables Class	2026-07-16T08:05:30.9085777Z   inflating: classes_out/com/oculus/atc/SetWifiPropertiesResult$Builder.class  
Build & Test Android Companion	Inspect Wearables Class	2026-07-16T08:05:30.9086303Z   inflating: classes_out/com/oculus/atc/SetWifiPropertiesResult$Status$1.class  
Build & Test Android Companion	Inspect Wearables Class	2026-07-16T08:05:30.9086959Z   inflating: classes_out/com/oculus/atc/SetWifiPropertiesResult$Status$StatusVerifier.class  
Build & Test Android Companion	Inspect Wearables Class	2026-07-16T08:05:30.9087589Z   inflating: classes_out/com/oculus/atc/SetWifiPropertiesResult$Status.class  
Build & Test Android Companion	Inspect Wearables Class	2026-07-16T08:05:30.9088098Z   inflating: classes_out/com/oculus/atc/SetWifiPropertiesResult.class  
Build & Test Android Companion	Inspect Wearables Class	2026-07-16T08:05:30.9088631Z   inflating: classes_out/com/oculus/atc/SetWifiPropertiesResultOrBuilder.class  
Build & Test Android Companion	Inspect Wearables Class	2026-07-16T08:05:30.9089232Z   inflating: classes_out/com/oculus/atc/SoftApClientAddressUpdatedEvent$1.class  
Build & Test Android Companion	Inspect Wearables Class	2026-07-16T08:05:30.9089809Z   inflating: classes_out/com/oculus/atc/SoftApClientAddressUpdatedEvent$Builder.class  
Build & Test Android Companion	Inspect Wearables Class	2026-07-16T08:05:30.9090393Z   inflating: classes_out/com/oculus/atc/SoftApClientAddressUpdatedEvent.class  
Build & Test Android Companion	Inspect Wearables Class	2026-07-16T08:05:30.9091007Z   inflating: classes_out/com/oculus/atc/SoftApClientAddressUpdatedEventOrBuilder.class  
Build & Test Android Companion	Inspect Wearables Class	2026-07-16T08:05:30.9091556Z   inflating: classes_out/com/oculus/atc/SoftApClientConnectedEvent$1.class  
Build & Test Android Companion	Inspect Wearables Class	2026-07-16T08:05:30.9092099Z   inflating: classes_out/com/oculus/atc/SoftApClientConnectedEvent$Builder.class  
Build & Test Android Companion	Inspect Wearables Class	2026-07-16T08:05:30.9092589Z   inflating: classes_out/com/oculus/atc/SoftApClientConnectedEvent.class  
Build & Test Android Companion	Inspect Wearables Class	2026-07-16T08:05:30.9093142Z   inflating: classes_out/com/oculus/atc/SoftApClientConnectedEventOrBuilder.class  
Build & Test Android Companion	Inspect Wearables Class	2026-07-16T08:05:30.9093939Z   inflating: classes_out/com/oculus/atc/SoftApClientDisconnectedEvent$1.class  
Build & Test Android Companion	Inspect Wearables Class	2026-07-16T08:05:30.9094548Z   inflating: classes_out/com/oculus/atc/SoftApClientDisconnectedEvent$Builder.class  
Build & Test Android Companion	Inspect Wearables Class	2026-07-16T08:05:30.9095109Z   inflating: classes_out/com/oculus/atc/SoftApClientDisconnectedEvent.class  
Build & Test Android Companion	Inspect Wearables Class	2026-07-16T08:05:30.9095689Z   inflating: classes_out/com/oculus/atc/SoftApClientDisconnectedEventOrBuilder.class  
Build & Test Android Companion	Inspect Wearables Class	2026-07-16T08:05:30.9096190Z   inflating: classes_out/com/oculus/atc/SoftApCredentials$1.class  
Build & Test Android Companion	Inspect Wearables Class	2026-07-16T08:05:30.9096638Z   inflating: classes_out/com/oculus/atc/SoftApCredentials$Builder.class  
Build & Test Android Companion	Inspect Wearables Class	2026-07-16T08:05:30.9097075Z   inflating: classes_out/com/oculus/atc/SoftApCredentials.class  
Build & Test Android Companion	Inspect Wearables Class	2026-07-16T08:05:30.9097556Z   inflating: classes_out/com/oculus/atc/SoftApCredentialsOrBuilder.class  
Build & Test Android Companion	Inspect Wearables Class	2026-07-16T08:05:30.9098051Z   inflating: classes_out/com/oculus/atc/SoftApNetworkInfo$1.class  
Build & Test Android Companion	Inspect Wearables Class	2026-07-16T08:05:30.9098505Z   inflating: classes_out/com/oculus/atc/SoftApNetworkInfo$Builder.class  
Build & Test Android Companion	Inspect Wearables Class	2026-07-16T08:05:30.9099042Z   inflating: classes_out/com/oculus/atc/SoftApNetworkInfo$Status$1.class  
Build & Test Android Companion	Inspect Wearables Class	2026-07-16T08:05:30.9099604Z   inflating: classes_out/com/oculus/atc/SoftApNetworkInfo$Status$StatusVerifier.class  
Build & Test Android Companion	Inspect Wearables Class	2026-07-16T08:05:30.9100107Z   inflating: classes_out/com/oculus/atc/SoftApNetworkInfo$Status.class  
Build & Test Android Companion	Inspect Wearables Class	2026-07-16T08:05:30.9100535Z   inflating: classes_out/com/oculus/atc/SoftApNetworkInfo.class  
Build & Test Android Companion	Inspect Wearables Class	2026-07-16T08:05:30.9101058Z   inflating: classes_out/com/oculus/atc/SoftApNetworkInfoOrBuilder.class  
Build & Test Android Companion	Inspect Wearables Class	2026-07-16T08:05:30.9101460Z   inflating: classes_out/com/oculus/atc/StopNanProto.class  
Build & Test Android Companion	Inspect Wearables Class	2026-07-16T08:05:30.9101902Z   inflating: classes_out/com/oculus/atc/SwitchLink$1.class  
Build & Test Android Companion	Inspect Wearables Class	2026-07-16T08:05:30.9102318Z   inflating: classes_out/com/oculus/atc/SwitchLink$Builder.class  
Build & Test Android Companion	Inspect Wearables Class	2026-07-16T08:05:30.9102936Z   inflating: classes_out/com/oculus/atc/SwitchLink.class  
Build & Test Android Companion	Inspect Wearables Class	2026-07-16T08:05:30.9103589Z   inflating: classes_out/com/oculus/atc/SwitchLinkOrBuilder.class  
Build & Test Android Companion	Inspect Wearables Class	2026-07-16T08:05:30.9104058Z   inflating: classes_out/com/oculus/atc/SwitchTransportLink$1.class  
Build & Test Android Companion	Inspect Wearables Class	2026-07-16T08:05:30.9104519Z   inflating: classes_out/com/oculus/atc/SwitchTransportLink$Builder.class  
Build & Test Android Companion	Inspect Wearables Class	2026-07-16T08:05:30.9105001Z   inflating: classes_out/com/oculus/atc/SwitchTransportLink.class  
Build & Test Android Companion	Inspect Wearables Class	2026-07-16T08:05:30.9105507Z   inflating: classes_out/com/oculus/atc/SwitchTransportLinkOrBuilder.class  
Build & Test Android Companion	Inspect Wearables Class	2026-07-16T08:05:30.9106028Z   inflating: classes_out/com/oculus/atc/WifiAwareNetworkInfo$1.class  
Build & Test Android Companion	Inspect Wearables Class	2026-07-16T08:05:30.9106541Z   inflating: classes_out/com/oculus/atc/WifiAwareNetworkInfo$Builder.class  
Build & Test Android Companion	Inspect Wearables Class	2026-07-16T08:05:30.9107063Z   inflating: classes_out/com/oculus/atc/WifiAwareNetworkInfo$Status$1.class  
Build & Test Android Companion	Inspect Wearables Class	2026-07-16T08:05:30.9107656Z   inflating: classes_out/com/oculus/atc/WifiAwareNetworkInfo$Status$StatusVerifier.class  
Build & Test Android Companion	Inspect Wearables Class	2026-07-16T08:05:30.9108372Z   inflating: classes_out/com/oculus/atc/WifiAwareNetworkInfo$Status.class  
Build & Test Android Companion	Inspect Wearables Class	2026-07-16T08:05:30.9108818Z   inflating: classes_out/com/oculus/atc/WifiAwareNetworkInfo.class  
Build & Test Android Companion	Inspect Wearables Class	2026-07-16T08:05:30.9109370Z   inflating: classes_out/com/oculus/atc/WifiAwareNetworkInfoOrBuilder.class  
Build & Test Android Companion	Inspect Wearables Class	2026-07-16T08:05:30.9109837Z   inflating: classes_out/com/oculus/atc/WifiAwareNetworkProto.class  
Build & Test Android Companion	Inspect Wearables Class	2026-07-16T08:05:30.9110340Z   inflating: classes_out/com/oculus/atc/WifiAwarePinResponse$1.class  
Build & Test Android Companion	Inspect Wearables Class	2026-07-16T08:05:30.9110794Z   inflating: classes_out/com/oculus/atc/WifiAwarePinResponse$Builder.class  
Build & Test Android Companion	Inspect Wearables Class	2026-07-16T08:05:30.9111329Z   inflating: classes_out/com/oculus/atc/WifiAwarePinResponse$Status$1.class  
Build & Test Android Companion	Inspect Wearables Class	2026-07-16T08:05:30.9111908Z   inflating: classes_out/com/oculus/atc/WifiAwarePinResponse$Status$StatusVerifier.class  
Build & Test Android Companion	Inspect Wearables Class	2026-07-16T08:05:30.9112409Z   inflating: classes_out/com/oculus/atc/WifiAwarePinResponse$Status.class  
Build & Test Android Companion	Inspect Wearables Class	2026-07-16T08:05:30.9112882Z   inflating: classes_out/com/oculus/atc/WifiAwarePinResponse.class  
Build & Test Android Companion	Inspect Wearables Class	2026-07-16T08:05:30.9114029Z   inflating: classes_out/com/oculus/atc/WifiAwarePinResponseOrBuilder.class  
Build & Test Android Companion	Inspect Wearables Class	2026-07-16T08:05:30.9115682Z   inflating: classes_out/com/oculus/atc/WifiAwareRequestPin$1.class  
Build & Test Android Companion	Inspect Wearables Class	2026-07-16T08:05:30.9134529Z   inflating: classes_out/com/oculus/atc/WifiAwareRequestPin$Builder.class  
Build & Test Android Companion	Inspect Wearables Class	2026-07-16T08:05:30.9135076Z   inflating: classes_out/com/oculus/atc/WifiAwareRequestPin.class  
Build & Test Android Companion	Inspect Wearables Class	2026-07-16T08:05:30.9135627Z   inflating: classes_out/com/oculus/atc/WifiAwareRequestPinOrBuilder.class  
Build & Test Android Companion	Inspect Wearables Class	2026-07-16T08:05:30.9136082Z   inflating: classes_out/com/oculus/atc/WifiBand$1.class  
Build & Test Android Companion	Inspect Wearables Class	2026-07-16T08:05:30.9136615Z   inflating: classes_out/com/oculus/atc/WifiBand$WifiBandVerifier.class  
Build & Test Android Companion	Inspect Wearables Class	2026-07-16T08:05:30.9137048Z   inflating: classes_out/com/oculus/atc/WifiBand.class  
Build & Test Android Companion	Inspect Wearables Class	2026-07-16T08:05:30.9137514Z   inflating: classes_out/com/oculus/atc/WifiBandWidth$1.class  
Build & Test Android Companion	Inspect Wearables Class	2026-07-16T08:05:30.9138083Z   inflating: classes_out/com/oculus/atc/WifiBandWidth$WifiBandWidthVerifier.class  
Build & Test Android Companion	Inspect Wearables Class	2026-07-16T08:05:30.9138570Z   inflating: classes_out/com/oculus/atc/WifiBandWidth.class  
Build & Test Android Companion	Inspect Wearables Class	2026-07-16T08:05:30.9139069Z   inflating: classes_out/com/oculus/atc/WifiDirectNetworkInfo$1.class  
Build & Test Android Companion	Inspect Wearables Class	2026-07-16T08:05:30.9139657Z   inflating: classes_out/com/oculus/atc/WifiDirectNetworkInfo$Builder.class  
Build & Test Android Companion	Inspect Wearables Class	2026-07-16T08:05:30.9140460Z   inflating: classes_out/com/oculus/atc/WifiDirectNetworkInfo$Credentials$Builder.class  
Build & Test Android Companion	Inspect Wearables Class	2026-07-16T08:05:30.9141338Z   inflating: classes_out/com/oculus/atc/WifiDirectNetworkInfo$Credentials.class  
Build & Test Android Companion	Inspect Wearables Class	2026-07-16T08:05:30.9142016Z   inflating: classes_out/com/oculus/atc/WifiDirectNetworkInfo$CredentialsOrBuilder.class  
Build & Test Android Companion	Inspect Wearables Class	2026-07-16T08:05:30.9142756Z   inflating: classes_out/com/oculus/atc/WifiDirectNetworkInfo$Status$1.class  
Build & Test Android Companion	Inspect Wearables Class	2026-07-16T08:05:30.9152198Z   inflating: classes_out/com/oculus/atc/WifiDirectNetworkInfo$Status$StatusVerifier.class  
Build & Test Android Companion	Inspect Wearables Class	2026-07-16T08:05:30.9156281Z   inflating: classes_out/com/oculus/atc/WifiDirectNetworkInfo$Status.class  
Build & Test Android Companion	Inspect Wearables Class	2026-07-16T08:05:30.9156839Z   inflating: classes_out/com/oculus/atc/WifiDirectNetworkInfo.class  
Build & Test Android Companion	Inspect Wearables Class	2026-07-16T08:05:30.9157647Z   inflating: classes_out/com/oculus/atc/WifiDirectNetworkInfoOrBuilder.class  
Build & Test Android Companion	Inspect Wearables Class	2026-07-16T08:05:30.9158255Z   inflating: classes_out/com/oculus/atc/linkmanager/AtcLinkmgrMetaData$Companion.class  
Build & Test Android Companion	Inspect Wearables Class	2026-07-16T08:05:30.9158843Z   inflating: classes_out/com/oculus/atc/linkmanager/AtcLinkmgrMetaData.class  
Build & Test Android Companion	Inspect Wearables Class	2026-07-16T08:05:30.9159496Z   inflating: classes_out/com/oculus/atc/linkmanager/CreateSoftApNetworkSpec$deserialize$1.class  
Build & Test Android Companion	Inspect Wearables Class	2026-07-16T08:05:30.9160213Z   inflating: classes_out/com/oculus/atc/linkmanager/CreateSoftApNetworkSpec$serialize$1.class  
Build & Test Android Companion	Inspect Wearables Class	2026-07-16T08:05:30.9160759Z   inflating: classes_out/com/oculus/atc/linkmanager/CreateSoftApNetworkSpec.class  
Build & Test Android Companion	Inspect Wearables Class	2026-07-16T08:05:30.9161497Z   inflating: classes_out/com/oculus/atc/linkmanager/CreateWifiDirectNetworkSpec$deserialize$1.class  
Build & Test Android Companion	Inspect Wearables Class	2026-07-16T08:05:30.9162215Z   inflating: classes_out/com/oculus/atc/linkmanager/CreateWifiDirectNetworkSpec$serialize$1.class  
Build & Test Android Companion	Inspect Wearables Class	2026-07-16T08:05:30.9163079Z   inflating: classes_out/com/oculus/atc/linkmanager/CreateWifiDirectNetworkSpec.class  
Build & Test Android Companion	Inspect Wearables Class	2026-07-16T08:05:30.9164291Z   inflating: classes_out/com/oculus/atc/linkmanager/DestroySoftApNetworkSpec$deserialize$1.class  
Build & Test Android Companion	Inspect Wearables Class	2026-07-16T08:05:30.9165182Z   inflating: classes_out/com/oculus/atc/linkmanager/DestroySoftApNetworkSpec$serialize$1.class  
Build & Test Android Companion	Inspect Wearables Class	2026-07-16T08:05:30.9165821Z   inflating: classes_out/com/oculus/atc/linkmanager/DestroySoftApNetworkSpec.class  
Build & Test Android Companion	Inspect Wearables Class	2026-07-16T08:05:30.9166553Z   inflating: classes_out/com/oculus/atc/linkmanager/DestroyWifiAwareNetworkSpec$deserialize$1.class  
Build & Test Android Companion	Inspect Wearables Class	2026-07-16T08:05:30.9167240Z   inflating: classes_out/com/oculus/atc/linkmanager/DestroyWifiAwareNetworkSpec$serialize$1.class  
Build & Test Android Companion	Inspect Wearables Class	2026-07-16T08:05:30.9167882Z   inflating: classes_out/com/oculus/atc/linkmanager/DestroyWifiAwareNetworkSpec.class  
Build & Test Android Companion	Inspect Wearables Class	2026-07-16T08:05:30.9168629Z   inflating: classes_out/com/oculus/atc/linkmanager/DestroyWifiDirectNetworkSpec$deserialize$1.class  
Build & Test Android Companion	Inspect Wearables Class	2026-07-16T08:05:30.9169347Z   inflating: classes_out/com/oculus/atc/linkmanager/DestroyWifiDirectNetworkSpec$serialize$1.class  
Build & Test Android Companion	Inspect Wearables Class	2026-07-16T08:05:30.9169990Z   inflating: classes_out/com/oculus/atc/linkmanager/DestroyWifiDirectNetworkSpec.class  
Build & Test Android Companion	Inspect Wearables Class	2026-07-16T08:05:30.9170648Z   inflating: classes_out/com/oculus/atc/linkmanager/JoinAccessPointSpec$deserialize$1.class  
Build & Test Android Companion	Inspect Wearables Class	2026-07-16T08:05:30.9171317Z   inflating: classes_out/com/oculus/atc/linkmanager/JoinAccessPointSpec$serialize$1.class  
Build & Test Android Companion	Inspect Wearables Class	2026-07-16T08:05:30.9171908Z   inflating: classes_out/com/oculus/atc/linkmanager/JoinAccessPointSpec.class  
Build & Test Android Companion	Inspect Wearables Class	2026-07-16T08:05:30.9172599Z   inflating: classes_out/com/oculus/atc/linkmanager/JoinWifiDirectGroupSpec$deserialize$1.class  
Build & Test Android Companion	Inspect Wearables Class	2026-07-16T08:05:30.9173506Z   inflating: classes_out/com/oculus/atc/linkmanager/JoinWifiDirectGroupSpec$serialize$1.class  
Build & Test Android Companion	Inspect Wearables Class	2026-07-16T08:05:30.9174161Z   inflating: classes_out/com/oculus/atc/linkmanager/JoinWifiDirectGroupSpec.class  
Build & Test Android Companion	Inspect Wearables Class	2026-07-16T08:05:30.9174844Z   inflating: classes_out/com/oculus/atc/linkmanager/LeaveAccessPointSpec$deserialize$1.class  
Build & Test Android Companion	Inspect Wearables Class	2026-07-16T08:05:30.9175518Z   inflating: classes_out/com/oculus/atc/linkmanager/LeaveAccessPointSpec$serialize$1.class  
Build & Test Android Companion	Inspect Wearables Class	2026-07-16T08:05:30.9176128Z   inflating: classes_out/com/oculus/atc/linkmanager/LeaveAccessPointSpec.class  
Build & Test Android Companion	Inspect Wearables Class	2026-07-16T08:05:30.9176677Z   inflating: classes_out/com/oculus/atc/linkmanager/MessageType$Companion.class  
Build & Test Android Companion	Inspect Wearables Class	2026-07-16T08:05:30.9177232Z   inflating: classes_out/com/oculus/atc/linkmanager/MessageType.class  
Build & Test Android Companion	Inspect Wearables Class	2026-07-16T08:05:30.9177846Z   inflating: classes_out/com/oculus/atc/linkmanager/NanPinReqSpec$deserialize$1.class  
Build & Test Android Companion	Inspect Wearables Class	2026-07-16T08:05:30.9178444Z   inflating: classes_out/com/oculus/atc/linkmanager/NanPinReqSpec$serialize$1.class  
Build & Test Android Companion	Inspect Wearables Class	2026-07-16T08:05:30.9178986Z   inflating: classes_out/com/oculus/atc/linkmanager/NanPinReqSpec.class  
Build & Test Android Companion	Inspect Wearables Class	2026-07-16T08:05:30.9179593Z   inflating: classes_out/com/oculus/atc/linkmanager/NanPublishReqSpec$deserialize$1.class  
Build & Test Android Companion	Inspect Wearables Class	2026-07-16T08:05:30.9180247Z   inflating: classes_out/com/oculus/atc/linkmanager/NanPublishReqSpec$serialize$1.class  
Build & Test Android Companion	Inspect Wearables Class	2026-07-16T08:05:30.9181015Z   inflating: classes_out/com/oculus/atc/linkmanager/NanPublishReqSpec.class  
Build & Test Android Companion	Inspect Wearables Class	2026-07-16T08:05:30.9181634Z   inflating: classes_out/com/oculus/atc/linkmanager/NanStopSpec$deserialize$1.class  
Build & Test Android Companion	Inspect Wearables Class	2026-07-16T08:05:30.9182242Z   inflating: classes_out/com/oculus/atc/linkmanager/NanStopSpec$serialize$1.class  
Build & Test Android Companion	Inspect Wearables Class	2026-07-16T08:05:30.9182775Z   inflating: classes_out/com/oculus/atc/linkmanager/NanStopSpec.class  
Build & Test Android Companion	Inspect Wearables Class	2026-07-16T08:05:30.9183776Z   inflating: classes_out/com/oculus/atc/linkmanager/PublishWifiAwareNetworkSpec$deserialize$1.class  
Build & Test Android Companion	Inspect Wearables Class	2026-07-16T08:05:30.9184478Z   inflating: classes_out/com/oculus/atc/linkmanager/PublishWifiAwareNetworkSpec$serialize$1.class  
Build & Test Android Companion	Inspect Wearables Class	2026-07-16T08:05:30.9185130Z   inflating: classes_out/com/oculus/atc/linkmanager/PublishWifiAwareNetworkSpec.class  
Build & Test Android Companion	Inspect Wearables Class	2026-07-16T08:05:30.9185801Z   inflating: classes_out/com/oculus/atc/linkmanager/SetWifiPropertiesSpec$deserialize$1.class  
Build & Test Android Companion	Inspect Wearables Class	2026-07-16T08:05:30.9186467Z   inflating: classes_out/com/oculus/atc/linkmanager/SetWifiPropertiesSpec$serialize$1.class  
Build & Test Android Companion	Inspect Wearables Class	2026-07-16T08:05:30.9187191Z   inflating: classes_out/com/oculus/atc/linkmanager/SetWifiPropertiesSpec.class  
Build & Test Android Companion	Inspect Wearables Class	2026-07-16T08:05:30.9187920Z   inflating: classes_out/com/oculus/atc/linkmanager/WifiAwareRequestPinSpec$deserialize$1.class  
Build & Test Android Companion	Inspect Wearables Class	2026-07-16T08:05:30.9188626Z   inflating: classes_out/com/oculus/atc/linkmanager/WifiAwareRequestPinSpec$serialize$1.class  
Build & Test Android Companion	Inspect Wearables Class	2026-07-16T08:05:30.9189272Z   inflating: classes_out/com/oculus/atc/linkmanager/WifiAwareRequestPinSpec.class  
Build & Test Android Companion	Inspect Wearables Class	2026-07-16T08:05:30.9189667Z   inflating: classes_out/org/a/a/a$a.class  
Build & Test Android Companion	Inspect Wearables Class	2026-07-16T08:05:30.9190041Z   inflating: classes_out/org/a/a/a.class  
Build & Test Android Companion	Inspect Wearables Class	2026-07-16T08:05:30.9190410Z   inflating: classes_out/org/a/a/b$a.class  
Build & Test Android Companion	Inspect Wearables Class	2026-07-16T08:05:30.9190761Z   inflating: classes_out/org/a/a/b.class  
Build & Test Android Companion	Inspect Wearables Class	2026-07-16T08:05:30.9191103Z   inflating: classes_out/org/a/a/c$a.class  
Build & Test Android Companion	Inspect Wearables Class	2026-07-16T08:05:30.9191431Z   inflating: classes_out/org/a/a/c.class  
Build & Test Android Companion	Inspect Wearables Class	2026-07-16T08:05:30.9191759Z   inflating: classes_out/org/a/a/d$a.class  
Build & Test Android Companion	Inspect Wearables Class	2026-07-16T08:05:30.9192099Z   inflating: classes_out/org/a/a/d.class  
Build & Test Android Companion	Inspect Wearables Class	2026-07-16T08:05:30.9192651Z   inflating: classes_out/xplat/storageconfigs/android_crudo_light_shared_prefs.json  
Build & Test Android Companion	Inspect Wearables Class	2026-07-16T08:05:31.2574685Z public final class com.meta.wearable.dat.core.Wearables {
Build & Test Android Companion	Inspect Wearables Class	2026-07-16T08:05:31.2575571Z   public static final com.meta.wearable.dat.core.Wearables INSTANCE;
Build & Test Android Companion	Inspect Wearables Class	2026-07-16T08:05:31.2576304Z   private static final java.lang.String TAG;
Build & Test Android Companion	Inspect Wearables Class	2026-07-16T08:05:31.2580828Z   private static volatile com.meta.wearable.dat.core.internal.WearablesImpl instance;
Build & Test Android Companion	Inspect Wearables Class	2026-07-16T08:05:31.2605522Z   private static final java.lang.Object lock;
Build & Test Android Companion	Inspect Wearables Class	2026-07-16T08:05:31.2606428Z   private com.meta.wearable.dat.core.Wearables();
Build & Test Android Companion	Inspect Wearables Class	2026-07-16T08:05:31.2611884Z   public final java.lang.Object initialize-QAxQwbw(android.content.Context);
Build & Test Android Companion	Inspect Wearables Class	2026-07-16T08:05:31.2614134Z   public final java.lang.Object initializeWithOptions-DIlfXx4$fbandroid_java_com_meta_wearable_dat_core_core(android.content.Context, com.meta.wearable.dat.core.StartupOptions);
Build & Test Android Companion	Inspect Wearables Class	2026-07-16T08:05:31.2616968Z   public final java.lang.Object initialize-DIlfXx4$fbandroid_java_com_meta_wearable_dat_core_core(android.content.Context, com.meta.wearable.dat.core.internal.registration.RegistrationManager);
Build & Test Android Companion	Inspect Wearables Class	2026-07-16T08:05:31.2618778Z   public final void reset();
Build & Test Android Companion	Inspect Wearables Class	2026-07-16T08:05:31.2620036Z   public final com.meta.wearable.dat.core.internal.WearablesImpl getInstance$fbandroid_java_com_meta_wearable_dat_core_core();
Build & Test Android Companion	Inspect Wearables Class	2026-07-16T08:05:31.2621330Z   public final boolean isDevMode();
Build & Test Android Companion	Inspect Wearables Class	2026-07-16T08:05:31.2622720Z   public final kotlinx.coroutines.flow.StateFlow<com.meta.wearable.dat.core.types.RegistrationState> getRegistrationState();
Build & Test Android Companion	Inspect Wearables Class	2026-07-16T08:05:31.2624869Z   public final kotlinx.coroutines.flow.Flow<com.meta.wearable.dat.core.types.RegistrationError> getRegistrationErrorStream();
Build & Test Android Companion	Inspect Wearables Class	2026-07-16T08:05:31.2626771Z   public final kotlinx.coroutines.flow.StateFlow<java.util.Set<com.meta.wearable.dat.core.types.DeviceIdentifier>> getDevices();
Build & Test Android Companion	Inspect Wearables Class	2026-07-16T08:05:31.2629359Z   public final java.util.Map<com.meta.wearable.dat.core.types.DeviceIdentifier, kotlinx.coroutines.flow.StateFlow<com.meta.wearable.dat.core.types.Device>> getDevicesMetadata();
Build & Test Android Companion	Inspect Wearables Class	2026-07-16T08:05:31.2631603Z   public final java.lang.Object createSession-QAxQwbw(com.meta.wearable.dat.core.selectors.DeviceSelector);
Build & Test Android Companion	Inspect Wearables Class	2026-07-16T08:05:31.2633268Z   public final void setUsesDamOverride$fbandroid_java_com_meta_wearable_dat_core_core(boolean);
Build & Test Android Companion	Inspect Wearables Class	2026-07-16T08:05:31.2634848Z   public final void startRegistration(android.app.Activity);
Build & Test Android Companion	Inspect Wearables Class	2026-07-16T08:05:31.2635920Z   public final void startUnregistration(android.app.Activity);
Build & Test Android Companion	Inspect Wearables Class	2026-07-16T08:05:31.2658292Z   public final java.lang.Object openFirmwareUpdate-QAxQwbw(android.app.Activity);
Build & Test Android Companion	Inspect Wearables Class	2026-07-16T08:05:31.2665412Z   public final java.lang.Object openDATGlassesAppUpdate-QAxQwbw(android.app.Activity);
Build & Test Android Companion	Inspect Wearables Class	2026-07-16T08:05:31.2668289Z   public final java.lang.Object checkPermissionStatus-DIlfXx4(com.meta.wearable.dat.core.types.Permission, kotlin.coroutines.Continuation<? super com.meta.wearable.dat.core.types.DatResult<com.meta.wearable.dat.core.types.PermissionStatus, com.meta.wearable.dat.core.types.PermissionError>>);
Build & Test Android Companion	Inspect Wearables Class	2026-07-16T08:05:31.2671799Z   public final com.meta.wearable.dat.core.internal.device.DeviceManager getDeviceManager$fbandroid_java_com_meta_wearable_dat_core_core();
Build & Test Android Companion	Inspect Wearables Class	2026-07-16T08:05:31.2674120Z   public final void setDeviceManager$fbandroid_java_com_meta_wearable_dat_core_core(com.meta.wearable.dat.core.internal.device.DeviceManager);
Build & Test Android Companion	Inspect Wearables Class	2026-07-16T08:05:31.2675943Z   private final android.net.Uri buildDatDeepLink(java.lang.String, java.lang.String, java.lang.Boolean);
Build & Test Android Companion	Inspect Wearables Class	2026-07-16T08:05:31.2677864Z   static android.net.Uri buildDatDeepLink$default(com.meta.wearable.dat.core.Wearables, java.lang.String, java.lang.String, java.lang.Boolean, int, java.lang.Object);
Build & Test Android Companion	Inspect Wearables Class	2026-07-16T08:05:31.2679866Z   public final android.net.Uri buildDatAppUpdateDeepLink$fbandroid_java_com_meta_wearable_dat_core_core(java.lang.String);
Build & Test Android Companion	Inspect Wearables Class	2026-07-16T08:05:31.2681517Z   private final java.lang.Object openCompanionDestination-DIlfXx4(android.app.Activity, android.net.Uri);
Build & Test Android Companion	Inspect Wearables Class	2026-07-16T08:05:31.2683972Z   public final kotlinx.coroutines.flow.StateFlow<com.meta.wearable.dat.core.types.DeviceState> getDeviceState(com.meta.wearable.dat.core.types.DeviceIdentifier);
Build & Test Android Companion	Inspect Wearables Class	2026-07-16T08:05:31.2686405Z   public final com.meta.wearable.dat.core.internal.health.DeviceHealthManager getHealthManager$fbandroid_java_com_meta_wearable_dat_core_core();
Build & Test Android Companion	Inspect Wearables Class	2026-07-16T08:05:31.2690051Z   public final void setHealthManager$fbandroid_java_com_meta_wearable_dat_core_core(com.meta.wearable.dat.core.internal.health.DeviceHealthManager);
Build & Test Android Companion	Inspect Wearables Class	2026-07-16T08:05:31.2692316Z   public final com.meta.wearable.dat.core.internal.session.SessionManager getSessionManager$fbandroid_java_com_meta_wearable_dat_core_core();
Build & Test Android Companion	Inspect Wearables Class	2026-07-16T08:05:31.2694846Z   public final void setSessionManager$fbandroid_java_com_meta_wearable_dat_core_core(com.meta.wearable.dat.core.internal.session.SessionManager);
Build & Test Android Companion	Inspect Wearables Class	2026-07-16T08:05:31.2696990Z   public final android.content.Context getContext$fbandroid_java_com_meta_wearable_dat_core_core();
Build & Test Android Companion	Inspect Wearables Class	2026-07-16T08:05:31.2698988Z   public final java.lang.Object getAirshipProvider$fbandroid_java_com_meta_wearable_dat_core_core();
Build & Test Android Companion	Inspect Wearables Class	2026-07-16T08:05:31.2699995Z   static {};
Build & Test Android Companion	Inspect Wearables Class	2026-07-16T08:05:31.2700312Z }
Build & Test Android Companion	Inspect Wearables Class	2026-07-16T08:05:31.5515004Z Error: class not found: classes_out/com/meta/wearable/dat/core/WearablesKt.class
Build & Test Android Companion	Inspect Wearables Class	2026-07-16T08:05:31.7952831Z Error: class not found: classes_out/com/meta/wearable/dat/core/session/SessionKt.class
Build & Test Android Companion	Inspect Classes Before Build	﻿2026-07-16T08:05:31.8155048Z ##[group]Run javap -p classes_out/com/meta/wearable/dat/core/Wearables.class || true
Build & Test Android Companion	Inspect Classes Before Build	2026-07-16T08:05:31.8155691Z ^[[36;1mjavap -p classes_out/com/meta/wearable/dat/core/Wearables.class || true^[[0m
Build & Test Android Companion	Inspect Classes Before Build	2026-07-16T08:05:31.8156250Z ^[[36;1mjavap -p classes_out/com/meta/wearable/dat/core/types/DatResult.class || true^[[0m
Build & Test Android Companion	Inspect Classes Before Build	2026-07-16T08:05:31.8156848Z ^[[36;1mjavap -p classes_out/com/meta/wearable/dat/core/session/DeviceSession.class || true^[[0m
Build & Test Android Companion	Inspect Classes Before Build	2026-07-16T08:05:31.8157414Z ^[[36;1mjavap -p classes_out/com/meta/wearable/dat/camera/Stream.class || true^[[0m
Build & Test Android Companion	Inspect Classes Before Build	2026-07-16T08:05:31.8157950Z ^[[36;1mjavap -p classes_out/com/meta/wearable/dat/camera/StreamKt.class || true^[[0m
Build & Test Android Companion	Inspect Classes Before Build	2026-07-16T08:05:31.8190226Z shell: /usr/bin/bash -e {0}
